Workbook

Sheet 09 12+21+22 (TOTAL)
J1: Forma FD-048BL Aprobat prin ordinul Ministrului al Finanțelor al Republicii Moldova nr. _______ al _________
A2: ORG2 | B2: F1F3 | C2: P1P2 | D2: P3
A3: TOTAL | B3: 09 | C3: 88 | D3: TOTAL
A4: REȚEA, STATE ȘI CONTINGENTE ALE INSTITUȚIILOR
A5: ÎN PERIOADA 12 LUNI. 2025
A6: Denumirea indicatorului | E6: CF | F6: CR | G6: Aprobat la începutul anului | H6: Aprobat la sfârșitul anului | I6: Numărul mediu prevazut pe an | J6: Numărul mediu realizat la mm.dd.20__ | K6: Real încadrat la începutul anului | L6: Real încadrat la sfârsitul perioadei
A8: RAPORT nr. 3-8 privind învățămîntul primar, gimnazial și liceal | F8: 8
A9: Instituții în total, inclusiv | E9: 1 | F9: 46030 | G9: ='0912 (TOTAL)'!G9+'0921 (TOTAL)'!G9+'0922 (TOTAL)'!G9 -> 21 | H9: ='0912 (TOTAL)'!H9+'0921 (TOTAL)'!H9+'0922 (TOTAL)'!H9 -> 21 | I9: x | J9: x | K9: =H9 -> 21 | L9: ='0912 (TOTAL)'!L9+'0921 (TOTAL)'!L9+'0922 (TOTAL)'!L9 -> 21
A10: filiale | E10: 10 | F10: 46061 | G10: ='0912 (TOTAL)'!G10+'0921 (TOTAL)'!G10+'0922 (TOTAL)'!G10 -> 0 | H10: ='0912 (TOTAL)'!H10+'0921 (TOTAL)'!H10+'0922 (TOTAL)'!H10 -> 0 | I10: x | J10: x | K10: =G10 -> 0 | L10: ='0912 (TOTAL)'!L10+'0921 (TOTAL)'!L10+'0922 (TOTAL)'!L10 -> 0
A11: Unități în state (posturi) în total, inclusiv | E11: 101 | F11: 46089 | G11: =G12+G16+G19 -> 278.4 | H11: =H12+H16+H19 -> 324.63 | I11: =I12+I16+I19 -> 322.63 | J11: =J12+J16+J19 -> 0 | K11: =K12+K16+K19 -> 278.4 | L11: =L12+L16+L19 -> 0
A12: funcții didactice, inclusiv | E12: 102 | F12: 46120 | G12: =SUM(G13:G14) -> 187.65 | H12: =SUM(H13:H14) -> 204.43 | I12: =SUM(I13:I14) -> 204.43 | J12: =SUM(J13:J14) -> 0 | K12: =SUM(K13:K14) -> 187.65 | L12: =SUM(L13:L14) -> 0
A13: de conducere | E13: 126 | F13: 46150 | G13: ='0912 (TOTAL)'!G13+'0921 (TOTAL)'!G13+'0922 (TOTAL)'!G13 -> 17.25 | H13: ='0912 (TOTAL)'!H13+'0921 (TOTAL)'!H13+'0922 (TOTAL)'!H13 -> 20.5 | I13: ='0912 (TOTAL)'!I13+'0921 (TOTAL)'!I13+'0922 (TOTAL)'!I13 -> 20.5 | J13: ='0912 (TOTAL)'!J13+'0921 (TOTAL)'!J13+'0922 (TOTAL)'!J13 -> 0 | K13: =G13 -> 17.25 | L13: ='0912 (TOTAL)'!L13+'0921 (TOTAL)'!L13+'0922 (TOTAL)'!L13 -> 0
A14: de execuție din care | E14: 145 | F14: 46181 | G14: ='0912 (TOTAL)'!G14+'0921 (TOTAL)'!G14+'0922 (TOTAL)'!G14 -> 170.4 | H14: ='0912 (TOTAL)'!H14+'0921 (TOTAL)'!H14+'0922 (TOTAL)'!H14 -> 183.93 | I14: ='0912 (TOTAL)'!I14+'0921 (TOTAL)'!I14+'0922 (TOTAL)'!I14 -> 183.93 | J14: ='0912 (TOTAL)'!J14+'0921 (TOTAL)'!J14+'0922 (TOTAL)'!J14 -> 0 | K14: =G14 -> 170.4 | L14: ='0912 (TOTAL)'!L14+'0921 (TOTAL)'!L14+'0922 (TOTAL)'!L14 -> 0
A15: cadre didactice de sprijin | E15: 146 | F15: 46211 | G15: ='0912 (TOTAL)'!G15+'0921 (TOTAL)'!G15+'0922 (TOTAL)'!G15 -> 20.09 | H15: ='0912 (TOTAL)'!H15+'0921 (TOTAL)'!H15+'0922 (TOTAL)'!H15 -> 27.2 | I15: ='0912 (TOTAL)'!I15+'0921 (TOTAL)'!I15+'0922 (TOTAL)'!I15 -> 27.2 | J15: ='0912 (TOTAL)'!J15+'0921 (TOTAL)'!J15+'0922 (TOTAL)'!J15 -> 0 | K15: =G15 -> 20.09 | L15: ='0912 (TOTAL)'!L15+'0921 (TOTAL)'!L15+'0922 (TOTAL)'!L15 -> 0
A16: funcții de specialitate, inclusiv | E16: 103 | F16: 46242 | G16: =SUM(G17:G18) -> 19.5 | H16: =SUM(H17:H18) -> 24.25 | I16: =SUM(I17:I18) -> 24.25 | J16: =SUM(J17:J18) -> 0 | K16: =SUM(K17:K18) -> 19.5 | L16: =SUM(L17:L18) -> 0
A17: de conducere | E17: 126 | F17: 46273 | G17: ='0912 (TOTAL)'!G17+'0921 (TOTAL)'!G17+'0922 (TOTAL)'!G17 -> 3 | H17: ='0912 (TOTAL)'!H17+'0921 (TOTAL)'!H17+'0922 (TOTAL)'!H17 -> 2.5 | I17: ='0912 (TOTAL)'!I17+'0921 (TOTAL)'!I17+'0922 (TOTAL)'!I17 -> 2.5 | J17: ='0912 (TOTAL)'!J17+'0921 (TOTAL)'!J17+'0922 (TOTAL)'!J17 -> 0 | K17: =G17 -> 3 | L17: ='0912 (TOTAL)'!L17+'0921 (TOTAL)'!L17+'0922 (TOTAL)'!L17 -> 0
A18: de execuție | E18: 145 | F18: 46303 | G18: ='0912 (TOTAL)'!G18+'0921 (TOTAL)'!G18+'0922 (TOTAL)'!G18 -> 16.5 | H18: ='0912 (TOTAL)'!H18+'0921 (TOTAL)'!H18+'0922 (TOTAL)'!H18 -> 21.75 | I18: ='0912 (TOTAL)'!I18+'0921 (TOTAL)'!I18+'0922 (TOTAL)'!I18 -> 21.75 | J18: ='0912 (TOTAL)'!J18+'0921 (TOTAL)'!J18+'0922 (TOTAL)'!J18 -> 0 | K18: =G18 -> 16.5 | L18: ='0912 (TOTAL)'!L18+'0921 (TOTAL)'!L18+'0922 (TOTAL)'!L18 -> 0
A19: funcții complexe, inclusiv | E19: 104 | F19: 46334 | G19: =SUM(G20:G22) -> 71.25 | H19: =SUM(H20:H22) -> 95.95 | I19: =SUM(I20:I22) -> 93.95 | J19: =SUM(J20:J22) -> 0 | K19: =SUM(K20:K22) -> 71.25 | L19: =SUM(L20:L22) -> 0
A20: de conducere | E20: 126 | F20: 46364 | G20: ='0912 (TOTAL)'!G20+'0921 (TOTAL)'!G20+'0922 (TOTAL)'!G20 -> 0 | H20: ='0912 (TOTAL)'!H20+'0921 (TOTAL)'!H20+'0922 (TOTAL)'!H20 -> 0 | I20: ='0912 (TOTAL)'!I20+'0921 (TOTAL)'!I20+'0922 (TOTAL)'!I20 -> 0 | J20: ='0912 (TOTAL)'!J20+'0921 (TOTAL)'!J20+'0922 (TOTAL)'!J20 -> 0 | K20: =G20 -> 0 | L20: ='0912 (TOTAL)'!L20+'0921 (TOTAL)'!L20+'0922 (TOTAL)'!L20 -> 0
A21: de execuție | E21: 145 | F21: 8.13 | G21: ='0912 (TOTAL)'!G21+'0921 (TOTAL)'!G21+'0922 (TOTAL)'!G21 -> 1 | H21: ='0912 (TOTAL)'!H21+'0921 (TOTAL)'!H21+'0922 (TOTAL)'!H21 -> 3 | I21: ='0912 (TOTAL)'!I21+'0921 (TOTAL)'!I21+'0922 (TOTAL)'!I21 -> 3 | J21: ='0912 (TOTAL)'!J21+'0921 (TOTAL)'!J21+'0922 (TOTAL)'!J21 -> 0 | K21: =G21 -> 1 | L21: ='0912 (TOTAL)'!L21+'0921 (TOTAL)'!L21+'0922 (TOTAL)'!L21 -> 0
A22: muncitori | E22: 177 | F22: 8.14 | G22: ='0912 (TOTAL)'!G22+'0921 (TOTAL)'!G22+'0922 (TOTAL)'!G22 -> 70.25 | H22: ='0912 (TOTAL)'!H22+'0921 (TOTAL)'!H22+'0922 (TOTAL)'!H22 -> 92.95 | I22: ='0912 (TOTAL)'!I22+'0921 (TOTAL)'!I22+'0922 (TOTAL)'!I22 -> 90.95 | J22: ='0912 (TOTAL)'!J22+'0921 (TOTAL)'!J22+'0922 (TOTAL)'!J22 -> 0 | K22: =G22 -> 70.25 | L22: ='0912 (TOTAL)'!L22+'0921 (TOTAL)'!L22+'0922 (TOTAL)'!L22 -> 0
A23: Personal angajat în total, inclusiv | E23: 100 | F23: 8.15 | G23: =G24+G28+G31 -> 280 | H23: =H24+H28+H31 -> 284 | I23: x | J23: =J24+J28+J31 -> 0 | K23: =K24+K28+K31 -> 280 | L23: =L24+L28+L31 -> 0
A24: funcții didactice, inclusiv | E24: 105 | F24: 8.16 | G24: =SUM(G25:G26) -> 185 | H24: =SUM(H25:H26) -> 190 | I24: x | J24: =SUM(J25:J26) -> 0 | K24: =SUM(K25:K26) -> 185 | L24: =SUM(L25:L26) -> 0
A25: de conducere | E25: 120 | F25: 8.17 | G25: ='0912 (TOTAL)'!G25+'0921 (TOTAL)'!G25+'0922 (TOTAL)'!G25 -> 22 | H25: ='0912 (TOTAL)'!H25+'0921 (TOTAL)'!H25+'0922 (TOTAL)'!H25 -> 22 | I25: x | J25: ='0912 (TOTAL)'!J25+'0921 (TOTAL)'!J25+'0922 (TOTAL)'!J25 -> 0 | K25: =G25 -> 22 | L25: ='0912 (TOTAL)'!L25+'0921 (TOTAL)'!L25+'0922 (TOTAL)'!L25 -> 0
A26: de execuție, din care | E26: 140 | F26: 8.18 | G26: ='0912 (TOTAL)'!G26+'0921 (TOTAL)'!G26+'0922 (TOTAL)'!G26 -> 163 | H26: ='0912 (TOTAL)'!H26+'0921 (TOTAL)'!H26+'0922 (TOTAL)'!H26 -> 168 | I26: x | J26: ='0912 (TOTAL)'!J26+'0921 (TOTAL)'!J26+'0922 (TOTAL)'!J26 -> 0 | K26: =G26 -> 163 | L26: ='0912 (TOTAL)'!L26+'0921 (TOTAL)'!L26+'0922 (TOTAL)'!L26 -> 0
A27: cadre didactice de sprijin | E27: 147 | F27: 8.19 | G27: ='0912 (TOTAL)'!G27+'0921 (TOTAL)'!G27+'0922 (TOTAL)'!G27 -> 19 | H27: ='0912 (TOTAL)'!H27+'0921 (TOTAL)'!H27+'0922 (TOTAL)'!H27 -> 21 | I27: x | J27: ='0912 (TOTAL)'!J27+'0921 (TOTAL)'!J27+'0922 (TOTAL)'!J27 -> 0 | K27: =G27 -> 19 | L27: ='0912 (TOTAL)'!L27+'0921 (TOTAL)'!L27+'0922 (TOTAL)'!L27 -> 0
A28: funcții de specialitate, inclusiv | E28: 106 | F28: 8.20 | G28: =SUM(G29:G30) -> 21 | H28: =SUM(H29:H30) -> 20 | I28: x | J28: =SUM(J29:J30) -> 0 | K28: =SUM(K29:K30) -> 21 | L28: =SUM(L29:L30) -> 0
A29: de conducere | E29: 120 | F29: 8.21 | G29: ='0912 (TOTAL)'!G29+'0921 (TOTAL)'!G29+'0922 (TOTAL)'!G29 -> 3 | H29: ='0912 (TOTAL)'!H29+'0921 (TOTAL)'!H29+'0922 (TOTAL)'!H29 -> 3 | I29: x | J29: ='0912 (TOTAL)'!J29+'0921 (TOTAL)'!J29+'0922 (TOTAL)'!J29 -> 0 | K29: =G29 -> 3 | L29: ='0912 (TOTAL)'!L29+'0921 (TOTAL)'!L29+'0922 (TOTAL)'!L29 -> 0
A30: de execuție | E30: 140 | F30: 8.22 | G30: ='0912 (TOTAL)'!G30+'0921 (TOTAL)'!G30+'0922 (TOTAL)'!G30 -> 18 | H30: ='0912 (TOTAL)'!H30+'0921 (TOTAL)'!H30+'0922 (TOTAL)'!H30 -> 17 | I30: x | J30: ='0912 (TOTAL)'!J30+'0921 (TOTAL)'!J30+'0922 (TOTAL)'!J30 -> 0 | K30: =G30 -> 18 | L30: ='0912 (TOTAL)'!L30+'0921 (TOTAL)'!L30+'0922 (TOTAL)'!L30 -> 0
A31: funcții complexe, inclusiv | E31: 107 | F31: 8.23 | G31: =SUM(G32:G34) -> 74 | H31: =SUM(H32:H34) -> 74 | I31: x | J31: =SUM(J32:J34) -> 0 | K31: =SUM(K32:K34) -> 74 | L31: =SUM(L32:L34) -> 0
A32: de conducere | E32: 120 | F32: 8.24 | G32: ='0912 (TOTAL)'!G32+'0921 (TOTAL)'!G32+'0922 (TOTAL)'!G32 -> 0 | H32: ='0912 (TOTAL)'!H32+'0921 (TOTAL)'!H32+'0922 (TOTAL)'!H32 -> 0 | I32: x | J32: ='0912 (TOTAL)'!J32+'0921 (TOTAL)'!J32+'0922 (TOTAL)'!J32 -> 0 | K32: =G32 -> 0 | L32: ='0912 (TOTAL)'!L32+'0921 (TOTAL)'!L32+'0922 (TOTAL)'!L32 -> 0
A33: de execuție | E33: 140 | F33: 8.25 | G33: ='0912 (TOTAL)'!G33+'0921 (TOTAL)'!G33+'0922 (TOTAL)'!G33 -> 0 | H33: ='0912 (TOTAL)'!H33+'0921 (TOTAL)'!H33+'0922 (TOTAL)'!H33 -> 1 | I33: x | J33: ='0912 (TOTAL)'!J33+'0921 (TOTAL)'!J33+'0922 (TOTAL)'!J33 -> 0 | K33: =G33 -> 0 | L33: ='0912 (TOTAL)'!L33+'0921 (TOTAL)'!L33+'0922 (TOTAL)'!L33 -> 0
A34: muncitori | E34: 175 | F34: 8.26 | G34: ='0912 (TOTAL)'!G34+'0921 (TOTAL)'!G34+'0922 (TOTAL)'!G34 -> 74 | H34: ='0912 (TOTAL)'!H34+'0921 (TOTAL)'!H34+'0922 (TOTAL)'!H34 -> 73 | I34: x | J34: ='0912 (TOTAL)'!J34+'0921 (TOTAL)'!J34+'0922 (TOTAL)'!J34 -> 0 | K34: =G34 -> 74 | L34: ='0912 (TOTAL)'!L34+'0921 (TOTAL)'!L34+'0922 (TOTAL)'!L34 -> 0
A35: Numărul personalului didactic beneficiar de compensații anuale, inclusiv | E35: 108 | F35: 8.27 | G35: =SUM(G36:G37) -> 256 | H35: =SUM(H36:H37) -> 272 | I35: x | J35: x | K35: =SUM(K36:K37) -> 256 | L35: =SUM(L36:L37) -> 118
A36: cu funcție de conducere | E36: 120 | F36: 8.28 | G36: ='0912 (TOTAL)'!G36+'0921 (TOTAL)'!G36+'0922 (TOTAL)'!G36 -> 32 | H36: ='0912 (TOTAL)'!H36+'0921 (TOTAL)'!H36+'0922 (TOTAL)'!H36 -> 32 | I36: x | J36: x | K36: =G36 -> 32 | L36: ='0912 (TOTAL)'!L36+'0921 (TOTAL)'!L36+'0922 (TOTAL)'!L36 -> 15
A37: cu funcție de execuție | E37: 140 | F37: 8.29 | G37: ='0912 (TOTAL)'!G37+'0921 (TOTAL)'!G37+'0922 (TOTAL)'!G37 -> 224 | H37: ='0912 (TOTAL)'!H37+'0921 (TOTAL)'!H37+'0922 (TOTAL)'!H37 -> 240 | I37: x | J37: x | K37: =G37 -> 224 | L37: ='0912 (TOTAL)'!L37+'0921 (TOTAL)'!L37+'0922 (TOTAL)'!L37 -> 103
A38: Retibuirea muncii în total, inclusiv | E38: 500 | F38: 8.30 | G38: x | H38: x | I38: =I39+I43+I46 -> 31027500 | J38: =J39+J43+J46 -> 0 | K38: x | L38: x
A39: funcții didactice, inclusiv | E39: 501 | F39: 8.31 | G39: x | H39: x | I39: =SUM(I40:I41) -> 23769300 | J39: =SUM(J40:J41) -> 0 | K39: x | L39: x
A40: de conducere | E40: 510 | F40: 8.32 | G40: x | H40: x | I40: ='0912 (TOTAL)'!I40+'0921 (TOTAL)'!I40+'0922 (TOTAL)'!I40 -> 3550000 | J40: ='0912 (TOTAL)'!J40+'0921 (TOTAL)'!J40+'0922 (TOTAL)'!J40 -> 0 | K40: x | L40: x
A41: de execuție, din care | E41: 540 | F41: 8.33 | G41: x | H41: x | I41: ='0912 (TOTAL)'!I41+'0921 (TOTAL)'!I41+'0922 (TOTAL)'!I41 -> 20219300 | J41: ='0912 (TOTAL)'!J41+'0921 (TOTAL)'!J41+'0922 (TOTAL)'!J41 -> 0 | K41: x | L41: x
A42: cadre didactice de sprijin | E42: 148 | F42: 8.34 | G42: x | H42: x | I42: ='0912 (TOTAL)'!I42+'0921 (TOTAL)'!I42+'0922 (TOTAL)'!I42 -> 0 | J42: ='0912 (TOTAL)'!J42+'0921 (TOTAL)'!J42+'0922 (TOTAL)'!J42 -> 0 | K42: x | L42: x
A43: funcții de specialitate, inclusiv | E43: 502 | F43: 8.35 | G43: x | H43: x | I43: =SUM(I44:I45) -> 1911700 | J43: =SUM(J44:J45) -> 0 | K43: x | L43: x
A44: de conducere | E44: 510 | F44: 8.36 | G44: x | H44: x | I44: ='0912 (TOTAL)'!I44+'0921 (TOTAL)'!I44+'0922 (TOTAL)'!I44 -> 263100 | J44: ='0912 (TOTAL)'!J44+'0921 (TOTAL)'!J44+'0922 (TOTAL)'!J44 -> 0 | K44: x | L44: x
A45: de execuție | E45: 540 | F45: 8.37 | G45: x | H45: x | I45: ='0912 (TOTAL)'!I45+'0921 (TOTAL)'!I45+'0922 (TOTAL)'!I45 -> 1648600 | J45: ='0912 (TOTAL)'!J45+'0921 (TOTAL)'!J45+'0922 (TOTAL)'!J45 -> 0 | K45: x | L45: x
A46: funcții complexe, inclusiv | E46: 503 | F46: 8.38 | G46: x | H46: x | I46: =SUM(I47:I49) -> 5346500 | J46: =SUM(J47:J49) -> 0 | K46: x | L46: x
A47: de conducere | E47: 510 | F47: 8.39 | G47: x | H47: x | I47: ='0912 (TOTAL)'!I47+'0921 (TOTAL)'!I47+'0922 (TOTAL)'!I47 -> 0 | J47: ='0912 (TOTAL)'!J47+'0921 (TOTAL)'!J47+'0922 (TOTAL)'!J47 -> 0 | K47: x | L47: x
A48: de execuție | E48: 540 | F48: 8.40 | G48: x | H48: x | I48: ='0912 (TOTAL)'!I48+'0921 (TOTAL)'!I48+'0922 (TOTAL)'!I48 -> 182800 | J48: ='0912 (TOTAL)'!J48+'0921 (TOTAL)'!J48+'0922 (TOTAL)'!J48 -> 0 | K48: x | L48: x
A49: muncitori | E49: 555 | F49: 8.41 | G49: x | H49: x | I49: ='0912 (TOTAL)'!I49+'0921 (TOTAL)'!I49+'0922 (TOTAL)'!I49 -> 5163700 | J49: ='0912 (TOTAL)'!J49+'0921 (TOTAL)'!J49+'0922 (TOTAL)'!J49 -> 0 | K49: x | L49: x
A50: Clase în total, inclusiv: | E50: 1100 | F50: 8.42 | G50: =SUM(G51:G53) -> 89 | H50: =SUM(H51:H53) -> 89 | I50: =SUM(I51:I53) -> 89 | J50: =SUM(J51:J53) -> 0 | K50: =SUM(K51:K53) -> 89 | L50: =SUM(L51:L53) -> 0
A51: clasele 1-4 | E51: 1101 | F51: 8.43 | G51: ='0912 (TOTAL)'!G51+'0921 (TOTAL)'!G51+'0922 (TOTAL)'!G51 -> 39 | H51: ='0912 (TOTAL)'!H51+'0921 (TOTAL)'!H51+'0922 (TOTAL)'!H51 -> 39 | I51: ='0912 (TOTAL)'!I51+'0921 (TOTAL)'!I51+'0922 (TOTAL)'!I51 -> 39 | J51: ='0912 (TOTAL)'!J51+'0921 (TOTAL)'!J51+'0922 (TOTAL)'!J51 -> 0 | K51: =G51 -> 39 | L51: ='0912 (TOTAL)'!L51+'0921 (TOTAL)'!L51+'0922 (TOTAL)'!L51 -> 0
A52: clasele 5-9 | E52: 1102 | F52: 8.44 | G52: ='0912 (TOTAL)'!G52+'0921 (TOTAL)'!G52+'0922 (TOTAL)'!G52 -> 50 | H52: ='0912 (TOTAL)'!H52+'0921 (TOTAL)'!H52+'0922 (TOTAL)'!H52 -> 50 | I52: ='0912 (TOTAL)'!I52+'0921 (TOTAL)'!I52+'0922 (TOTAL)'!I52 -> 50 | J52: ='0912 (TOTAL)'!J52+'0921 (TOTAL)'!J52+'0922 (TOTAL)'!J52 -> 0 | K52: =G52 -> 50 | L52: ='0912 (TOTAL)'!L52+'0921 (TOTAL)'!L52+'0922 (TOTAL)'!L52 -> 0
A53: clasele 10-12 | E53: 1103 | F53: 8.45 | G53: ='0912 (TOTAL)'!G53+'0921 (TOTAL)'!G53+'0922 (TOTAL)'!G53 -> 0 | H53: ='0912 (TOTAL)'!H53+'0921 (TOTAL)'!H53+'0922 (TOTAL)'!H53 -> 0 | I53: ='0912 (TOTAL)'!I53+'0921 (TOTAL)'!I53+'0922 (TOTAL)'!I53 -> 0 | J53: ='0912 (TOTAL)'!J53+'0921 (TOTAL)'!J53+'0922 (TOTAL)'!J53 -> 0 | K53: =G53 -> 0 | L53: ='0912 (TOTAL)'!L53+'0921 (TOTAL)'!L53+'0922 (TOTAL)'!L53 -> 0
A54: Clase cu profil sportiv, inclusiv: | E54: 1110 | F54: 8.46 | G54: =SUM(G55:G57) -> 0 | H54: =SUM(H55:H57) -> 0 | I54: =SUM(I55:I57) -> 0 | J54: =SUM(J55:J57) -> 0 | K54: =SUM(K55:K57) -> 0 | L54: =SUM(L55:L57) -> 0
A55: clasele 1-4 | E55: 1111 | F55: 8.47 | G55: * | H55: * | I55: * | J55: * | K55: =G55 -> * | L55: *
A56: clasele 5-9 | E56: 1112 | F56: 8.48 | G56: * | H56: * | I56: * | J56: * | K56: =G56 -> * | L56: *
A57: clasele 10-12 | E57: 1113 | F57: 8.49 | G57: * | H57: * | I57: * | J57: * | K57: =G57 -> * | L57: *
A58: Elevi în total, inclusiv: | E58: 1120 | F58: 8.50 | G58: =SUM(G59:G61) -> 1798 | H58: =SUM(H59:H61) -> 1794 | I58: =SUM(I59:I61) -> 1794 | J58: =SUM(J59:J61) -> 0 | K58: =SUM(K59:K61) -> 1798 | L58: =SUM(L59:L61) -> 0
A59: clasele 1-4 | E59: 1121 | F59: 8.51 | G59: ='0912 (TOTAL)'!G59+'0921 (TOTAL)'!G59+'0922 (TOTAL)'!G59 -> 771 | H59: ='0912 (TOTAL)'!H59+'0921 (TOTAL)'!H59+'0922 (TOTAL)'!H59 -> 769 | I59: ='0912 (TOTAL)'!I59+'0921 (TOTAL)'!I59+'0922 (TOTAL)'!I59 -> 769 | J59: ='0912 (TOTAL)'!J59+'0921 (TOTAL)'!J59+'0922 (TOTAL)'!J59 -> 0 | K59: =G59 -> 771 | L59: ='0912 (TOTAL)'!L59+'0921 (TOTAL)'!L59+'0922 (TOTAL)'!L59 -> 0
A60: clasele 5-9 | E60: 1122 | F60: 8.52 | G60: ='0912 (TOTAL)'!G60+'0921 (TOTAL)'!G60+'0922 (TOTAL)'!G60 -> 1027 | H60: ='0912 (TOTAL)'!H60+'0921 (TOTAL)'!H60+'0922 (TOTAL)'!H60 -> 1025 | I60: ='0912 (TOTAL)'!I60+'0921 (TOTAL)'!I60+'0922 (TOTAL)'!I60 -> 1025 | J60: ='0912 (TOTAL)'!J60+'0921 (TOTAL)'!J60+'0922 (TOTAL)'!J60 -> 0 | K60: =G60 -> 1027 | L60: ='0912 (TOTAL)'!L60+'0921 (TOTAL)'!L60+'0922 (TOTAL)'!L60 -> 0
A61: clasele 10-12 | E61: 1123 | F61: 8.53 | G61: ='0912 (TOTAL)'!G61+'0921 (TOTAL)'!G61+'0922 (TOTAL)'!G61 -> 0 | H61: ='0912 (TOTAL)'!H61+'0921 (TOTAL)'!H61+'0922 (TOTAL)'!H61 -> 0 | I61: ='0912 (TOTAL)'!I61+'0921 (TOTAL)'!I61+'0922 (TOTAL)'!I61 -> 0 | J61: ='0912 (TOTAL)'!J61+'0921 (TOTAL)'!J61+'0922 (TOTAL)'!J61 -> 0 | K61: =G61 -> 0 | L61: ='0912 (TOTAL)'!L61+'0921 (TOTAL)'!L61+'0922 (TOTAL)'!L61 -> 0
A62: Elevi în total din clasele cu profil sportiv, inclusiv: | E62: 1130 | F62: 8.54 | G62: =SUM(G63:G65) -> 0 | H62: =SUM(H63:H65) -> 0 | I62: =SUM(I63:I65) -> 0 | J62: =SUM(J63:J65) -> 0 | K62: =SUM(K63:K65) -> 0 | L62: =SUM(L63:L65) -> 0
A63: clasele 1-4 | E63: 1131 | F63: 8.55 | G63: * | H63: * | I63: * | J63: * | K63: =G63 -> * | L63: *
A64: clasele 5-9 | E64: 1132 | F64: 8.56 | G64: * | H64: * | I64: * | J64: * | K64: =G64 -> * | L64: *
A65: clasele 10-12 | E65: 1133 | F65: 8.57 | G65: * | H65: * | I65: * | J65: * | K65: =G65 -> * | L65: *
A66: Elevi alimentați, în total, inclusiv: | E66: 1040 | F66: 8.58 | G66: =SUM(G67:G72) -> 0 | H66: =SUM(H67:H72) -> 0 | I66: =SUM(I67:I72) -> 0 | J66: =SUM(J67:J72) -> 0 | K66: =SUM(K67:K72) -> 0 | L66: =SUM(L67:L72) -> 0
A67: Elevi alimentați din clasele 1-4, asigurați cu micul dejun | E67: 1041 | F67: 8.59 | G67: ='0912 (TOTAL)'!G67+'0921 (TOTAL)'!G67+'0922 (TOTAL)'!G67 -> 0 | H67: ='0912 (TOTAL)'!H67+'0921 (TOTAL)'!H67+'0922 (TOTAL)'!H67 -> 0 | I67: ='0912 (TOTAL)'!I67+'0921 (TOTAL)'!I67+'0922 (TOTAL)'!I67 -> 0 | J67: ='0912 (TOTAL)'!J67+'0921 (TOTAL)'!J67+'0922 (TOTAL)'!J67 -> 0 | K67: =G67 -> 0 | L67: ='0912 (TOTAL)'!L67+'0921 (TOTAL)'!L67+'0922 (TOTAL)'!L67 -> 0
A68: Elevi din clasele 5-9(12), ce beneficiază de alimentație | E68: 1042 | F68: 8.60 | G68: ='0912 (TOTAL)'!G68+'0921 (TOTAL)'!G68+'0922 (TOTAL)'!G68 -> 0 | H68: ='0912 (TOTAL)'!H68+'0921 (TOTAL)'!H68+'0922 (TOTAL)'!H68 -> 0 | I68: ='0912 (TOTAL)'!I68+'0921 (TOTAL)'!I68+'0922 (TOTAL)'!I68 -> 0 | J68: ='0912 (TOTAL)'!J68+'0921 (TOTAL)'!J68+'0922 (TOTAL)'!J68 -> 0 | K68: =G68 -> 0 | L68: ='0912 (TOTAL)'!L68+'0921 (TOTAL)'!L68+'0922 (TOTAL)'!L68 -> 0
A69: Elevi alimentați, din grupe cu regim prelungit | E69: 1043 | F69: 8.61 | G69: * | H69: * | I69: * | J69: * | K69: =G69 -> * | L69: *
A70: Alte categorii de elevi alimentați | E70: 1045 | F70: 8.62 | G70: ='0912 (TOTAL)'!G70+'0921 (TOTAL)'!G70+'0922 (TOTAL)'!G70 -> 0 | H70: ='0912 (TOTAL)'!H70+'0921 (TOTAL)'!H70+'0922 (TOTAL)'!H70 -> 0 | I70: ='0912 (TOTAL)'!I70+'0921 (TOTAL)'!I70+'0922 (TOTAL)'!I70 -> 0 | J70: ='0912 (TOTAL)'!J70+'0921 (TOTAL)'!J70+'0922 (TOTAL)'!J70 -> 0 | K70: =G70 -> 0 | L70: ='0912 (TOTAL)'!L70+'0921 (TOTAL)'!L70+'0922 (TOTAL)'!L70 -> 0
A71: Elevi alimentați din clasele 5-8, din licee-internat cu profil sportiv | E71: 1046 | F71: 8.63 | G71: * | H71: * | I71: * | J71: * | K71: =G71 -> * | L71: *
A72: Elevi alimentați din clasele 9-12, din licee-internat cu profil sportiv | E72: 1047 | F72: 8.64 | G72: * | H72: * | I72: * | J72: * | K72: =G72 -> * | L72: *
A73: Zile de alimentare a elevilor, în total | E73: 1050 | F73: 8.65 | G73: x | H73: x | I73: =SUM(I74:I79) -> 0 | J73: =SUM(J74:J79) -> 0 | K73: x | L73: x
A74: Zile de alimentare a elevilor din clasele 1-4, asigurați cu micul dejun | E74: 1051 | F74: 8.66 | G74: x | H74: x | I74: ='0912 (TOTAL)'!I74+'0921 (TOTAL)'!I74+'0922 (TOTAL)'!I74 -> 0 | J74: ='0912 (TOTAL)'!J74+'0921 (TOTAL)'!J74+'0922 (TOTAL)'!J74 -> 0 | K74: x | L74: x
A75: Zile de alimentare a elevilor din clasele 5-9(12),ce beneficiaza de alimentație | E75: 1052 | F75: 8.67 | G75: x | H75: x | I75: ='0912 (TOTAL)'!I75+'0921 (TOTAL)'!I75+'0922 (TOTAL)'!I75 -> 0 | J75: ='0912 (TOTAL)'!J75+'0921 (TOTAL)'!J75+'0922 (TOTAL)'!J75 -> 0 | K75: x | L75: x
A76: Zile de alimentare a elevilor, din grupe cu regim prelungit | E76: 1053 | F76: 8.68 | G76: x | H76: x | I76: * | J76: * | K76: x | L76: x
A77: Zile de alimentare a altor categorii de elevi alimentați | E77: 1055 | F77: 8.69 | G77: x | H77: x | I77: ='0912 (TOTAL)'!I77+'0921 (TOTAL)'!I77+'0922 (TOTAL)'!I77 -> 0 | J77: ='0912 (TOTAL)'!J77+'0921 (TOTAL)'!J77+'0922 (TOTAL)'!J77 -> 0 | K77: x | L77: x
A78: Zile de alimentare a elevilor din clasele 5-8, din licee-internat cu profil sportiv | E78: 1056 | F78: 8.70 | G78: x | H78: x | I78: * | J78: * | K78: x | L78: x
A79: Zile de alimentare a elevilor din clasele 9-12, din licee-internat cu profil sportiv | E79: 1057 | F79: 8.71 | G79: x | H79: x | I79: * | J79: * | K79: x | L79: x
A80: Cheltuieli pentru alimentarea elevilor, în total, inclusiv | E80: 1060 | F80: 8.72 | G80: x | H80: x | I80: =SUM(I81:I86) -> 0 | J80: =SUM(J81:J86) -> 0 | K80: x | L80: x
A81: Cheltuieli pentru alimentarea elevilor din clasele 1-4, asigurați cu micul dejun | E81: 1061 | F81: 8.73 | G81: x | H81: x | I81: ='0912 (TOTAL)'!I81+'0921 (TOTAL)'!I81+'0922 (TOTAL)'!I81 -> 0 | J81: ='0912 (TOTAL)'!J81+'0921 (TOTAL)'!J81+'0922 (TOTAL)'!J81 -> 0 | K81: x | L81: x
A82: Cheltuieli pentru alimentarea elevilor din clasele 5-9(12), ce beneficiază de alimentație | E82: 1062 | F82: 8.74 | G82: x | H82: x | I82: ='0912 (TOTAL)'!I82+'0921 (TOTAL)'!I82+'0922 (TOTAL)'!I82 -> 0 | J82: ='0912 (TOTAL)'!J82+'0921 (TOTAL)'!J82+'0922 (TOTAL)'!J82 -> 0 | K82: x | L82: x
A83: Cheltuieli pentru alimentarea elevilor, din grupele cu regim prelungit | E83: 1063 | F83: 8.75 | G83: x | H83: x | I83: * | J83: * | K83: x | L83: x
A84: Cheltuieli pentru alimentarea altor categorii de elevi alimentați | E84: 1065 | F84: 8.76 | G84: x | H84: x | I84: ='0912 (TOTAL)'!I84+'0921 (TOTAL)'!I84+'0922 (TOTAL)'!I84 -> 0 | J84: ='0912 (TOTAL)'!J84+'0921 (TOTAL)'!J84+'0922 (TOTAL)'!J84 -> 0 | K84: x | L84: x
A85: Cheltuieli pentru alimentarea elevilor din clasele 5-8, din licee-internat cu profil sportiv | E85: 1066 | F85: 8.77 | G85: x | H85: x | I85: * | J85: * | K85: x | L85: x
A86: Cheltuieli pentru alimentarea elevilor din clasele 9-12, din licee-internat cu profil sportiv | E86: 1067 | F86: 8.78 | G86: x | H86: x | I86: * | J86: * | K86: x | L86: x
A87: Cheltuieli pentru acordarea compensațiilor bănești anuale cadrelor didactice | E87: 504 | F87: 8.79 | G87: x | H87: x | I87: ='0912 (TOTAL)'!I87+'0921 (TOTAL)'!I87+'0922 (TOTAL)'!I87 -> #VALUE! | J87: ='0912 (TOTAL)'!J87+'0921 (TOTAL)'!J87+'0922 (TOTAL)'!J87 -> 416000 | K87: x | L87: x
E89: Semnături:
E91: Șeful interimar DÎTS | H91: Alexandru ROȘCA
H92: (nume, prenume) | K92: (semnătura)
E93: Contabil Șef | H93: Alla RUDNIȚCAIA
H94: (nume, prenume) | K94: (semnătura)
E95: Executor | H95: Alexandr PRIȘCEPA
H96: (nume, prenume) | K96: (semnătura)

Sheet 09 12+21+22 (00203)
A1: Învățământ primar, gimnazial, liceal (Activitatea de bază) | J1: Forma FD-048BL Aprobat prin ordinul Ministrului al Finanțelor al Republicii Moldova nr. _______ al _________
A2: ORG2 | B2: F1F3 | C2: P1P2 | D2: P3
A3: TOTAL | B3: 09 | C3: 88 | D3: 00200
A4: REȚEA, STATE ȘI CONTINGENTE ALE INSTITUȚIILOR
A5: ÎN PERIOADA 12 LUNI. 2025
A6: Denumirea indicatorului | E6: CF | F6: CR | G6: Aprobat la începutul anului | H6: Aprobat la sfârșitul anului | I6: Numărul mediu prevazut pe an | J6: Numărul mediu realizat la mm.dd.20__ | K6: Real încadrat la începutul anului | L6: Real încadrat la sfârsitul perioadei
A8: RAPORT nr. 3-8 privind învățămîntul primar, gimnazial și liceal | F8: 8
A9: Instituții în total, inclusiv | E9: 1 | F9: 46030 | I9: x | J9: x | K9: ='09 12+21+22 (TOTAL)'!K9 -> 21
A10: filiale | E10: 10 | F10: 46061 | G10: ='09 12+21+22 (TOTAL)'!G10 -> 0 | H10: ='09 12+21+22 (TOTAL)'!H10 -> 0 | I10: x | J10: x | K10: ='09 12+21+22 (TOTAL)'!K10 -> 0 | L10: ='09 12+21+22 (TOTAL)'!L10 -> 0
A11: Unități în state (posturi) în total, inclusiv | E11: 101 | F11: 46089 | G11: =G12+G16+G19 -> 108 | H11: =H12+H16+H19 -> 324.63 | I11: =I12+I16+I19 -> 322.63 | J11: =J12+J16+J19 -> 0 | K11: =K12+K16+K19 -> 278.4 | L11: =L12+L16+L19 -> 0
A12: funcții didactice, inclusiv | E12: 102 | F12: 46120 | G12: =SUM(G13) -> 17.25 | H12: =SUM(H13:H14) -> 204.43 | I12: =SUM(I13:I14) -> 204.43 | J12: =SUM(J13:J14) -> 0 | K12: =SUM(K13:K14) -> 187.65 | L12: =SUM(L13:L14) -> 0
A13: de conducere | E13: 126 | F13: 46150 | G13: ='09 12+21+22 (TOTAL)'!G13 -> 17.25 | H13: ='09 12+21+22 (TOTAL)'!H13 -> 20.5 | I13: ='09 12+21+22 (TOTAL)'!I13 -> 20.5 | J13: ='09 12+21+22 (TOTAL)'!J13 -> 0 | K13: ='09 12+21+22 (TOTAL)'!K13 -> 17.25 | L13: ='09 12+21+22 (TOTAL)'!L13 -> 0
A14: de execuție din care | E14: 145 | F14: 46181 | G14: ='09 12+21+22 (TOTAL)'!G14 -> 170.4 | H14: ='09 12+21+22 (TOTAL)'!H14 -> 183.93 | I14: ='09 12+21+22 (TOTAL)'!I14 -> 183.93 | J14: ='09 12+21+22 (TOTAL)'!J14 -> 0 | K14: ='09 12+21+22 (TOTAL)'!K14 -> 170.4 | L14: ='09 12+21+22 (TOTAL)'!L14 -> 0
A15: cadre didactice de sprijin | E15: 146 | F15: 46211 | G15: ='09 12+21+22 (TOTAL)'!G15 -> 20.09 | H15: ='09 12+21+22 (TOTAL)'!H15 -> 27.2 | I15: ='09 12+21+22 (TOTAL)'!I15 -> 27.2 | J15: ='09 12+21+22 (TOTAL)'!J15 -> 0 | K15: ='09 12+21+22 (TOTAL)'!K15 -> 20.09 | L15: ='09 12+21+22 (TOTAL)'!L15 -> 0
A16: funcții de specialitate, inclusiv | E16: 103 | F16: 46242 | G16: =SUM(G17:G18) -> 19.5 | H16: =SUM(H17:H18) -> 24.25 | I16: =SUM(I17:I18) -> 24.25 | J16: =SUM(J17:J18) -> 0 | K16: =SUM(K17:K18) -> 19.5 | L16: =SUM(L17:L18) -> 0
A17: de conducere | E17: 126 | F17: 46273 | G17: ='09 12+21+22 (TOTAL)'!G17 -> 3 | H17: ='09 12+21+22 (TOTAL)'!H17 -> 2.5 | I17: ='09 12+21+22 (TOTAL)'!I17 -> 2.5 | J17: ='09 12+21+22 (TOTAL)'!J17 -> 0 | K17: ='09 12+21+22 (TOTAL)'!K17 -> 3 | L17: ='09 12+21+22 (TOTAL)'!L17 -> 0
A18: de execuție | E18: 145 | F18: 46303 | G18: ='09 12+21+22 (TOTAL)'!G18 -> 16.5 | H18: ='09 12+21+22 (TOTAL)'!H18 -> 21.75 | I18: ='09 12+21+22 (TOTAL)'!I18 -> 21.75 | J18: ='09 12+21+22 (TOTAL)'!J18 -> 0 | K18: ='09 12+21+22 (TOTAL)'!K18 -> 16.5 | L18: ='09 12+21+22 (TOTAL)'!L18 -> 0
A19: funcții complexe, inclusiv | E19: 104 | F19: 46334 | G19: =SUM(G20:G22) -> 71.25 | H19: =SUM(H20:H22) -> 95.95 | I19: =SUM(I20:I22) -> 93.95 | J19: =SUM(J20:J22) -> 0 | K19: =SUM(K20:K22) -> 71.25 | L19: =SUM(L20:L22) -> 0
A20: de conducere | E20: 126 | F20: 46364 | G20: ='09 12+21+22 (TOTAL)'!G20 -> 0 | H20: ='09 12+21+22 (TOTAL)'!H20 -> 0 | I20: ='09 12+21+22 (TOTAL)'!I20 -> 0 | J20: ='09 12+21+22 (TOTAL)'!J20 -> 0 | K20: ='09 12+21+22 (TOTAL)'!K20 -> 0 | L20: ='09 12+21+22 (TOTAL)'!L20 -> 0
A21: de execuție | E21: 145 | F21: 8.13 | G21: ='09 12+21+22 (TOTAL)'!G21 -> 1 | H21: ='09 12+21+22 (TOTAL)'!H21 -> 3 | I21: ='09 12+21+22 (TOTAL)'!I21 -> 3 | J21: ='09 12+21+22 (TOTAL)'!J21 -> 0 | K21: ='09 12+21+22 (TOTAL)'!K21 -> 1 | L21: ='09 12+21+22 (TOTAL)'!L21 -> 0
A22: muncitori | E22: 177 | F22: 8.14 | G22: ='09 12+21+22 (TOTAL)'!G22 -> 70.25 | H22: ='09 12+21+22 (TOTAL)'!H22 -> 92.95 | I22: ='09 12+21+22 (TOTAL)'!I22 -> 90.95 | J22: ='09 12+21+22 (TOTAL)'!J22 -> 0 | K22: ='09 12+21+22 (TOTAL)'!K22 -> 70.25 | L22: ='09 12+21+22 (TOTAL)'!L22 -> 0
A23: Personal angajat în total, inclusiv | E23: 100 | F23: 8.15 | G23: =G24+G28+G31 -> 280 | H23: =H24+H28+H31 -> 284 | I23: x | J23: =J24+J28+J31 -> 0 | K23: =K24+K28+K31 -> 280 | L23: =L24+L28+L31 -> 0
A24: funcții didactice, inclusiv | E24: 105 | F24: 8.16 | G24: =SUM(G25:G26) -> 185 | H24: =SUM(H25:H26) -> 190 | I24: x | J24: =SUM(J25:J26) -> 0 | K24: =SUM(K25:K26) -> 185 | L24: =SUM(L25:L26) -> 0
A25: de conducere | E25: 120 | F25: 8.17 | G25: ='09 12+21+22 (TOTAL)'!G25 -> 22 | H25: ='09 12+21+22 (TOTAL)'!H25 -> 22 | I25: x | J25: ='09 12+21+22 (TOTAL)'!J25 -> 0 | K25: ='09 12+21+22 (TOTAL)'!K25 -> 22 | L25: ='09 12+21+22 (TOTAL)'!L25 -> 0
A26: de execuție, din care | E26: 140 | F26: 8.18 | G26: ='09 12+21+22 (TOTAL)'!G26 -> 163 | H26: ='09 12+21+22 (TOTAL)'!H26 -> 168 | I26: x | J26: ='09 12+21+22 (TOTAL)'!J26 -> 0 | K26: ='09 12+21+22 (TOTAL)'!K26 -> 163 | L26: ='09 12+21+22 (TOTAL)'!L26 -> 0
A27: cadre didactice de sprijin | E27: 147 | F27: 8.19 | G27: ='09 12+21+22 (TOTAL)'!G27 -> 19 | H27: ='09 12+21+22 (TOTAL)'!H27 -> 21 | I27: x | J27: ='09 12+21+22 (TOTAL)'!J27 -> 0 | K27: ='09 12+21+22 (TOTAL)'!K27 -> 19 | L27: ='09 12+21+22 (TOTAL)'!L27 -> 0
A28: funcții de specialitate, inclusiv | E28: 106 | F28: 8.20 | G28: =SUM(G29:G30) -> 21 | H28: =SUM(H29:H30) -> 20 | I28: x | J28: =SUM(J29:J30) -> 0 | K28: =SUM(K29:K30) -> 21 | L28: =SUM(L29:L30) -> 0
A29: de conducere | E29: 120 | F29: 8.21 | G29: ='09 12+21+22 (TOTAL)'!G29 -> 3 | H29: ='09 12+21+22 (TOTAL)'!H29 -> 3 | I29: x | J29: ='09 12+21+22 (TOTAL)'!J29 -> 0 | K29: ='09 12+21+22 (TOTAL)'!K29 -> 3 | L29: ='09 12+21+22 (TOTAL)'!L29 -> 0
A30: de execuție | E30: 140 | F30: 8.22 | G30: ='09 12+21+22 (TOTAL)'!G30 -> 18 | H30: ='09 12+21+22 (TOTAL)'!H30 -> 17 | I30: x | J30: ='09 12+21+22 (TOTAL)'!J30 -> 0 | K30: ='09 12+21+22 (TOTAL)'!K30 -> 18 | L30: ='09 12+21+22 (TOTAL)'!L30 -> 0
A31: funcții complexe, inclusiv | E31: 107 | F31: 8.23 | G31: =SUM(G32:G34) -> 74 | H31: =SUM(H32:H34) -> 74 | I31: x | J31: =SUM(J32:J34) -> 0 | K31: =SUM(K32:K34) -> 74 | L31: =SUM(L32:L34) -> 0
A32: de conducere | E32: 120 | F32: 8.24 | G32: ='09 12+21+22 (TOTAL)'!G32 -> 0 | H32: ='09 12+21+22 (TOTAL)'!H32 -> 0 | I32: x | J32: ='09 12+21+22 (TOTAL)'!J32 -> 0 | K32: ='09 12+21+22 (TOTAL)'!K32 -> 0 | L32: ='09 12+21+22 (TOTAL)'!L32 -> 0
A33: de execuție | E33: 140 | F33: 8.25 | G33: ='09 12+21+22 (TOTAL)'!G33 -> 0 | H33: ='09 12+21+22 (TOTAL)'!H33 -> 1 | I33: x | J33: ='09 12+21+22 (TOTAL)'!J33 -> 0 | K33: ='09 12+21+22 (TOTAL)'!K33 -> 0 | L33: ='09 12+21+22 (TOTAL)'!L33 -> 0
A34: muncitori | E34: 175 | F34: 8.26 | G34: ='09 12+21+22 (TOTAL)'!G34 -> 74 | H34: ='09 12+21+22 (TOTAL)'!H34 -> 73 | I34: x | J34: ='09 12+21+22 (TOTAL)'!J34 -> 0 | K34: ='09 12+21+22 (TOTAL)'!K34 -> 74 | L34: ='09 12+21+22 (TOTAL)'!L34 -> 0
A35: Numărul personalului didactic beneficiar de compensații anuale, inclusiv | E35: 108 | F35: 8.27 | G35: =SUM(G36:G37) -> 0 | H35: =SUM(H36:H37) -> 0 | I35: x | J35: x | K35: =SUM(K36:K37) -> 0 | L35: =SUM(L36:L37) -> 0
A36: cu funcție de conducere | E36: 120 | F36: 8.28 | I36: x | J36: x
A37: cu funcție de execuție | E37: 140 | F37: 8.29 | I37: x | J37: x
A38: Retibuirea muncii în total, inclusiv | E38: 500 | F38: 8.30 | G38: x | H38: x | I38: =I39+I43+I46 -> 31027500 | J38: =J39+J43+J46 -> 0 | K38: x | L38: x
A39: funcții didactice, inclusiv | E39: 501 | F39: 8.31 | G39: x | H39: x | I39: =SUM(I40:I41) -> 23769300 | J39: =SUM(J40:J41) -> 0 | K39: x | L39: x
A40: de conducere | E40: 510 | F40: 8.32 | G40: x | H40: x | I40: ='09 12+21+22 (TOTAL)'!I40 -> 3550000 | J40: ='09 12+21+22 (TOTAL)'!J40 -> 0 | K40: x | L40: x
A41: de execuție, din care | E41: 540 | F41: 8.33 | G41: x | H41: x | I41: ='09 12+21+22 (TOTAL)'!I41 -> 20219300 | J41: ='09 12+21+22 (TOTAL)'!J41 -> 0 | K41: x | L41: x
A42: cadre didactice de sprijin | E42: 148 | F42: 8.34 | G42: x | H42: x | I42: ='09 12+21+22 (TOTAL)'!I42 -> 0 | J42: ='09 12+21+22 (TOTAL)'!J42 -> 0 | K42: x | L42: x
A43: funcții de specialitate, inclusiv | E43: 502 | F43: 8.35 | G43: x | H43: x | I43: =SUM(I44:I45) -> 1911700 | J43: =SUM(J44:J45) -> 0 | K43: x | L43: x
A44: de conducere | E44: 510 | F44: 8.36 | G44: x | H44: x | I44: ='09 12+21+22 (TOTAL)'!I44 -> 263100 | J44: ='09 12+21+22 (TOTAL)'!J44 -> 0 | K44: x | L44: x
A45: de execuție | E45: 540 | F45: 8.37 | G45: x | H45: x | I45: ='09 12+21+22 (TOTAL)'!I45 -> 1648600 | J45: ='09 12+21+22 (TOTAL)'!J45 -> 0 | K45: x | L45: x
A46: funcții complexe, inclusiv | E46: 503 | F46: 8.38 | G46: x | H46: x | I46: =SUM(I47:I49) -> 5346500 | J46: =SUM(J47:J49) -> 0 | K46: x | L46: x
A47: de conducere | E47: 510 | F47: 8.39 | G47: x | H47: x | I47: ='09 12+21+22 (TOTAL)'!I47 -> 0 | J47: ='09 12+21+22 (TOTAL)'!J47 -> 0 | K47: x | L47: x
A48: de execuție | E48: 540 | F48: 8.40 | G48: x | H48: x | I48: ='09 12+21+22 (TOTAL)'!I48 -> 182800 | J48: ='09 12+21+22 (TOTAL)'!J48 -> 0 | K48: x | L48: x
A49: muncitori | E49: 555 | F49: 8.41 | G49: x | H49: x | I49: ='09 12+21+22 (TOTAL)'!I49 -> 5163700 | J49: ='09 12+21+22 (TOTAL)'!J49 -> 0 | K49: x | L49: x
A50: Clase în total, inclusiv: | E50: 1100 | F50: 8.42 | G50: =SUM(G51:G53) -> 89 | H50: =SUM(H51:H53) -> 89 | I50: =SUM(I51:I53) -> 89 | J50: =SUM(J51:J53) -> 0 | K50: =SUM(K51:K53) -> 89 | L50: =SUM(L51:L53) -> 0
A51: clasele 1-4 | E51: 1101 | F51: 8.43 | G51: ='09 12+21+22 (TOTAL)'!G51 -> 39 | H51: ='09 12+21+22 (TOTAL)'!H51 -> 39 | I51: ='09 12+21+22 (TOTAL)'!I51 -> 39 | J51: ='09 12+21+22 (TOTAL)'!J51 -> 0 | K51: ='09 12+21+22 (TOTAL)'!K51 -> 39 | L51: ='09 12+21+22 (TOTAL)'!L51 -> 0
A52: clasele 5-9 | E52: 1102 | F52: 8.44 | G52: ='09 12+21+22 (TOTAL)'!G52 -> 50 | H52: ='09 12+21+22 (TOTAL)'!H52 -> 50 | I52: ='09 12+21+22 (TOTAL)'!I52 -> 50 | J52: ='09 12+21+22 (TOTAL)'!J52 -> 0 | K52: ='09 12+21+22 (TOTAL)'!K52 -> 50 | L52: ='09 12+21+22 (TOTAL)'!L52 -> 0
A53: clasele 10-12 | E53: 1103 | F53: 8.45 | G53: ='09 12+21+22 (TOTAL)'!G53 -> 0 | H53: ='09 12+21+22 (TOTAL)'!H53 -> 0 | I53: ='09 12+21+22 (TOTAL)'!I53 -> 0 | J53: ='09 12+21+22 (TOTAL)'!J53 -> 0 | K53: ='09 12+21+22 (TOTAL)'!K53 -> 0 | L53: ='09 12+21+22 (TOTAL)'!L53 -> 0
A54: Clase cu profil sportiv, inclusiv: | E54: 1110 | F54: 8.46 | G54: =SUM(G55:G57) -> 0 | H54: =SUM(H55:H57) -> 0 | I54: =SUM(I55:I57) -> 0 | J54: =SUM(J55:J57) -> 0 | K54: =SUM(K55:K57) -> 0 | L54: =SUM(L55:L57) -> 0
A55: clasele 1-4 | E55: 1111 | F55: 8.47 | G55: ='09 12+21+22 (TOTAL)'!G55 -> * | H55: ='09 12+21+22 (TOTAL)'!H55 -> * | I55: ='09 12+21+22 (TOTAL)'!I55 -> * | J55: ='09 12+21+22 (TOTAL)'!J55 -> * | K55: ='09 12+21+22 (TOTAL)'!K55 -> * | L55: ='09 12+21+22 (TOTAL)'!L55 -> *
A56: clasele 5-9 | E56: 1112 | F56: 8.48 | G56: ='09 12+21+22 (TOTAL)'!G56 -> * | H56: ='09 12+21+22 (TOTAL)'!H56 -> * | I56: ='09 12+21+22 (TOTAL)'!I56 -> * | J56: ='09 12+21+22 (TOTAL)'!J56 -> * | K56: ='09 12+21+22 (TOTAL)'!K56 -> * | L56: ='09 12+21+22 (TOTAL)'!L56 -> *
A57: clasele 10-12 | E57: 1113 | F57: 8.49 | G57: ='09 12+21+22 (TOTAL)'!G57 -> * | H57: ='09 12+21+22 (TOTAL)'!H57 -> * | I57: ='09 12+21+22 (TOTAL)'!I57 -> * | J57: ='09 12+21+22 (TOTAL)'!J57 -> * | K57: ='09 12+21+22 (TOTAL)'!K57 -> * | L57: ='09 12+21+22 (TOTAL)'!L57 -> *
A58: Elevi în total, inclusiv: | E58: 1120 | F58: 8.50 | G58: =SUM(G59:G61) -> 1798 | H58: =SUM(H59:H61) -> 1794 | I58: =SUM(I59:I61) -> 1794 | J58: =SUM(J59:J61) -> 0 | K58: =SUM(K59:K61) -> 1798 | L58: =SUM(L59:L61) -> 0
A59: clasele 1-4 | E59: 1121 | F59: 8.51 | G59: ='09 12+21+22 (TOTAL)'!G59 -> 771 | H59: ='09 12+21+22 (TOTAL)'!H59 -> 769 | I59: ='09 12+21+22 (TOTAL)'!I59 -> 769 | J59: ='09 12+21+22 (TOTAL)'!J59 -> 0 | K59: ='09 12+21+22 (TOTAL)'!K59 -> 771 | L59: ='09 12+21+22 (TOTAL)'!L59 -> 0
A60: clasele 5-9 | E60: 1122 | F60: 8.52 | G60: ='09 12+21+22 (TOTAL)'!G60 -> 1027 | H60: ='09 12+21+22 (TOTAL)'!H60 -> 1025 | I60: ='09 12+21+22 (TOTAL)'!I60 -> 1025 | J60: ='09 12+21+22 (TOTAL)'!J60 -> 0 | K60: ='09 12+21+22 (TOTAL)'!K60 -> 1027 | L60: ='09 12+21+22 (TOTAL)'!L60 -> 0
A61: clasele 10-12 | E61: 1123 | F61: 8.53 | G61: ='09 12+21+22 (TOTAL)'!G61 -> 0 | H61: ='09 12+21+22 (TOTAL)'!H61 -> 0 | I61: ='09 12+21+22 (TOTAL)'!I61 -> 0 | J61: ='09 12+21+22 (TOTAL)'!J61 -> 0 | K61: ='09 12+21+22 (TOTAL)'!K61 -> 0 | L61: ='09 12+21+22 (TOTAL)'!L61 -> 0
A62: Elevi în total din clasele cu profil sportiv, inclusiv: | E62: 1130 | F62: 8.54 | G62: =SUM(G63:G65) -> 0 | H62: =SUM(H63:H65) -> 0 | I62: =SUM(I63:I65) -> 0 | J62: =SUM(J63:J65) -> 0 | K62: =SUM(K63:K65) -> 0 | L62: =SUM(L63:L65) -> 0
A63: clasele 1-4 | E63: 1131 | F63: 8.55 | G63: ='09 12+21+22 (TOTAL)'!G63 -> * | H63: ='09 12+21+22 (TOTAL)'!H63 -> * | I63: ='09 12+21+22 (TOTAL)'!I63 -> * | J63: ='09 12+21+22 (TOTAL)'!J63 -> * | K63: ='09 12+21+22 (TOTAL)'!K63 -> * | L63: ='09 12+21+22 (TOTAL)'!L63 -> *
A64: clasele 5-9 | E64: 1132 | F64: 8.56 | G64: ='09 12+21+22 (TOTAL)'!G64 -> * | H64: ='09 12+21+22 (TOTAL)'!H64 -> * | I64: ='09 12+21+22 (TOTAL)'!I64 -> * | J64: ='09 12+21+22 (TOTAL)'!J64 -> * | K64: ='09 12+21+22 (TOTAL)'!K64 -> * | L64: ='09 12+21+22 (TOTAL)'!L64 -> *
A65: clasele 10-12 | E65: 1133 | F65: 8.57 | G65: ='09 12+21+22 (TOTAL)'!G65 -> * | H65: ='09 12+21+22 (TOTAL)'!H65 -> * | I65: ='09 12+21+22 (TOTAL)'!I65 -> * | J65: ='09 12+21+22 (TOTAL)'!J65 -> * | K65: ='09 12+21+22 (TOTAL)'!K65 -> * | L65: ='09 12+21+22 (TOTAL)'!L65 -> *
A66: Elevi alimentați, în total, inclusiv: | E66: 1040 | F66: 8.58 | G66: =SUM(G67:G72) -> 0 | H66: =SUM(H67:H72) -> 0 | I66: =SUM(I67:I72) -> 0 | J66: =SUM(J67:J72) -> 0 | K66: =SUM(K67:K72) -> 0 | L66: =SUM(L67:L72) -> 0
A67: Elevi alimentați din clasele 1-4, asigurați cu micul dejun | E67: 1041 | F67: 8.59
A68: Elevi din clasele 5-9(12), ce beneficiază de alimentație | E68: 1042 | F68: 8.60
A69: Elevi alimentați, din grupe cu regim prelungit | E69: 1043 | F69: 8.61
A70: Alte categorii de elevi alimentați | E70: 1045 | F70: 8.62
A71: Elevi alimentați din clasele 5-8, din licee-internat cu profil sportiv | E71: 1046 | F71: 8.63
A72: Elevi alimentați din clasele 9-12, din licee-internat cu profil sportiv | E72: 1047 | F72: 8.64
A73: Zile de alimentare a elevilor, în total | E73: 1050 | F73: 8.65 | G73: x | H73: x | I73: =SUM(I74:I79) -> 0 | J73: =SUM(J74:J79) -> 0 | K73: x | L73: x
A74: Zile de alimentare a elevilor din clasele 1-4, asigurați cu micul dejun | E74: 1051 | F74: 8.66 | G74: x | H74: x | K74: x | L74: x
A75: Zile de alimentare a elevilor din clasele 5-9(12),ce beneficiaza de alimentație | E75: 1052 | F75: 8.67 | G75: x | H75: x | K75: x | L75: x
A76: Zile de alimentare a elevilor, din grupe cu regim prelungit | E76: 1053 | F76: 8.68 | G76: x | H76: x | K76: x | L76: x
A77: Zile de alimentare a altor categorii de elevi alimentați | E77: 1055 | F77: 8.69 | G77: x | H77: x | K77: x | L77: x
A78: Zile de alimentare a elevilor din clasele 5-8, din licee-internat cu profil sportiv | E78: 1056 | F78: 8.70 | G78: x | H78: x | K78: x | L78: x
A79: Zile de alimentare a elevilor din clasele 9-12, din licee-internat cu profil sportiv | E79: 1057 | F79: 8.71 | G79: x | H79: x | K79: x | L79: x
A80: Cheltuieli pentru alimentarea elevilor, în total, inclusiv | E80: 1060 | F80: 8.72 | G80: x | H80: x | I80: =SUM(I81:I86) -> 0 | J80: =SUM(J81:J86) -> 0 | K80: x | L80: x
A81: Cheltuieli pentru alimentarea elevilor din clasele 1-4, asigurați cu micul dejun | E81: 1061 | F81: 8.73 | G81: x | H81: x | K81: x | L81: x
A82: Cheltuieli pentru alimentarea elevilor din clasele 5-9(12), ce beneficiază de alimentație | E82: 1062 | F82: 8.74 | G82: x | H82: x | K82: x | L82: x
A83: Cheltuieli pentru alimentarea elevilor, din grupele cu regim prelungit | E83: 1063 | F83: 8.75 | G83: x | H83: x | K83: x | L83: x
A84: Cheltuieli pentru alimentarea altor categorii de elevi alimentați | E84: 1065 | F84: 8.76 | G84: x | H84: x | K84: x | L84: x
A85: Cheltuieli pentru alimentarea elevilor din clasele 5-8, din licee-internat cu profil sportiv | E85: 1066 | F85: 8.77 | G85: x | H85: x | K85: x | L85: x
A86: Cheltuieli pentru alimentarea elevilor din clasele 9-12, din licee-internat cu profil sportiv | E86: 1067 | F86: 8.78 | G86: x | H86: x | K86: x | L86: x
A87: Cheltuieli pentru acordarea compensațiilor bănești anuale cadrelor didactice | E87: 504 | F87: 8.79 | G87: x | H87: x | K87: x | L87: x
E89: Semnături:
E91: Șeful interimar DÎTS | H91: Alexandru ROȘCA
H92: (nume, prenume) | K92: (semnătura)
E93: Contabil Șef | H93: Alla RUDNIȚCAIA
H94: (nume, prenume) | K94: (semnătura)
E95: Executor | H95: Alexandr PRIȘCEPA
H96: (nume, prenume) | K96: (semnătura)

Sheet 09 12+21+22 (0044482)
A1: Învățământ primar, gimnazial, liceal (Alimentația) | J1: Forma FD-048BL Aprobat prin ordinul Ministrului al Finanțelor al Republicii Moldova nr. _______ al _________
A2: ORG2 | B2: F1F3 | C2: P1P2 | D2: P3
A3: TOTAL | B3: 09 | C3: 88 | D3: 00448
A4: REȚEA, STATE ȘI CONTINGENTE ALE INSTITUȚIILOR
A5: ÎN PERIOADA 12 LUNI. 2025
A6: Denumirea indicatorului | E6: CF | F6: CR | G6: Aprobat la începutul anului | H6: Aprobat la sfârșitul anului | I6: Numărul mediu prevazut pe an | J6: Numărul mediu realizat la mm.dd.20__ | K6: Real încadrat la începutul anului | L6: Real încadrat la sfârsitul perioadei
A8: RAPORT nr. 3-8 privind învățămîntul primar, gimnazial și liceal | F8: 8
A9: Instituții în total, inclusiv | E9: 1 | F9: 46030 | I9: x | J9: x
A10: filiale | E10: 10 | F10: 46061 | I10: x | J10: x
A11: Unități în state (posturi) în total, inclusiv | E11: 101 | F11: 46089 | G11: =G12+G16+G19 -> 0 | H11: =H12+H16+H19 -> 0 | I11: =I12+I16+I19 -> 0 | J11: =J12+J16+J19 -> 0 | K11: =K12+K16+K19 -> 0 | L11: =L12+L16+L19 -> 0
A12: funcții didactice, inclusiv | E12: 102 | F12: 46120 | G12: =SUM(G13:G14) -> 0 | H12: =SUM(H13:H14) -> 0 | I12: =SUM(I13:I14) -> 0 | J12: =SUM(J13:J14) -> 0 | K12: =SUM(K13:K14) -> 0 | L12: =SUM(L13:L14) -> 0
A13: de conducere | E13: 126 | F13: 46150
A14: de execuție din care | E14: 145 | F14: 46181
A15: cadre didactice de sprijin | E15: 146 | F15: 46211
A16: funcții de specialitate, inclusiv | E16: 103 | F16: 46242 | G16: =SUM(G17:G18) -> 0 | H16: =SUM(H17:H18) -> 0 | I16: =SUM(I17:I18) -> 0 | J16: =SUM(J17:J18) -> 0 | K16: =SUM(K17:K18) -> 0 | L16: =SUM(L17:L18) -> 0
A17: de conducere | E17: 126 | F17: 46273
A18: de execuție | E18: 145 | F18: 46303
A19: funcții complexe, inclusiv | E19: 104 | F19: 46334 | G19: =SUM(G20:G22) -> 0 | H19: =SUM(H20:H22) -> 0 | I19: =SUM(I20:I22) -> 0 | J19: =SUM(J20:J22) -> 0 | K19: =SUM(K20:K22) -> 0 | L19: =SUM(L20:L22) -> 0
A20: de conducere | E20: 126 | F20: 46364
A21: de execuție | E21: 145 | F21: 8.13
A22: muncitori | E22: 177 | F22: 8.14
A23: Personal angajat în total, inclusiv | E23: 100 | F23: 8.15 | G23: =G24+G28+G31 -> 0 | H23: =H24+H28+H31 -> 0 | I23: x | J23: =J24+J28+J31 -> 0 | K23: =K24+K28+K31 -> 0 | L23: =L24+L28+L31 -> 0
A24: funcții didactice, inclusiv | E24: 105 | F24: 8.16 | G24: =SUM(G25:G26) -> 0 | H24: =SUM(H25:H26) -> 0 | I24: x | J24: =SUM(J25:J26) -> 0 | K24: =SUM(K25:K26) -> 0 | L24: =SUM(L25:L26) -> 0
A25: de conducere | E25: 120 | F25: 8.17 | I25: x
A26: de execuție, din care | E26: 140 | F26: 8.18 | I26: x
A27: cadre didactice de sprijin | E27: 147 | F27: 8.19 | I27: x
A28: funcții de specialitate, inclusiv | E28: 106 | F28: 8.20 | G28: =SUM(G29:G30) -> 0 | H28: =SUM(H29:H30) -> 0 | I28: x | J28: =SUM(J29:J30) -> 0 | K28: =SUM(K29:K30) -> 0 | L28: =SUM(L29:L30) -> 0
A29: de conducere | E29: 120 | F29: 8.21 | I29: x
A30: de execuție | E30: 140 | F30: 8.22 | I30: x
A31: funcții complexe, inclusiv | E31: 107 | F31: 8.23 | G31: =SUM(G32:G34) -> 0 | H31: =SUM(H32:H34) -> 0 | I31: x | J31: =SUM(J32:J34) -> 0 | K31: =SUM(K32:K34) -> 0 | L31: =SUM(L32:L34) -> 0
A32: de conducere | E32: 120 | F32: 8.24 | I32: x
A33: de execuție | E33: 140 | F33: 8.25 | I33: x
A34: muncitori | E34: 175 | F34: 8.26 | I34: x
A35: Numărul personalului didactic beneficiar de compensații anuale, inclusiv | E35: 108 | F35: 8.27 | G35: =SUM(G36:G37) -> 0 | H35: =SUM(H36:H37) -> 0 | I35: x | J35: x | K35: =SUM(K36:K37) -> 0 | L35: =SUM(L36:L37) -> 0
A36: cu funcție de conducere | E36: 120 | F36: 8.28 | I36: x | J36: x
A37: cu funcție de execuție | E37: 140 | F37: 8.29 | I37: x | J37: x
A38: Retibuirea muncii în total, inclusiv | E38: 500 | F38: 8.30 | G38: x | H38: x | I38: =I39+I43+I46 -> 0 | J38: =J39+J43+J46 -> 0 | K38: x | L38: x
A39: funcții didactice, inclusiv | E39: 501 | F39: 8.31 | G39: x | H39: x | I39: =SUM(I40:I41) -> 0 | J39: =SUM(J40:J41) -> 0 | K39: x | L39: x
A40: de conducere | E40: 510 | F40: 8.32 | G40: x | H40: x | K40: x | L40: x
A41: de execuție, din care | E41: 540 | F41: 8.33 | G41: x | H41: x | K41: x | L41: x
A42: cadre didactice de sprijin | E42: 148 | F42: 8.34 | G42: x | H42: x | K42: x | L42: x
A43: funcții de specialitate, inclusiv | E43: 502 | F43: 8.35 | G43: x | H43: x | I43: =SUM(I44:I45) -> 0 | J43: =SUM(J44:J45) -> 0 | K43: x | L43: x
A44: de conducere | E44: 510 | F44: 8.36 | G44: x | H44: x | K44: x | L44: x
A45: de execuție | E45: 540 | F45: 8.37 | G45: x | H45: x | K45: x | L45: x
A46: funcții complexe, inclusiv | E46: 503 | F46: 8.38 | G46: x | H46: x | I46: =SUM(I47:I49) -> 0 | J46: =SUM(J47:J49) -> 0 | K46: x | L46: x
A47: de conducere | E47: 510 | F47: 8.39 | G47: x | H47: x | K47: x | L47: x
A48: de execuție | E48: 540 | F48: 8.40 | G48: x | H48: x | K48: x | L48: x
A49: muncitori | E49: 555 | F49: 8.41 | G49: x | H49: x | K49: x | L49: x
A50: Clase în total, inclusiv: | E50: 1100 | F50: 8.42 | G50: =SUM(G51:G53) -> 0 | H50: =SUM(H51:H53) -> 0 | I50: =SUM(I51:I53) -> 0 | J50: =SUM(J51:J53) -> 0 | K50: =SUM(K51:K53) -> 0 | L50: =SUM(L51:L53) -> 0
A51: clasele 1-4 | E51: 1101 | F51: 8.43
A52: clasele 5-9 | E52: 1102 | F52: 8.44
A53: clasele 10-12 | E53: 1103 | F53: 8.45
A54: Clase cu profil sportiv, inclusiv: | E54: 1110 | F54: 8.46 | G54: =SUM(G55:G57) -> 0 | H54: =SUM(H55:H57) -> 0 | I54: =SUM(I55:I57) -> 0 | J54: =SUM(J55:J57) -> 0 | K54: =SUM(K55:K57) -> 0 | L54: =SUM(L55:L57) -> 0
A55: clasele 1-4 | E55: 1111 | F55: 8.47
A56: clasele 5-9 | E56: 1112 | F56: 8.48
A57: clasele 10-12 | E57: 1113 | F57: 8.49
A58: Elevi în total, inclusiv: | E58: 1120 | F58: 8.50 | G58: =SUM(G59:G61) -> 0 | H58: =SUM(H59:H61) -> 0 | I58: =SUM(I59:I61) -> 0 | J58: =SUM(J59:J61) -> 0 | K58: =SUM(K59:K61) -> 0 | L58: =SUM(L59:L61) -> 0
A59: clasele 1-4 | E59: 1121 | F59: 8.51
A60: clasele 5-9 | E60: 1122 | F60: 8.52
A61: clasele 10-12 | E61: 1123 | F61: 8.53
A62: Elevi în total din clasele cu profil sportiv, inclusiv: | E62: 1130 | F62: 8.54 | G62: =SUM(G63:G65) -> 0 | H62: =SUM(H63:H65) -> 0 | I62: =SUM(I63:I65) -> 0 | J62: =SUM(J63:J65) -> 0 | K62: =SUM(K63:K65) -> 0 | L62: =SUM(L63:L65) -> 0
A63: clasele 1-4 | E63: 1131 | F63: 8.55
A64: clasele 5-9 | E64: 1132 | F64: 8.56
A65: clasele 10-12 | E65: 1133 | F65: 8.57
A66: Elevi alimentați, în total, inclusiv: | E66: 1040 | F66: 8.58 | G66: =SUM(G67:G72) -> 0 | H66: =SUM(H67:H72) -> 0 | I66: =SUM(I67:I72) -> 0 | J66: =SUM(J67:J72) -> 0 | K66: =SUM(K67:K72) -> 0 | L66: =SUM(L67:L72) -> 0
A67: Elevi alimentați din clasele 1-4, asigurați cu micul dejun | E67: 1041 | F67: 8.59 | G67: ='09 12+21+22 (TOTAL)'!G67 -> 0 | H67: ='09 12+21+22 (TOTAL)'!H67 -> 0 | I67: ='09 12+21+22 (TOTAL)'!I67 -> 0 | J67: ='09 12+21+22 (TOTAL)'!J67 -> 0 | K67: ='09 12+21+22 (TOTAL)'!K67 -> 0 | L67: ='09 12+21+22 (TOTAL)'!L67 -> 0
A68: Elevi din clasele 5-9(12), ce beneficiază de alimentație | E68: 1042 | F68: 8.60 | G68: ='09 12+21+22 (TOTAL)'!G68 -> 0 | H68: ='09 12+21+22 (TOTAL)'!H68 -> 0 | I68: ='09 12+21+22 (TOTAL)'!I68 -> 0 | J68: ='09 12+21+22 (TOTAL)'!J68 -> 0 | K68: ='09 12+21+22 (TOTAL)'!K68 -> 0 | L68: ='09 12+21+22 (TOTAL)'!L68 -> 0
A69: Elevi alimentați, din grupe cu regim prelungit | E69: 1043 | F69: 8.61 | G69: ='09 12+21+22 (TOTAL)'!G69 -> * | H69: ='09 12+21+22 (TOTAL)'!H69 -> * | I69: ='09 12+21+22 (TOTAL)'!I69 -> * | J69: ='09 12+21+22 (TOTAL)'!J69 -> * | K69: ='09 12+21+22 (TOTAL)'!K69 -> * | L69: ='09 12+21+22 (TOTAL)'!L69 -> *
A70: Alte categorii de elevi alimentați | E70: 1045 | F70: 8.62 | G70: ='09 12+21+22 (TOTAL)'!G70 -> 0 | H70: ='09 12+21+22 (TOTAL)'!H70 -> 0 | I70: ='09 12+21+22 (TOTAL)'!I70 -> 0 | J70: ='09 12+21+22 (TOTAL)'!J70 -> 0 | K70: ='09 12+21+22 (TOTAL)'!K70 -> 0 | L70: ='09 12+21+22 (TOTAL)'!L70 -> 0
A71: Elevi alimentați din clasele 5-8, din licee-internat cu profil sportiv | E71: 1046 | F71: 8.63 | G71: ='09 12+21+22 (TOTAL)'!G71 -> * | H71: ='09 12+21+22 (TOTAL)'!H71 -> * | I71: ='09 12+21+22 (TOTAL)'!I71 -> * | J71: ='09 12+21+22 (TOTAL)'!J71 -> * | K71: ='09 12+21+22 (TOTAL)'!K71 -> * | L71: ='09 12+21+22 (TOTAL)'!L71 -> *
A72: Elevi alimentați din clasele 9-12, din licee-internat cu profil sportiv | E72: 1047 | F72: 8.64 | G72: ='09 12+21+22 (TOTAL)'!G72 -> * | H72: ='09 12+21+22 (TOTAL)'!H72 -> * | I72: ='09 12+21+22 (TOTAL)'!I72 -> * | J72: ='09 12+21+22 (TOTAL)'!J72 -> * | K72: ='09 12+21+22 (TOTAL)'!K72 -> * | L72: ='09 12+21+22 (TOTAL)'!L72 -> *
A73: Zile de alimentare a elevilor, în total | E73: 1050 | F73: 8.65 | G73: x | H73: x | I73: =SUM(I74:I79) -> 0 | J73: =SUM(J74:J79) -> 0 | K73: x | L73: x
A74: Zile de alimentare a elevilor din clasele 1-4, asigurați cu micul dejun | E74: 1051 | F74: 8.66 | G74: x | H74: x | I74: ='09 12+21+22 (TOTAL)'!I74 -> 0 | J74: ='09 12+21+22 (TOTAL)'!J74 -> 0 | K74: x | L74: x
A75: Zile de alimentare a elevilor din clasele 5-9(12),ce beneficiaza de alimentație | E75: 1052 | F75: 8.67 | G75: x | H75: x | I75: ='09 12+21+22 (TOTAL)'!I75 -> 0 | J75: ='09 12+21+22 (TOTAL)'!J75 -> 0 | K75: x | L75: x
A76: Zile de alimentare a elevilor, din grupe cu regim prelungit | E76: 1053 | F76: 8.68 | G76: x | H76: x | I76: ='09 12+21+22 (TOTAL)'!I76 -> * | J76: ='09 12+21+22 (TOTAL)'!J76 -> * | K76: x | L76: x
A77: Zile de alimentare a altor categorii de elevi alimentați | E77: 1055 | F77: 8.69 | G77: x | H77: x | I77: ='09 12+21+22 (TOTAL)'!I77 -> 0 | J77: ='09 12+21+22 (TOTAL)'!J77 -> 0 | K77: x | L77: x
A78: Zile de alimentare a elevilor din clasele 5-8, din licee-internat cu profil sportiv | E78: 1056 | F78: 8.70 | G78: x | H78: x | I78: ='09 12+21+22 (TOTAL)'!I78 -> * | J78: ='09 12+21+22 (TOTAL)'!J78 -> * | K78: x | L78: x
A79: Zile de alimentare a elevilor din clasele 9-12, din licee-internat cu profil sportiv | E79: 1057 | F79: 8.71 | G79: x | H79: x | I79: ='09 12+21+22 (TOTAL)'!I79 -> * | J79: ='09 12+21+22 (TOTAL)'!J79 -> * | K79: x | L79: x
A80: Cheltuieli pentru alimentarea elevilor, în total, inclusiv | E80: 1060 | F80: 8.72 | G80: x | H80: x | I80: =SUM(I81:I86) -> 0 | J80: =SUM(J81:J86) -> 0 | K80: x | L80: x
A81: Cheltuieli pentru alimentarea elevilor din clasele 1-4, asigurați cu micul dejun | E81: 1061 | F81: 8.73 | G81: x | H81: x | I81: ='09 12+21+22 (TOTAL)'!I81 -> 0 | J81: ='09 12+21+22 (TOTAL)'!J81 -> 0 | K81: x | L81: x
A82: Cheltuieli pentru alimentarea elevilor din clasele 5-9(12), ce beneficiază de alimentație | E82: 1062 | F82: 8.74 | G82: x | H82: x | I82: ='09 12+21+22 (TOTAL)'!I82 -> 0 | J82: ='09 12+21+22 (TOTAL)'!J82 -> 0 | K82: x | L82: x
A83: Cheltuieli pentru alimentarea elevilor, din grupele cu regim prelungit | E83: 1063 | F83: 8.75 | G83: x | H83: x | I83: ='09 12+21+22 (TOTAL)'!I83 -> * | J83: ='09 12+21+22 (TOTAL)'!J83 -> * | K83: x | L83: x
A84: Cheltuieli pentru alimentarea altor categorii de elevi alimentați | E84: 1065 | F84: 8.76 | G84: x | H84: x | I84: ='09 12+21+22 (TOTAL)'!I84 -> 0 | J84: ='09 12+21+22 (TOTAL)'!J84 -> 0 | K84: x | L84: x
A85: Cheltuieli pentru alimentarea elevilor din clasele 5-8, din licee-internat cu profil sportiv | E85: 1066 | F85: 8.77 | G85: x | H85: x | I85: ='09 12+21+22 (TOTAL)'!I85 -> * | J85: ='09 12+21+22 (TOTAL)'!J85 -> * | K85: x | L85: x
A86: Cheltuieli pentru alimentarea elevilor din clasele 9-12, din licee-internat cu profil sportiv | E86: 1067 | F86: 8.78 | G86: x | H86: x | I86: ='09 12+21+22 (TOTAL)'!I86 -> * | J86: ='09 12+21+22 (TOTAL)'!J86 -> * | K86: x | L86: x
A87: Cheltuieli pentru acordarea compensațiilor bănești anuale cadrelor didactice | E87: 504 | F87: 8.79 | G87: x | H87: x | K87: x | L87: x
E89: Semnături:
E91: Șeful interimar DÎTS | H91: Alexandru ROȘCA
H92: (nume, prenume) | K92: (semnătura)
E93: Contabil Șef | H93: Alla RUDNIȚCAIA
H94: (nume, prenume) | K94: (semnătura)
E95: Executor | H95: Alexandr PRIȘCEPA
H96: (nume, prenume) | K96: (semnătura)

Sheet 09 12+21+22 (00492)
A1: Învățământ primar, gimnazial, liceal (Compensații) | J1: Forma FD-048BL Aprobat prin ordinul Ministrului al Finanțelor al Republicii Moldova nr. _______ al _________
A2: ORG2 | B2: F1F3 | C2: P1P2 | D2: P3
A3: TOTAL | B3: 09 | C3: 88 | D3: 00492
A4: REȚEA, STATE ȘI CONTINGENTE ALE INSTITUȚIILOR
A5: ÎN PERIOADA 12 LUNI. 2025
A6: Denumirea indicatorului | E6: CF | F6: CR | G6: Aprobat la începutul anului | H6: Aprobat la sfârșitul anului | I6: Numărul mediu prevazut pe an | J6: Numărul mediu realizat la mm.dd.20__ | K6: Real încadrat la începutul anului | L6: Real încadrat la sfârsitul perioadei
A8: RAPORT nr. 3-8 privind învățămîntul primar, gimnazial și liceal | F8: 8
A9: Instituții în total, inclusiv | E9: 1 | F9: 46030 | I9: x | J9: x
A10: filiale | E10: 10 | F10: 46061 | I10: x | J10: x
A11: Unități în state (posturi) în total, inclusiv | E11: 101 | F11: 46089 | G11: =G12+G16+G19 -> 0 | H11: =H12+H16+H19 -> 0 | I11: =I12+I16+I19 -> 0 | J11: =J12+J16+J19 -> 0 | K11: =K12+K16+K19 -> 0 | L11: =L12+L16+L19 -> 0
A12: funcții didactice, inclusiv | E12: 102 | F12: 46120 | G12: =SUM(G13:G14) -> 0 | H12: =SUM(H13:H14) -> 0 | I12: =SUM(I13:I14) -> 0 | J12: =SUM(J13:J14) -> 0 | K12: =SUM(K13:K14) -> 0 | L12: =SUM(L13:L14) -> 0
A13: de conducere | E13: 126 | F13: 46150
A14: de execuție din care | E14: 145 | F14: 46181
A15: cadre didactice de sprijin | E15: 146 | F15: 46211
A16: funcții de specialitate, inclusiv | E16: 103 | F16: 46242 | G16: =SUM(G17:G18) -> 0 | H16: =SUM(H17:H18) -> 0 | I16: =SUM(I17:I18) -> 0 | J16: =SUM(J17:J18) -> 0 | K16: =SUM(K17:K18) -> 0 | L16: =SUM(L17:L18) -> 0
A17: de conducere | E17: 126 | F17: 46273
A18: de execuție | E18: 145 | F18: 46303
A19: funcții complexe, inclusiv | E19: 104 | F19: 46334 | G19: =SUM(G20:G22) -> 0 | H19: =SUM(H20:H22) -> 0 | I19: =SUM(I20:I22) -> 0 | J19: =SUM(J20:J22) -> 0 | K19: =SUM(K20:K22) -> 0 | L19: =SUM(L20:L22) -> 0
A20: de conducere | E20: 126 | F20: 46364
A21: de execuție | E21: 145 | F21: 8.13
A22: muncitori | E22: 177 | F22: 8.14
A23: Personal angajat în total, inclusiv | E23: 100 | F23: 8.15 | G23: =G24+G28+G31 -> 0 | H23: =H24+H28+H31 -> 0 | I23: x | J23: =J24+J28+J31 -> 0 | K23: =K24+K28+K31 -> 0 | L23: =L24+L28+L31 -> 0
A24: funcții didactice, inclusiv | E24: 105 | F24: 8.16 | G24: =SUM(G25:G26) -> 0 | H24: =SUM(H25:H26) -> 0 | I24: x | J24: =SUM(J25:J26) -> 0 | K24: =SUM(K25:K26) -> 0 | L24: =SUM(L25:L26) -> 0
A25: de conducere | E25: 120 | F25: 8.17 | I25: x
A26: de execuție, din care | E26: 140 | F26: 8.18 | I26: x
A27: cadre didactice de sprijin | E27: 147 | F27: 8.19 | I27: x
A28: funcții de specialitate, inclusiv | E28: 106 | F28: 8.20 | G28: =SUM(G29:G30) -> 0 | H28: =SUM(H29:H30) -> 0 | I28: x | J28: =SUM(J29:J30) -> 0 | K28: =SUM(K29:K30) -> 0 | L28: =SUM(L29:L30) -> 0
A29: de conducere | E29: 120 | F29: 8.21 | I29: x
A30: de execuție | E30: 140 | F30: 8.22 | I30: x
A31: funcții complexe, inclusiv | E31: 107 | F31: 8.23 | G31: =SUM(G32:G34) -> 0 | H31: =SUM(H32:H34) -> 0 | I31: x | J31: =SUM(J32:J34) -> 0 | K31: =SUM(K32:K34) -> 0 | L31: =SUM(L32:L34) -> 0
A32: de conducere | E32: 120 | F32: 8.24 | I32: x
A33: de execuție | E33: 140 | F33: 8.25 | I33: x
A34: muncitori | E34: 175 | F34: 8.26 | I34: x
A35: Numărul personalului didactic beneficiar de compensații anuale, inclusiv | E35: 108 | F35: 8.27 | G35: =SUM(G36:G37) -> 256 | H35: =SUM(H36:H37) -> 272 | I35: x | J35: x | K35: =SUM(K36:K37) -> 256 | L35: =SUM(L36:L37) -> 118
A36: cu funcție de conducere | E36: 120 | F36: 8.28 | G36: ='09 12+21+22 (TOTAL)'!G36 -> 32 | H36: ='09 12+21+22 (TOTAL)'!H36 -> 32 | I36: x | J36: x | K36: ='09 12+21+22 (TOTAL)'!K36 -> 32 | L36: ='09 12+21+22 (TOTAL)'!L36 -> 15
A37: cu funcție de execuție | E37: 140 | F37: 8.29 | G37: ='09 12+21+22 (TOTAL)'!G37 -> 224 | H37: ='09 12+21+22 (TOTAL)'!H37 -> 240 | I37: x | J37: x | K37: ='09 12+21+22 (TOTAL)'!K37 -> 224 | L37: ='09 12+21+22 (TOTAL)'!L37 -> 103
A38: Retibuirea muncii în total, inclusiv | E38: 500 | F38: 8.30 | G38: x | H38: x | I38: =I39+I43+I46 -> 0 | J38: =J39+J43+J46 -> 0 | K38: x | L38: x
A39: funcții didactice, inclusiv | E39: 501 | F39: 8.31 | G39: x | H39: x | I39: =SUM(I40:I41) -> 0 | J39: =SUM(J40:J41) -> 0 | K39: x | L39: x
A40: de conducere | E40: 510 | F40: 8.32 | G40: x | H40: x | K40: x | L40: x
A41: de execuție, din care | E41: 540 | F41: 8.33 | G41: x | H41: x | K41: x | L41: x
A42: cadre didactice de sprijin | E42: 148 | F42: 8.34 | G42: x | H42: x | K42: x | L42: x
A43: funcții de specialitate, inclusiv | E43: 502 | F43: 8.35 | G43: x | H43: x | I43: =SUM(I44:I45) -> 0 | J43: =SUM(J44:J45) -> 0 | K43: x | L43: x
A44: de conducere | E44: 510 | F44: 8.36 | G44: x | H44: x | K44: x | L44: x
A45: de execuție | E45: 540 | F45: 8.37 | G45: x | H45: x | K45: x | L45: x
A46: funcții complexe, inclusiv | E46: 503 | F46: 8.38 | G46: x | H46: x | I46: =SUM(I47:I49) -> 0 | J46: =SUM(J47:J49) -> 0 | K46: x | L46: x
A47: de conducere | E47: 510 | F47: 8.39 | G47: x | H47: x | K47: x | L47: x
A48: de execuție | E48: 540 | F48: 8.40 | G48: x | H48: x | K48: x | L48: x
A49: muncitori | E49: 555 | F49: 8.41 | G49: x | H49: x | K49: x | L49: x
A50: Clase în total, inclusiv: | E50: 1100 | F50: 8.42 | G50: =SUM(G51:G53) -> 0 | H50: =SUM(H51:H53) -> 0 | I50: =SUM(I51:I53) -> 0 | J50: =SUM(J51:J53) -> 0 | K50: =SUM(K51:K53) -> 0 | L50: =SUM(L51:L53) -> 0
A51: clasele 1-4 | E51: 1101 | F51: 8.43
A52: clasele 5-9 | E52: 1102 | F52: 8.44
A53: clasele 10-12 | E53: 1103 | F53: 8.45
A54: Clase cu profil sportiv, inclusiv: | E54: 1110 | F54: 8.46 | G54: =SUM(G55:G57) -> 0 | H54: =SUM(H55:H57) -> 0 | I54: =SUM(I55:I57) -> 0 | J54: =SUM(J55:J57) -> 0 | K54: =SUM(K55:K57) -> 0 | L54: =SUM(L55:L57) -> 0
A55: clasele 1-4 | E55: 1111 | F55: 8.47
A56: clasele 5-9 | E56: 1112 | F56: 8.48
A57: clasele 10-12 | E57: 1113 | F57: 8.49
A58: Elevi în total, inclusiv: | E58: 1120 | F58: 8.50 | G58: =SUM(G59:G61) -> 0 | H58: =SUM(H59:H61) -> 0 | I58: =SUM(I59:I61) -> 0 | J58: =SUM(J59:J61) -> 0 | K58: =SUM(K59:K61) -> 0 | L58: =SUM(L59:L61) -> 0
A59: clasele 1-4 | E59: 1121 | F59: 8.51
A60: clasele 5-9 | E60: 1122 | F60: 8.52
A61: clasele 10-12 | E61: 1123 | F61: 8.53
A62: Elevi în total din clasele cu profil sportiv, inclusiv: | E62: 1130 | F62: 8.54 | G62: =SUM(G63:G65) -> 0 | H62: =SUM(H63:H65) -> 0 | I62: =SUM(I63:I65) -> 0 | J62: =SUM(J63:J65) -> 0 | K62: =SUM(K63:K65) -> 0 | L62: =SUM(L63:L65) -> 0
A63: clasele 1-4 | E63: 1131 | F63: 8.55
A64: clasele 5-9 | E64: 1132 | F64: 8.56
A65: clasele 10-12 | E65: 1133 | F65: 8.57
A66: Elevi alimentați, în total, inclusiv: | E66: 1040 | F66: 8.58 | G66: =SUM(G67:G72) -> 0 | H66: =SUM(H67:H72) -> 0 | I66: =SUM(I67:I72) -> 0 | J66: =SUM(J67:J72) -> 0 | K66: =SUM(K67:K72) -> 0 | L66: =SUM(L67:L72) -> 0
A67: Elevi alimentați din clasele 1-4, asigurați cu micul dejun | E67: 1041 | F67: 8.59
A68: Elevi din clasele 5-9(12), ce beneficiază de alimentație | E68: 1042 | F68: 8.60
A69: Elevi alimentați, din grupe cu regim prelungit | E69: 1043 | F69: 8.61
A70: Alte categorii de elevi alimentați | E70: 1045 | F70: 8.62
A71: Elevi alimentați din clasele 5-8, din licee-internat cu profil sportiv | E71: 1046 | F71: 8.63
A72: Elevi alimentați din clasele 9-12, din licee-internat cu profil sportiv | E72: 1047 | F72: 8.64
A73: Zile de alimentare a elevilor, în total | E73: 1050 | F73: 8.65 | G73: x | H73: x | I73: =SUM(I74:I79) -> 0 | J73: =SUM(J74:J79) -> 0 | K73: x | L73: x
A74: Zile de alimentare a elevilor din clasele 1-4, asigurați cu micul dejun | E74: 1051 | F74: 8.66 | G74: x | H74: x | K74: x | L74: x
A75: Zile de alimentare a elevilor din clasele 5-9(12),ce beneficiaza de alimentație | E75: 1052 | F75: 8.67 | G75: x | H75: x | K75: x | L75: x
A76: Zile de alimentare a elevilor, din grupe cu regim prelungit | E76: 1053 | F76: 8.68 | G76: x | H76: x | K76: x | L76: x
A77: Zile de alimentare a altor categorii de elevi alimentați | E77: 1055 | F77: 8.69 | G77: x | H77: x | K77: x | L77: x
A78: Zile de alimentare a elevilor din clasele 5-8, din licee-internat cu profil sportiv | E78: 1056 | F78: 8.70 | G78: x | H78: x | K78: x | L78: x
A79: Zile de alimentare a elevilor din clasele 9-12, din licee-internat cu profil sportiv | E79: 1057 | F79: 8.71 | G79: x | H79: x | K79: x | L79: x
A80: Cheltuieli pentru alimentarea elevilor, în total, inclusiv | E80: 1060 | F80: 8.72 | G80: x | H80: x | I80: =SUM(I81:I86) -> 0 | J80: =SUM(J81:J86) -> 0 | K80: x | L80: x
A81: Cheltuieli pentru alimentarea elevilor din clasele 1-4, asigurați cu micul dejun | E81: 1061 | F81: 8.73 | G81: x | H81: x | K81: x | L81: x
A82: Cheltuieli pentru alimentarea elevilor din clasele 5-9(12), ce beneficiază de alimentație | E82: 1062 | F82: 8.74 | G82: x | H82: x | K82: x | L82: x
A83: Cheltuieli pentru alimentarea elevilor, din grupele cu regim prelungit | E83: 1063 | F83: 8.75 | G83: x | H83: x | K83: x | L83: x
A84: Cheltuieli pentru alimentarea altor categorii de elevi alimentați | E84: 1065 | F84: 8.76 | G84: x | H84: x | K84: x | L84: x
A85: Cheltuieli pentru alimentarea elevilor din clasele 5-8, din licee-internat cu profil sportiv | E85: 1066 | F85: 8.77 | G85: x | H85: x | K85: x | L85: x
A86: Cheltuieli pentru alimentarea elevilor din clasele 9-12, din licee-internat cu profil sportiv | E86: 1067 | F86: 8.78 | G86: x | H86: x | K86: x | L86: x
A87: Cheltuieli pentru acordarea compensațiilor bănești anuale cadrelor didactice | E87: 504 | F87: 8.79 | G87: x | H87: x | I87: ='09 12+21+22 (TOTAL)'!I87 -> #VALUE! | J87: ='09 12+21+22 (TOTAL)'!J87 -> 416000 | K87: x | L87: x
E89: Semnături:
E91: Șeful interimar DÎTS | H91: Alexandru ROȘCA
H92: (nume, prenume) | K92: (semnătura)
E93: Contabil Șef | H93: Alla RUDNIȚCAIA
H94: (nume, prenume) | K94: (semnătura)
E95: Executor | H95: Alexandr PRIȘCEPA
H96: (nume, prenume) | K96: (semnătura)

Sheet 0912 (TOTAL)
A1: Învățământ primar | J1: Forma FD-048BL Aprobat prin ordinul Ministrului al Finanțelor al Republicii Moldova nr. _______ al _________
A2: ORG2 | B2: F1F3 | C2: P1P2 | D2: P3
A3: TOTAL | B3: 0912 | C3: 8803 | D3: TOTAL
A4: REȚEA, STATE ȘI CONTINGENTE ALE INSTITUȚIILOR
A5: ÎN PERIOADA 12 LUNI. 2025
A6: Denumirea indicatorului | E6: CF | F6: CR | G6: Aprobat la începutul anului | H6: Aprobat la sfârșitul anului | I6: Numărul mediu prevazut pe an | J6: Numărul mediu realizat la mm.dd.20__ | K6: Real încadrat la începutul anului | L6: Real încadrat la sfârsitul perioadei
A8: RAPORT nr. 3-8 privind învățămîntul primar, gimnazial și liceal | F8: 8
A9: Instituții în total, inclusiv | E9: 1 | F9: 46030 | G9: ='09881 (TOTAL)'!G9+'14279 (TOTAL)'!G9 -> 2 | H9: ='09881 (TOTAL)'!H9+'14279 (TOTAL)'!H9 -> 2 | I9: x | J9: x | K9: =H9 -> 2 | L9: ='09881 (TOTAL)'!L9+'14279 (TOTAL)'!L9 -> 2
A10: filiale | E10: 10 | F10: 46061 | G10: ='09881 (TOTAL)'!G10+'14279 (TOTAL)'!G10 -> 0 | H10: ='09881 (TOTAL)'!H10+'14279 (TOTAL)'!H10 -> 0 | I10: x | J10: x | K10: =G10 -> 0 | L10: ='09881 (TOTAL)'!L10+'14279 (TOTAL)'!L10 -> 0
A11: Unități în state (posturi) în total, inclusiv | E11: 101 | F11: 46089 | G11: =G12+G16+G19 -> 0 | H11: =H12+H16+H19 -> 0 | I11: =I12+I16+I19 -> 0 | J11: =J12+J16+J19 -> 0 | K11: =K12+K16+K19 -> 0 | L11: =L12+L16+L19 -> 0
A12: funcții didactice, inclusiv | E12: 102 | F12: 46120 | G12: =SUM(G13:G14) -> 0 | H12: =SUM(H13:H14) -> 0 | I12: =SUM(I13:I14) -> 0 | J12: =SUM(J13:J14) -> 0 | K12: =SUM(K13:K14) -> 0 | L12: =SUM(L13:L14) -> 0
A13: de conducere | E13: 126 | F13: 46150 | G13: ='09881 (TOTAL)'!G13+'14279 (TOTAL)'!G13 -> 0 | H13: ='09881 (TOTAL)'!H13+'14279 (TOTAL)'!H13 -> 0 | I13: ='09881 (TOTAL)'!I13+'14279 (TOTAL)'!I13 -> 0 | J13: ='09881 (TOTAL)'!J13+'14279 (TOTAL)'!J13 -> 0 | K13: =G13 -> 0 | L13: ='09881 (TOTAL)'!L13+'14279 (TOTAL)'!L13 -> 0
A14: de execuție din care | E14: 145 | F14: 46181 | G14: ='09881 (TOTAL)'!G14+'14279 (TOTAL)'!G14 -> 0 | H14: ='09881 (TOTAL)'!H14+'14279 (TOTAL)'!H14 -> 0 | I14: ='09881 (TOTAL)'!I14+'14279 (TOTAL)'!I14 -> 0 | J14: ='09881 (TOTAL)'!J14+'14279 (TOTAL)'!J14 -> 0 | K14: =G14 -> 0 | L14: ='09881 (TOTAL)'!L14+'14279 (TOTAL)'!L14 -> 0
A15: cadre didactice de sprijin | E15: 146 | F15: 46211 | G15: ='09881 (TOTAL)'!G15+'14279 (TOTAL)'!G15 -> 0 | H15: ='09881 (TOTAL)'!H15+'14279 (TOTAL)'!H15 -> 0 | I15: ='09881 (TOTAL)'!I15+'14279 (TOTAL)'!I15 -> 0 | J15: ='09881 (TOTAL)'!J15+'14279 (TOTAL)'!J15 -> 0 | K15: =G15 -> 0 | L15: ='09881 (TOTAL)'!L15+'14279 (TOTAL)'!L15 -> 0
A16: funcții de specialitate, inclusiv | E16: 103 | F16: 46242 | G16: =SUM(G17:G18) -> 0 | H16: =SUM(H17:H18) -> 0 | I16: =SUM(I17:I18) -> 0 | J16: =SUM(J17:J18) -> 0 | K16: =SUM(K17:K18) -> 0 | L16: =SUM(L17:L18) -> 0
A17: de conducere | E17: 126 | F17: 46273 | G17: ='09881 (TOTAL)'!G17+'14279 (TOTAL)'!G17 -> 0 | H17: ='09881 (TOTAL)'!H17+'14279 (TOTAL)'!H17 -> 0 | I17: ='09881 (TOTAL)'!I17+'14279 (TOTAL)'!I17 -> 0 | J17: ='09881 (TOTAL)'!J17+'14279 (TOTAL)'!J17 -> 0 | K17: =G17 -> 0 | L17: ='09881 (TOTAL)'!L17+'14279 (TOTAL)'!L17 -> 0
A18: de execuție | E18: 145 | F18: 46303 | G18: ='09881 (TOTAL)'!G18+'14279 (TOTAL)'!G18 -> 0 | H18: ='09881 (TOTAL)'!H18+'14279 (TOTAL)'!H18 -> 0 | I18: ='09881 (TOTAL)'!I18+'14279 (TOTAL)'!I18 -> 0 | J18: ='09881 (TOTAL)'!J18+'14279 (TOTAL)'!J18 -> 0 | K18: =G18 -> 0 | L18: ='09881 (TOTAL)'!L18+'14279 (TOTAL)'!L18 -> 0
A19: funcții complexe, inclusiv | E19: 104 | F19: 46334 | G19: =SUM(G20:G22) -> 0 | H19: =SUM(H20:H22) -> 0 | I19: =SUM(I20:I22) -> 0 | J19: =SUM(J20:J22) -> 0 | K19: =SUM(K20:K22) -> 0 | L19: =SUM(L20:L22) -> 0
A20: de conducere | E20: 126 | F20: 46364 | G20: ='09881 (TOTAL)'!G20+'14279 (TOTAL)'!G20 -> 0 | H20: ='09881 (TOTAL)'!H20+'14279 (TOTAL)'!H20 -> 0 | I20: ='09881 (TOTAL)'!I20+'14279 (TOTAL)'!I20 -> 0 | J20: ='09881 (TOTAL)'!J20+'14279 (TOTAL)'!J20 -> 0 | K20: =G20 -> 0 | L20: ='09881 (TOTAL)'!L20+'14279 (TOTAL)'!L20 -> 0
A21: de execuție | E21: 145 | F21: 8.13 | G21: ='09881 (TOTAL)'!G21+'14279 (TOTAL)'!G21 -> 0 | H21: ='09881 (TOTAL)'!H21+'14279 (TOTAL)'!H21 -> 0 | I21: ='09881 (TOTAL)'!I21+'14279 (TOTAL)'!I21 -> 0 | J21: ='09881 (TOTAL)'!J21+'14279 (TOTAL)'!J21 -> 0 | K21: =G21 -> 0 | L21: ='09881 (TOTAL)'!L21+'14279 (TOTAL)'!L21 -> 0
A22: muncitori | E22: 177 | F22: 8.14 | G22: ='09881 (TOTAL)'!G22+'14279 (TOTAL)'!G22 -> 0 | H22: ='09881 (TOTAL)'!H22+'14279 (TOTAL)'!H22 -> 0 | I22: ='09881 (TOTAL)'!I22+'14279 (TOTAL)'!I22 -> 0 | J22: ='09881 (TOTAL)'!J22+'14279 (TOTAL)'!J22 -> 0 | K22: =G22 -> 0 | L22: ='09881 (TOTAL)'!L22+'14279 (TOTAL)'!L22 -> 0
A23: Personal angajat în total, inclusiv | E23: 100 | F23: 8.15 | G23: =G24+G28+G31 -> 0 | H23: =H24+H28+H31 -> 0 | I23: x | J23: =J24+J28+J31 -> 0 | K23: =K24+K28+K31 -> 0 | L23: =L24+L28+L31 -> 0
A24: funcții didactice, inclusiv | E24: 105 | F24: 8.16 | G24: =SUM(G25:G26) -> 0 | H24: =SUM(H25:H26) -> 0 | I24: x | J24: =SUM(J25:J26) -> 0 | K24: =SUM(K25:K26) -> 0 | L24: =SUM(L25:L26) -> 0
A25: de conducere | E25: 120 | F25: 8.17 | G25: ='09881 (TOTAL)'!G25+'14279 (TOTAL)'!G25 -> 0 | H25: ='09881 (TOTAL)'!H25+'14279 (TOTAL)'!H25 -> 0 | I25: x | J25: ='09881 (TOTAL)'!J25+'14279 (TOTAL)'!J25 -> 0 | K25: =G25 -> 0 | L25: ='09881 (TOTAL)'!L25+'14279 (TOTAL)'!L25 -> 0
A26: de execuție, din care | E26: 140 | F26: 8.18 | G26: ='09881 (TOTAL)'!G26+'14279 (TOTAL)'!G26 -> 0 | H26: ='09881 (TOTAL)'!H26+'14279 (TOTAL)'!H26 -> 0 | I26: x | J26: ='09881 (TOTAL)'!J26+'14279 (TOTAL)'!J26 -> 0 | K26: =G26 -> 0 | L26: ='09881 (TOTAL)'!L26+'14279 (TOTAL)'!L26 -> 0
A27: cadre didactice de sprijin | E27: 147 | F27: 8.19 | G27: ='09881 (TOTAL)'!G27+'14279 (TOTAL)'!G27 -> 0 | H27: ='09881 (TOTAL)'!H27+'14279 (TOTAL)'!H27 -> 0 | I27: x | J27: ='09881 (TOTAL)'!J27+'14279 (TOTAL)'!J27 -> 0 | K27: =G27 -> 0 | L27: ='09881 (TOTAL)'!L27+'14279 (TOTAL)'!L27 -> 0
A28: funcții de specialitate, inclusiv | E28: 106 | F28: 8.20 | G28: =SUM(G29:G30) -> 0 | H28: =SUM(H29:H30) -> 0 | I28: x | J28: =SUM(J29:J30) -> 0 | K28: =SUM(K29:K30) -> 0 | L28: =SUM(L29:L30) -> 0
A29: de conducere | E29: 120 | F29: 8.21 | G29: ='09881 (TOTAL)'!G29+'14279 (TOTAL)'!G29 -> 0 | H29: ='09881 (TOTAL)'!H29+'14279 (TOTAL)'!H29 -> 0 | I29: x | J29: ='09881 (TOTAL)'!J29+'14279 (TOTAL)'!J29 -> 0 | K29: =G29 -> 0 | L29: ='09881 (TOTAL)'!L29+'14279 (TOTAL)'!L29 -> 0
A30: de execuție | E30: 140 | F30: 8.22 | G30: ='09881 (TOTAL)'!G30+'14279 (TOTAL)'!G30 -> 0 | H30: ='09881 (TOTAL)'!H30+'14279 (TOTAL)'!H30 -> 0 | I30: x | J30: ='09881 (TOTAL)'!J30+'14279 (TOTAL)'!J30 -> 0 | K30: =G30 -> 0 | L30: ='09881 (TOTAL)'!L30+'14279 (TOTAL)'!L30 -> 0
A31: funcții complexe, inclusiv | E31: 107 | F31: 8.23 | G31: =SUM(G32:G34) -> 0 | H31: =SUM(H32:H34) -> 0 | I31: x | J31: =SUM(J32:J34) -> 0 | K31: =SUM(K32:K34) -> 0 | L31: =SUM(L32:L34) -> 0
A32: de conducere | E32: 120 | F32: 8.24 | G32: ='09881 (TOTAL)'!G32+'14279 (TOTAL)'!G32 -> 0 | H32: ='09881 (TOTAL)'!H32+'14279 (TOTAL)'!H32 -> 0 | I32: x | J32: ='09881 (TOTAL)'!J32+'14279 (TOTAL)'!J32 -> 0 | K32: =G32 -> 0 | L32: ='09881 (TOTAL)'!L32+'14279 (TOTAL)'!L32 -> 0
A33: de execuție | E33: 140 | F33: 8.25 | G33: ='09881 (TOTAL)'!G33+'14279 (TOTAL)'!G33 -> 0 | H33: ='09881 (TOTAL)'!H33+'14279 (TOTAL)'!H33 -> 0 | I33: x | J33: ='09881 (TOTAL)'!J33+'14279 (TOTAL)'!J33 -> 0 | K33: =G33 -> 0 | L33: ='09881 (TOTAL)'!L33+'14279 (TOTAL)'!L33 -> 0
A34: muncitori | E34: 175 | F34: 8.26 | G34: ='09881 (TOTAL)'!G34+'14279 (TOTAL)'!G34 -> 0 | H34: ='09881 (TOTAL)'!H34+'14279 (TOTAL)'!H34 -> 0 | I34: x | J34: ='09881 (TOTAL)'!J34+'14279 (TOTAL)'!J34 -> 0 | K34: =G34 -> 0 | L34: ='09881 (TOTAL)'!L34+'14279 (TOTAL)'!L34 -> 0
A35: Numărul personalului didactic beneficiar de compensații anuale, inclusiv | E35: 108 | F35: 8.27 | G35: =SUM(G36:G37) -> 41 | H35: =SUM(H36:H37) -> 43 | I35: x | J35: x | K35: =SUM(K36:K37) -> 41 | L35: =SUM(L36:L37) -> 42
A36: cu funcție de conducere | E36: 120 | F36: 8.28 | G36: ='09881 (TOTAL)'!G36+'14279 (TOTAL)'!G36 -> 5 | H36: ='09881 (TOTAL)'!H36+'14279 (TOTAL)'!H36 -> 5 | I36: x | J36: x | K36: =G36 -> 5 | L36: ='09881 (TOTAL)'!L36+'14279 (TOTAL)'!L36 -> 5
A37: cu funcție de execuție | E37: 140 | F37: 8.29 | G37: ='09881 (TOTAL)'!G37+'14279 (TOTAL)'!G37 -> 36 | H37: ='09881 (TOTAL)'!H37+'14279 (TOTAL)'!H37 -> 38 | I37: x | J37: x | K37: =G37 -> 36 | L37: ='09881 (TOTAL)'!L37+'14279 (TOTAL)'!L37 -> 37
A38: Retibuirea muncii în total, inclusiv | E38: 500 | F38: 8.30 | G38: x | H38: x | I38: =I39+I43+I46 -> 0 | J38: =J39+J43+J46 -> 0 | K38: x | L38: x
A39: funcții didactice, inclusiv | E39: 501 | F39: 8.31 | G39: x | H39: x | I39: =SUM(I40:I41) -> 0 | J39: =SUM(J40:J41) -> 0 | K39: x | L39: x
A40: de conducere | E40: 510 | F40: 8.32 | G40: x | H40: x | I40: ='09881 (TOTAL)'!I40+'14279 (TOTAL)'!I40 -> 0 | J40: ='09881 (TOTAL)'!J40+'14279 (TOTAL)'!J40 -> 0 | K40: x | L40: x
A41: de execuție, din care | E41: 540 | F41: 8.33 | G41: x | H41: x | I41: ='09881 (TOTAL)'!I41+'14279 (TOTAL)'!I41 -> 0 | J41: ='09881 (TOTAL)'!J41+'14279 (TOTAL)'!J41 -> 0 | K41: x | L41: x
A42: cadre didactice de sprijin | E42: 148 | F42: 8.34 | G42: x | H42: x | I42: ='09881 (TOTAL)'!I42+'14279 (TOTAL)'!I42 -> 0 | J42: ='09881 (TOTAL)'!J42+'14279 (TOTAL)'!J42 -> 0 | K42: x | L42: x
A43: funcții de specialitate, inclusiv | E43: 502 | F43: 8.35 | G43: x | H43: x | I43: =SUM(I44:I45) -> 0 | J43: =SUM(J44:J45) -> 0 | K43: x | L43: x
A44: de conducere | E44: 510 | F44: 8.36 | G44: x | H44: x | I44: ='09881 (TOTAL)'!I44+'14279 (TOTAL)'!I44 -> 0 | J44: ='09881 (TOTAL)'!J44+'14279 (TOTAL)'!J44 -> 0 | K44: x | L44: x
A45: de execuție | E45: 540 | F45: 8.37 | G45: x | H45: x | I45: ='09881 (TOTAL)'!I45+'14279 (TOTAL)'!I45 -> 0 | J45: ='09881 (TOTAL)'!J45+'14279 (TOTAL)'!J45 -> 0 | K45: x | L45: x
A46: funcții complexe, inclusiv | E46: 503 | F46: 8.38 | G46: x | H46: x | I46: =SUM(I47:I49) -> 0 | J46: =SUM(J47:J49) -> 0 | K46: x | L46: x
A47: de conducere | E47: 510 | F47: 8.39 | G47: x | H47: x | I47: ='09881 (TOTAL)'!I47+'14279 (TOTAL)'!I47 -> 0 | J47: ='09881 (TOTAL)'!J47+'14279 (TOTAL)'!J47 -> 0 | K47: x | L47: x
A48: de execuție | E48: 540 | F48: 8.40 | G48: x | H48: x | I48: ='09881 (TOTAL)'!I48+'14279 (TOTAL)'!I48 -> 0 | J48: ='09881 (TOTAL)'!J48+'14279 (TOTAL)'!J48 -> 0 | K48: x | L48: x
A49: muncitori | E49: 555 | F49: 8.41 | G49: x | H49: x | I49: ='09881 (TOTAL)'!I49+'14279 (TOTAL)'!I49 -> 0 | J49: ='09881 (TOTAL)'!J49+'14279 (TOTAL)'!J49 -> 0 | K49: x | L49: x
A50: Clase în total, inclusiv: | E50: 1100 | F50: 8.42 | G50: =SUM(G51:G53) -> 0 | H50: =SUM(H51:H53) -> 0 | I50: =SUM(I51:I53) -> 0 | J50: =SUM(J51:J53) -> 0 | K50: =SUM(K51:K53) -> 0 | L50: =SUM(L51:L53) -> 0
A51: clasele 1-4 | E51: 1101 | F51: 8.43 | G51: ='09881 (TOTAL)'!G51+'14279 (TOTAL)'!G51 -> 0 | H51: ='09881 (TOTAL)'!H51+'14279 (TOTAL)'!H51 -> 0 | I51: ='09881 (TOTAL)'!I51+'14279 (TOTAL)'!I51 -> 0 | J51: ='09881 (TOTAL)'!J51+'14279 (TOTAL)'!J51 -> 0 | K51: =G51 -> 0 | L51: ='09881 (TOTAL)'!L51+'14279 (TOTAL)'!L51 -> 0
A52: clasele 5-9 | E52: 1102 | F52: 8.44 | G52: ='09881 (TOTAL)'!G52+'14279 (TOTAL)'!G52 -> 0 | H52: ='09881 (TOTAL)'!H52+'14279 (TOTAL)'!H52 -> 0 | I52: ='09881 (TOTAL)'!I52+'14279 (TOTAL)'!I52 -> 0 | J52: ='09881 (TOTAL)'!J52+'14279 (TOTAL)'!J52 -> 0 | K52: =G52 -> 0 | L52: ='09881 (TOTAL)'!L52+'14279 (TOTAL)'!L52 -> 0
A53: clasele 10-12 | E53: 1103 | F53: 8.45 | G53: ='09881 (TOTAL)'!G53+'14279 (TOTAL)'!G53 -> 0 | H53: ='09881 (TOTAL)'!H53+'14279 (TOTAL)'!H53 -> 0 | I53: ='09881 (TOTAL)'!I53+'14279 (TOTAL)'!I53 -> 0 | J53: ='09881 (TOTAL)'!J53+'14279 (TOTAL)'!J53 -> 0 | K53: =G53 -> 0 | L53: ='09881 (TOTAL)'!L53+'14279 (TOTAL)'!L53 -> 0
A54: Clase cu profil sportiv, inclusiv: | E54: 1110 | F54: 8.46 | G54: =SUM(G55:G57) -> 0 | H54: =SUM(H55:H57) -> 0 | I54: =SUM(I55:I57) -> 0 | J54: =SUM(J55:J57) -> 0 | K54: =SUM(K55:K57) -> 0 | L54: =SUM(L55:L57) -> 0
A55: clasele 1-4 | E55: 1111 | F55: 8.47 | G55: * | H55: * | I55: * | J55: * | K55: =G55 -> * | L55: *
A56: clasele 5-9 | E56: 1112 | F56: 8.48 | G56: * | H56: * | I56: * | J56: * | K56: =G56 -> * | L56: *
A57: clasele 10-12 | E57: 1113 | F57: 8.49 | G57: * | H57: * | I57: * | J57: * | K57: =G57 -> * | L57: *
A58: Elevi în total, inclusiv: | E58: 1120 | F58: 8.50 | G58: =SUM(G59:G61) -> 0 | H58: =SUM(H59:H61) -> 0 | I58: =SUM(I59:I61) -> 0 | J58: =SUM(J59:J61) -> 0 | K58: =SUM(K59:K61) -> 0 | L58: =SUM(L59:L61) -> 0
A59: clasele 1-4 | E59: 1121 | F59: 8.51 | G59: ='09881 (TOTAL)'!G59+'14279 (TOTAL)'!G59 -> 0 | H59: ='09881 (TOTAL)'!H59+'14279 (TOTAL)'!H59 -> 0 | I59: ='09881 (TOTAL)'!I59+'14279 (TOTAL)'!I59 -> 0 | J59: ='09881 (TOTAL)'!J59+'14279 (TOTAL)'!J59 -> 0 | K59: =G59 -> 0 | L59: ='09881 (TOTAL)'!L59+'14279 (TOTAL)'!L59 -> 0
A60: clasele 5-9 | E60: 1122 | F60: 8.52 | G60: ='09881 (TOTAL)'!G60+'14279 (TOTAL)'!G60 -> 0 | H60: ='09881 (TOTAL)'!H60+'14279 (TOTAL)'!H60 -> 0 | I60: ='09881 (TOTAL)'!I60+'14279 (TOTAL)'!I60 -> 0 | J60: ='09881 (TOTAL)'!J60+'14279 (TOTAL)'!J60 -> 0 | K60: =G60 -> 0 | L60: ='09881 (TOTAL)'!L60+'14279 (TOTAL)'!L60 -> 0
A61: clasele 10-12 | E61: 1123 | F61: 8.53 | G61: ='09881 (TOTAL)'!G61+'14279 (TOTAL)'!G61 -> 0 | H61: ='09881 (TOTAL)'!H61+'14279 (TOTAL)'!H61 -> 0 | I61: ='09881 (TOTAL)'!I61+'14279 (TOTAL)'!I61 -> 0 | J61: ='09881 (TOTAL)'!J61+'14279 (TOTAL)'!J61 -> 0 | K61: =G61 -> 0 | L61: ='09881 (TOTAL)'!L61+'14279 (TOTAL)'!L61 -> 0
A62: Elevi în total din clasele cu profil sportiv, inclusiv: | E62: 1130 | F62: 8.54 | G62: =SUM(G63:G65) -> 0 | H62: =SUM(H63:H65) -> 0 | I62: =SUM(I63:I65) -> 0 | J62: =SUM(J63:J65) -> 0 | K62: =SUM(K63:K65) -> 0 | L62: =SUM(L63:L65) -> 0
A63: clasele 1-4 | E63: 1131 | F63: 8.55 | G63: * | H63: * | I63: * | J63: * | K63: =G63 -> * | L63: *
A64: clasele 5-9 | E64: 1132 | F64: 8.56 | G64: * | H64: * | I64: * | J64: * | K64: =G64 -> * | L64: *
A65: clasele 10-12 | E65: 1133 | F65: 8.57 | G65: * | H65: * | I65: * | J65: * | K65: =G65 -> * | L65: *
A66: Elevi alimentați, în total, inclusiv: | E66: 1040 | F66: 8.58 | G66: =SUM(G67:G72) -> 0 | H66: =SUM(H67:H72) -> 0 | I66: =SUM(I67:I72) -> 0 | J66: =SUM(J67:J72) -> 0 | K66: =SUM(K67:K72) -> 0 | L66: =SUM(L67:L72) -> 0
A67: Elevi alimentați din clasele 1-4, asigurați cu micul dejun | E67: 1041 | F67: 8.59 | G67: ='09881 (TOTAL)'!G67+'14279 (TOTAL)'!G67 -> 0 | H67: ='09881 (TOTAL)'!H67+'14279 (TOTAL)'!H67 -> 0 | I67: ='09881 (TOTAL)'!I67+'14279 (TOTAL)'!I67 -> 0 | J67: ='09881 (TOTAL)'!J67+'14279 (TOTAL)'!J67 -> 0 | K67: =G67 -> 0 | L67: ='09881 (TOTAL)'!L67+'14279 (TOTAL)'!L67 -> 0
A68: Elevi din clasele 5-9(12), ce beneficiază de alimentație | E68: 1042 | F68: 8.60 | G68: ='09881 (TOTAL)'!G68+'14279 (TOTAL)'!G68 -> 0 | H68: ='09881 (TOTAL)'!H68+'14279 (TOTAL)'!H68 -> 0 | I68: ='09881 (TOTAL)'!I68+'14279 (TOTAL)'!I68 -> 0 | J68: ='09881 (TOTAL)'!J68+'14279 (TOTAL)'!J68 -> 0 | K68: =G68 -> 0 | L68: ='09881 (TOTAL)'!L68+'14279 (TOTAL)'!L68 -> 0
A69: Elevi alimentați, din grupe cu regim prelungit | E69: 1043 | F69: 8.61 | G69: * | H69: * | I69: * | J69: * | K69: =G69 -> * | L69: *
A70: Alte categorii de elevi alimentați | E70: 1045 | F70: 8.62 | G70: ='09881 (TOTAL)'!G70+'14279 (TOTAL)'!G70 -> 0 | H70: ='09881 (TOTAL)'!H70+'14279 (TOTAL)'!H70 -> 0 | I70: ='09881 (TOTAL)'!I70+'14279 (TOTAL)'!I70 -> 0 | J70: ='09881 (TOTAL)'!J70+'14279 (TOTAL)'!J70 -> 0 | K70: =G70 -> 0 | L70: ='09881 (TOTAL)'!L70+'14279 (TOTAL)'!L70 -> 0
A71: Elevi alimentați din clasele 5-8, din licee-internat cu profil sportiv | E71: 1046 | F71: 8.63 | G71: * | H71: * | I71: * | J71: * | K71: =G71 -> * | L71: *
A72: Elevi alimentați din clasele 9-12, din licee-internat cu profil sportiv | E72: 1047 | F72: 8.64 | G72: * | H72: * | I72: * | J72: * | K72: =G72 -> * | L72: *
A73: Zile de alimentare a elevilor, în total | E73: 1050 | F73: 8.65 | G73: x | H73: x | I73: =SUM(I74:I79) -> 0 | J73: =SUM(J74:J79) -> 0 | K73: x | L73: x
A74: Zile de alimentare a elevilor din clasele 1-4, asigurați cu micul dejun | E74: 1051 | F74: 8.66 | G74: x | H74: x | I74: ='09881 (TOTAL)'!I74+'14279 (TOTAL)'!I74 -> 0 | J74: ='09881 (TOTAL)'!J74+'14279 (TOTAL)'!J74 -> 0 | K74: x | L74: x
A75: Zile de alimentare a elevilor din clasele 5-9(12),ce beneficiaza de alimentație | E75: 1052 | F75: 8.67 | G75: x | H75: x | I75: ='09881 (TOTAL)'!I75+'14279 (TOTAL)'!I75 -> 0 | J75: ='09881 (TOTAL)'!J75+'14279 (TOTAL)'!J75 -> 0 | K75: x | L75: x
A76: Zile de alimentare a elevilor, din grupe cu regim prelungit | E76: 1053 | F76: 8.68 | G76: x | H76: x | I76: * | J76: * | K76: x | L76: x
A77: Zile de alimentare a altor categorii de elevi alimentați | E77: 1055 | F77: 8.69 | G77: x | H77: x | I77: ='09881 (TOTAL)'!I77+'14279 (TOTAL)'!I77 -> 0 | J77: ='09881 (TOTAL)'!J77+'14279 (TOTAL)'!J77 -> 0 | K77: x | L77: x
A78: Zile de alimentare a elevilor din clasele 5-8, din licee-internat cu profil sportiv | E78: 1056 | F78: 8.70 | G78: x | H78: x | I78: * | J78: * | K78: x | L78: x
A79: Zile de alimentare a elevilor din clasele 9-12, din licee-internat cu profil sportiv | E79: 1057 | F79: 8.71 | G79: x | H79: x | I79: * | J79: * | K79: x | L79: x
A80: Cheltuieli pentru alimentarea elevilor, în total, inclusiv | E80: 1060 | F80: 8.72 | G80: x | H80: x | I80: =SUM(I81:I86) -> 0 | J80: =SUM(J81:J86) -> 0 | K80: x | L80: x
A81: Cheltuieli pentru alimentarea elevilor din clasele 1-4, asigurați cu micul dejun | E81: 1061 | F81: 8.73 | G81: x | H81: x | I81: ='09881 (TOTAL)'!I81+'14279 (TOTAL)'!I81 -> 0 | J81: ='09881 (TOTAL)'!J81+'14279 (TOTAL)'!J81 -> 0 | K81: x | L81: x
A82: Cheltuieli pentru alimentarea elevilor din clasele 5-9(12), ce beneficiază de alimentație | E82: 1062 | F82: 8.74 | G82: x | H82: x | I82: ='09881 (TOTAL)'!I82+'14279 (TOTAL)'!I82 -> 0 | J82: ='09881 (TOTAL)'!J82+'14279 (TOTAL)'!J82 -> 0 | K82: x | L82: x
A83: Cheltuieli pentru alimentarea elevilor, din grupele cu regim prelungit | E83: 1063 | F83: 8.75 | G83: x | H83: x | I83: * | J83: * | K83: x | L83: x
A84: Cheltuieli pentru alimentarea altor categorii de elevi alimentați | E84: 1065 | F84: 8.76 | G84: x | H84: x | I84: ='09881 (TOTAL)'!I84+'14279 (TOTAL)'!I84 -> 0 | J84: ='09881 (TOTAL)'!J84+'14279 (TOTAL)'!J84 -> 0 | K84: x | L84: x
A85: Cheltuieli pentru alimentarea elevilor din clasele 5-8, din licee-internat cu profil sportiv | E85: 1066 | F85: 8.77 | G85: x | H85: x | I85: * | J85: * | K85: x | L85: x
A86: Cheltuieli pentru alimentarea elevilor din clasele 9-12, din licee-internat cu profil sportiv | E86: 1067 | F86: 8.78 | G86: x | H86: x | I86: * | J86: * | K86: x | L86: x
A87: Cheltuieli pentru acordarea compensațiilor bănești anuale cadrelor didactice | E87: 504 | F87: 8.79 | G87: x | H87: x | I87: ='09881 (TOTAL)'!I87+'14279 (TOTAL)'!I87 -> #VALUE! | J87: ='09881 (TOTAL)'!J87+'14279 (TOTAL)'!J87 -> 168000 | K87: x | L87: x
E89: Semnături:
E91: Șeful interimar DÎTS | H91: Alexandru ROȘCA
H92: (nume, prenume) | K92: (semnătura)
E93: Contabil Șef | H93: Alla RUDNIȚCAIA
H94: (nume, prenume) | K94: (semnătura)
E95: Executor | H95: Alexandr PRIȘCEPA
H96: (nume, prenume) | K96: (semnătura)

Sheet 0912 (00200)
A1: Învățământ primar (Activitatea de bază) | J1: Forma FD-048BL Aprobat prin ordinul Ministrului al Finanțelor al Republicii Moldova nr. _______ al _________
A2: ORG2 | B2: F1F3 | C2: P1P2 | D2: P3
A3: TOTAL | B3: 0912 | C3: 8803 | D3: 00200
A4: REȚEA, STATE ȘI CONTINGENTE ALE INSTITUȚIILOR
A5: ÎN PERIOADA 12 LUNI. 2025
A6: Denumirea indicatorului | E6: CF | F6: CR | G6: Aprobat la începutul anului | H6: Aprobat la sfârșitul anului | I6: Numărul mediu prevazut pe an | J6: Numărul mediu realizat la mm.dd.20__ | K6: Real încadrat la începutul anului | L6: Real încadrat la sfârsitul perioadei
A8: RAPORT nr. 3-8 privind învățămîntul primar, gimnazial și liceal | F8: 8
A9: Instituții în total, inclusiv | E9: 1 | F9: 46030 | I9: x | J9: x | K9: ='0912 (TOTAL)'!K9 -> 2
A10: filiale | E10: 10 | F10: 46061 | G10: ='0912 (TOTAL)'!G10 -> 0 | H10: ='0912 (TOTAL)'!H10 -> 0 | I10: x | J10: x | K10: ='0912 (TOTAL)'!K10 -> 0 | L10: ='0912 (TOTAL)'!L10 -> 0
A11: Unități în state (posturi) în total, inclusiv | E11: 101 | F11: 46089 | G11: =G12+G16+G19 -> 0 | H11: =H12+H16+H19 -> 0 | I11: =I12+I16+I19 -> 0 | J11: =J12+J16+J19 -> 0 | K11: =K12+K16+K19 -> 0 | L11: =L12+L16+L19 -> 0
A12: funcții didactice, inclusiv | E12: 102 | F12: 46120 | G12: =SUM(G13) -> 0 | H12: =SUM(H13:H14) -> 0 | I12: =SUM(I13:I14) -> 0 | J12: =SUM(J13:J14) -> 0 | K12: =SUM(K13:K14) -> 0 | L12: =SUM(L13:L14) -> 0
A13: de conducere | E13: 126 | F13: 46150 | G13: ='0912 (TOTAL)'!G13 -> 0 | H13: ='0912 (TOTAL)'!H13 -> 0 | I13: ='0912 (TOTAL)'!I13 -> 0 | J13: ='0912 (TOTAL)'!J13 -> 0 | K13: ='0912 (TOTAL)'!K13 -> 0 | L13: ='0912 (TOTAL)'!L13 -> 0
A14: de execuție din care | E14: 145 | F14: 46181 | G14: ='0912 (TOTAL)'!G14 -> 0 | H14: ='0912 (TOTAL)'!H14 -> 0 | I14: ='0912 (TOTAL)'!I14 -> 0 | J14: ='0912 (TOTAL)'!J14 -> 0 | K14: ='0912 (TOTAL)'!K14 -> 0 | L14: ='0912 (TOTAL)'!L14 -> 0
A15: cadre didactice de sprijin | E15: 146 | F15: 46211 | G15: ='0912 (TOTAL)'!G15 -> 0 | H15: ='0912 (TOTAL)'!H15 -> 0 | I15: ='0912 (TOTAL)'!I15 -> 0 | J15: ='0912 (TOTAL)'!J15 -> 0 | K15: ='0912 (TOTAL)'!K15 -> 0 | L15: ='0912 (TOTAL)'!L15 -> 0
A16: funcții de specialitate, inclusiv | E16: 103 | F16: 46242 | G16: =SUM(G17:G18) -> 0 | H16: =SUM(H17:H18) -> 0 | I16: =SUM(I17:I18) -> 0 | J16: =SUM(J17:J18) -> 0 | K16: =SUM(K17:K18) -> 0 | L16: =SUM(L17:L18) -> 0
A17: de conducere | E17: 126 | F17: 46273 | G17: ='0912 (TOTAL)'!G17 -> 0 | H17: ='0912 (TOTAL)'!H17 -> 0 | I17: ='0912 (TOTAL)'!I17 -> 0 | J17: ='0912 (TOTAL)'!J17 -> 0 | K17: ='0912 (TOTAL)'!K17 -> 0 | L17: ='0912 (TOTAL)'!L17 -> 0
A18: de execuție | E18: 145 | F18: 46303 | G18: ='0912 (TOTAL)'!G18 -> 0 | H18: ='0912 (TOTAL)'!H18 -> 0 | I18: ='0912 (TOTAL)'!I18 -> 0 | J18: ='0912 (TOTAL)'!J18 -> 0 | K18: ='0912 (TOTAL)'!K18 -> 0 | L18: ='0912 (TOTAL)'!L18 -> 0
A19: funcții complexe, inclusiv | E19: 104 | F19: 46334 | G19: =SUM(G20:G22) -> 0 | H19: =SUM(H20:H22) -> 0 | I19: =SUM(I20:I22) -> 0 | J19: =SUM(J20:J22) -> 0 | K19: =SUM(K20:K22) -> 0 | L19: =SUM(L20:L22) -> 0
A20: de conducere | E20: 126 | F20: 46364 | G20: ='0912 (TOTAL)'!G20 -> 0 | H20: ='0912 (TOTAL)'!H20 -> 0 | I20: ='0912 (TOTAL)'!I20 -> 0 | J20: ='0912 (TOTAL)'!J20 -> 0 | K20: ='0912 (TOTAL)'!K20 -> 0 | L20: ='0912 (TOTAL)'!L20 -> 0
A21: de execuție | E21: 145 | F21: 8.13 | G21: ='0912 (TOTAL)'!G21 -> 0 | H21: ='0912 (TOTAL)'!H21 -> 0 | I21: ='0912 (TOTAL)'!I21 -> 0 | J21: ='0912 (TOTAL)'!J21 -> 0 | K21: ='0912 (TOTAL)'!K21 -> 0 | L21: ='0912 (TOTAL)'!L21 -> 0
A22: muncitori | E22: 177 | F22: 8.14 | G22: ='0912 (TOTAL)'!G22 -> 0 | H22: ='0912 (TOTAL)'!H22 -> 0 | I22: ='0912 (TOTAL)'!I22 -> 0 | J22: ='0912 (TOTAL)'!J22 -> 0 | K22: ='0912 (TOTAL)'!K22 -> 0 | L22: ='0912 (TOTAL)'!L22 -> 0
A23: Personal angajat în total, inclusiv | E23: 100 | F23: 8.15 | G23: =G24+G28+G31 -> 0 | H23: =H24+H28+H31 -> 0 | I23: x | J23: =J24+J28+J31 -> 0 | K23: =K24+K28+K31 -> 0 | L23: =L24+L28+L31 -> 0
A24: funcții didactice, inclusiv | E24: 105 | F24: 8.16 | G24: =SUM(G25:G26) -> 0 | H24: =SUM(H25:H26) -> 0 | I24: x | J24: =SUM(J25:J26) -> 0 | K24: =SUM(K25:K26) -> 0 | L24: =SUM(L25:L26) -> 0
A25: de conducere | E25: 120 | F25: 8.17 | G25: ='0912 (TOTAL)'!G25 -> 0 | H25: ='0912 (TOTAL)'!H25 -> 0 | I25: x | J25: ='0912 (TOTAL)'!J25 -> 0 | K25: ='0912 (TOTAL)'!K25 -> 0 | L25: ='0912 (TOTAL)'!L25 -> 0
A26: de execuție, din care | E26: 140 | F26: 8.18 | G26: ='0912 (TOTAL)'!G26 -> 0 | H26: ='0912 (TOTAL)'!H26 -> 0 | I26: x | J26: ='0912 (TOTAL)'!J26 -> 0 | K26: ='0912 (TOTAL)'!K26 -> 0 | L26: ='0912 (TOTAL)'!L26 -> 0
A27: cadre didactice de sprijin | E27: 147 | F27: 8.19 | G27: ='0912 (TOTAL)'!G27 -> 0 | H27: ='0912 (TOTAL)'!H27 -> 0 | I27: x | J27: ='0912 (TOTAL)'!J27 -> 0 | K27: ='0912 (TOTAL)'!K27 -> 0 | L27: ='0912 (TOTAL)'!L27 -> 0
A28: funcții de specialitate, inclusiv | E28: 106 | F28: 8.20 | G28: =SUM(G29:G30) -> 0 | H28: =SUM(H29:H30) -> 0 | I28: x | J28: =SUM(J29:J30) -> 0 | K28: =SUM(K29:K30) -> 0 | L28: =SUM(L29:L30) -> 0
A29: de conducere | E29: 120 | F29: 8.21 | G29: ='0912 (TOTAL)'!G29 -> 0 | H29: ='0912 (TOTAL)'!H29 -> 0 | I29: x | J29: ='0912 (TOTAL)'!J29 -> 0 | K29: ='0912 (TOTAL)'!K29 -> 0 | L29: ='0912 (TOTAL)'!L29 -> 0
A30: de execuție | E30: 140 | F30: 8.22 | G30: ='0912 (TOTAL)'!G30 -> 0 | H30: ='0912 (TOTAL)'!H30 -> 0 | I30: x | J30: ='0912 (TOTAL)'!J30 -> 0 | K30: ='0912 (TOTAL)'!K30 -> 0 | L30: ='0912 (TOTAL)'!L30 -> 0
A31: funcții complexe, inclusiv | E31: 107 | F31: 8.23 | G31: =SUM(G32:G34) -> 0 | H31: =SUM(H32:H34) -> 0 | I31: x | J31: =SUM(J32:J34) -> 0 | K31: =SUM(K32:K34) -> 0 | L31: =SUM(L32:L34) -> 0
A32: de conducere | E32: 120 | F32: 8.24 | G32: ='0912 (TOTAL)'!G32 -> 0 | H32: ='0912 (TOTAL)'!H32 -> 0 | I32: x | J32: ='0912 (TOTAL)'!J32 -> 0 | K32: ='0912 (TOTAL)'!K32 -> 0 | L32: ='0912 (TOTAL)'!L32 -> 0
A33: de execuție | E33: 140 | F33: 8.25 | G33: ='0912 (TOTAL)'!G33 -> 0 | H33: ='0912 (TOTAL)'!H33 -> 0 | I33: x | J33: ='0912 (TOTAL)'!J33 -> 0 | K33: ='0912 (TOTAL)'!K33 -> 0 | L33: ='0912 (TOTAL)'!L33 -> 0
A34: muncitori | E34: 175 | F34: 8.26 | G34: ='0912 (TOTAL)'!G34 -> 0 | H34: ='0912 (TOTAL)'!H34 -> 0 | I34: x | J34: ='0912 (TOTAL)'!J34 -> 0 | K34: ='0912 (TOTAL)'!K34 -> 0 | L34: ='0912 (TOTAL)'!L34 -> 0
A35: Numărul personalului didactic beneficiar de compensații anuale, inclusiv | E35: 108 | F35: 8.27 | G35: =SUM(G36:G37) -> 0 | H35: =SUM(H36:H37) -> 0 | I35: x | J35: x | K35: =SUM(K36:K37) -> 0 | L35: =SUM(L36:L37) -> 0
A36: cu funcție de conducere | E36: 120 | F36: 8.28 | I36: x | J36: x
A37: cu funcție de execuție | E37: 140 | F37: 8.29 | I37: x | J37: x
A38: Retibuirea muncii în total, inclusiv | E38: 500 | F38: 8.30 | G38: x | H38: x | I38: =I39+I43+I46 -> 0 | J38: =J39+J43+J46 -> 0 | K38: x | L38: x
A39: funcții didactice, inclusiv | E39: 501 | F39: 8.31 | G39: x | H39: x | I39: =SUM(I40:I41) -> 0 | J39: =SUM(J40:J41) -> 0 | K39: x | L39: x
A40: de conducere | E40: 510 | F40: 8.32 | G40: x | H40: x | I40: ='0912 (TOTAL)'!I40 -> 0 | J40: ='0912 (TOTAL)'!J40 -> 0 | K40: x | L40: x
A41: de execuție, din care | E41: 540 | F41: 8.33 | G41: x | H41: x | I41: ='0912 (TOTAL)'!I41 -> 0 | J41: ='0912 (TOTAL)'!J41 -> 0 | K41: x | L41: x
A42: cadre didactice de sprijin | E42: 148 | F42: 8.34 | G42: x | H42: x | I42: ='0912 (TOTAL)'!I42 -> 0 | J42: ='0912 (TOTAL)'!J42 -> 0 | K42: x | L42: x
A43: funcții de specialitate, inclusiv | E43: 502 | F43: 8.35 | G43: x | H43: x | I43: =SUM(I44:I45) -> 0 | J43: =SUM(J44:J45) -> 0 | K43: x | L43: x
A44: de conducere | E44: 510 | F44: 8.36 | G44: x | H44: x | I44: ='0912 (TOTAL)'!I44 -> 0 | J44: ='0912 (TOTAL)'!J44 -> 0 | K44: x | L44: x
A45: de execuție | E45: 540 | F45: 8.37 | G45: x | H45: x | I45: ='0912 (TOTAL)'!I45 -> 0 | J45: ='0912 (TOTAL)'!J45 -> 0 | K45: x | L45: x
A46: funcții complexe, inclusiv | E46: 503 | F46: 8.38 | G46: x | H46: x | I46: =SUM(I47:I49) -> 0 | J46: =SUM(J47:J49) -> 0 | K46: x | L46: x
A47: de conducere | E47: 510 | F47: 8.39 | G47: x | H47: x | I47: ='0912 (TOTAL)'!I47 -> 0 | J47: ='0912 (TOTAL)'!J47 -> 0 | K47: x | L47: x
A48: de execuție | E48: 540 | F48: 8.40 | G48: x | H48: x | I48: ='0912 (TOTAL)'!I48 -> 0 | J48: ='0912 (TOTAL)'!J48 -> 0 | K48: x | L48: x
A49: muncitori | E49: 555 | F49: 8.41 | G49: x | H49: x | I49: ='0912 (TOTAL)'!I49 -> 0 | J49: ='0912 (TOTAL)'!J49 -> 0 | K49: x | L49: x
A50: Clase în total, inclusiv: | E50: 1100 | F50: 8.42 | G50: =SUM(G51:G53) -> 0 | H50: =SUM(H51:H53) -> 0 | I50: =SUM(I51:I53) -> 0 | J50: =SUM(J51:J53) -> 0 | K50: =SUM(K51:K53) -> 0 | L50: =SUM(L51:L53) -> 0
A51: clasele 1-4 | E51: 1101 | F51: 8.43 | G51: ='0912 (TOTAL)'!G51 -> 0 | H51: ='0912 (TOTAL)'!H51 -> 0 | I51: ='0912 (TOTAL)'!I51 -> 0 | J51: ='0912 (TOTAL)'!J51 -> 0 | K51: ='0912 (TOTAL)'!K51 -> 0 | L51: ='0912 (TOTAL)'!L51 -> 0
A52: clasele 5-9 | E52: 1102 | F52: 8.44 | G52: ='0912 (TOTAL)'!G52 -> 0 | H52: ='0912 (TOTAL)'!H52 -> 0 | I52: ='0912 (TOTAL)'!I52 -> 0 | J52: ='0912 (TOTAL)'!J52 -> 0 | K52: ='0912 (TOTAL)'!K52 -> 0 | L52: ='0912 (TOTAL)'!L52 -> 0
A53: clasele 10-12 | E53: 1103 | F53: 8.45 | G53: ='0912 (TOTAL)'!G53 -> 0 | H53: ='0912 (TOTAL)'!H53 -> 0 | I53: ='0912 (TOTAL)'!I53 -> 0 | J53: ='0912 (TOTAL)'!J53 -> 0 | K53: ='0912 (TOTAL)'!K53 -> 0 | L53: ='0912 (TOTAL)'!L53 -> 0
A54: Clase cu profil sportiv, inclusiv: | E54: 1110 | F54: 8.46 | G54: =SUM(G55:G57) -> 0 | H54: =SUM(H55:H57) -> 0 | I54: =SUM(I55:I57) -> 0 | J54: =SUM(J55:J57) -> 0 | K54: =SUM(K55:K57) -> 0 | L54: =SUM(L55:L57) -> 0
A55: clasele 1-4 | E55: 1111 | F55: 8.47 | G55: ='0912 (TOTAL)'!G55 -> * | H55: ='0912 (TOTAL)'!H55 -> * | I55: ='0912 (TOTAL)'!I55 -> * | J55: ='0912 (TOTAL)'!J55 -> * | K55: ='0912 (TOTAL)'!K55 -> * | L55: ='0912 (TOTAL)'!L55 -> *
A56: clasele 5-9 | E56: 1112 | F56: 8.48 | G56: ='0912 (TOTAL)'!G56 -> * | H56: ='0912 (TOTAL)'!H56 -> * | I56: ='0912 (TOTAL)'!I56 -> * | J56: ='0912 (TOTAL)'!J56 -> * | K56: ='0912 (TOTAL)'!K56 -> * | L56: ='0912 (TOTAL)'!L56 -> *
A57: clasele 10-12 | E57: 1113 | F57: 8.49 | G57: ='0912 (TOTAL)'!G57 -> * | H57: ='0912 (TOTAL)'!H57 -> * | I57: ='0912 (TOTAL)'!I57 -> * | J57: ='0912 (TOTAL)'!J57 -> * | K57: ='0912 (TOTAL)'!K57 -> * | L57: ='0912 (TOTAL)'!L57 -> *
A58: Elevi în total, inclusiv: | E58: 1120 | F58: 8.50 | G58: =SUM(G59:G61) -> 0 | H58: =SUM(H59:H61) -> 0 | I58: =SUM(I59:I61) -> 0 | J58: =SUM(J59:J61) -> 0 | K58: =SUM(K59:K61) -> 0 | L58: =SUM(L59:L61) -> 0
A59: clasele 1-4 | E59: 1121 | F59: 8.51 | G59: ='0912 (TOTAL)'!G59 -> 0 | H59: ='0912 (TOTAL)'!H59 -> 0 | I59: ='0912 (TOTAL)'!I59 -> 0 | J59: ='0912 (TOTAL)'!J59 -> 0 | K59: ='0912 (TOTAL)'!K59 -> 0 | L59: ='0912 (TOTAL)'!L59 -> 0
A60: clasele 5-9 | E60: 1122 | F60: 8.52 | G60: ='0912 (TOTAL)'!G60 -> 0 | H60: ='0912 (TOTAL)'!H60 -> 0 | I60: ='0912 (TOTAL)'!I60 -> 0 | J60: ='0912 (TOTAL)'!J60 -> 0 | K60: ='0912 (TOTAL)'!K60 -> 0 | L60: ='0912 (TOTAL)'!L60 -> 0
A61: clasele 10-12 | E61: 1123 | F61: 8.53 | G61: ='0912 (TOTAL)'!G61 -> 0 | H61: ='0912 (TOTAL)'!H61 -> 0 | I61: ='0912 (TOTAL)'!I61 -> 0 | J61: ='0912 (TOTAL)'!J61 -> 0 | K61: ='0912 (TOTAL)'!K61 -> 0 | L61: ='0912 (TOTAL)'!L61 -> 0
A62: Elevi în total din clasele cu profil sportiv, inclusiv: | E62: 1130 | F62: 8.54 | G62: =SUM(G63:G65) -> 0 | H62: =SUM(H63:H65) -> 0 | I62: =SUM(I63:I65) -> 0 | J62: =SUM(J63:J65) -> 0 | K62: =SUM(K63:K65) -> 0 | L62: =SUM(L63:L65) -> 0
A63: clasele 1-4 | E63: 1131 | F63: 8.55 | G63: ='0912 (TOTAL)'!G63 -> * | H63: ='0912 (TOTAL)'!H63 -> * | I63: ='0912 (TOTAL)'!I63 -> * | J63: ='0912 (TOTAL)'!J63 -> * | K63: ='0912 (TOTAL)'!K63 -> * | L63: ='0912 (TOTAL)'!L63 -> *
A64: clasele 5-9 | E64: 1132 | F64: 8.56 | G64: ='0912 (TOTAL)'!G64 -> * | H64: ='0912 (TOTAL)'!H64 -> * | I64: ='0912 (TOTAL)'!I64 -> * | J64: ='0912 (TOTAL)'!J64 -> * | K64: ='0912 (TOTAL)'!K64 -> * | L64: ='0912 (TOTAL)'!L64 -> *
A65: clasele 10-12 | E65: 1133 | F65: 8.57 | G65: ='0912 (TOTAL)'!G65 -> * | H65: ='0912 (TOTAL)'!H65 -> * | I65: ='0912 (TOTAL)'!I65 -> * | J65: ='0912 (TOTAL)'!J65 -> * | K65: ='0912 (TOTAL)'!K65 -> * | L65: ='0912 (TOTAL)'!L65 -> *
A66: Elevi alimentați, în total, inclusiv: | E66: 1040 | F66: 8.58 | G66: =SUM(G67:G72) -> 0 | H66: =SUM(H67:H72) -> 0 | I66: =SUM(I67:I72) -> 0 | J66: =SUM(J67:J72) -> 0 | K66: =SUM(K67:K72) -> 0 | L66: =SUM(L67:L72) -> 0
A67: Elevi alimentați din clasele 1-4, asigurați cu micul dejun | E67: 1041 | F67: 8.59
A68: Elevi din clasele 5-9(12), ce beneficiază de alimentație | E68: 1042 | F68: 8.60
A69: Elevi alimentați, din grupe cu regim prelungit | E69: 1043 | F69: 8.61
A70: Alte categorii de elevi alimentați | E70: 1045 | F70: 8.62
A71: Elevi alimentați din clasele 5-8, din licee-internat cu profil sportiv | E71: 1046 | F71: 8.63
A72: Elevi alimentați din clasele 9-12, din licee-internat cu profil sportiv | E72: 1047 | F72: 8.64
A73: Zile de alimentare a elevilor, în total | E73: 1050 | F73: 8.65 | G73: x | H73: x | I73: =SUM(I74:I79) -> 0 | J73: =SUM(J74:J79) -> 0 | K73: x | L73: x
A74: Zile de alimentare a elevilor din clasele 1-4, asigurați cu micul dejun | E74: 1051 | F74: 8.66 | G74: x | H74: x | K74: x | L74: x
A75: Zile de alimentare a elevilor din clasele 5-9(12),ce beneficiaza de alimentație | E75: 1052 | F75: 8.67 | G75: x | H75: x | K75: x | L75: x
A76: Zile de alimentare a elevilor, din grupe cu regim prelungit | E76: 1053 | F76: 8.68 | G76: x | H76: x | K76: x | L76: x
A77: Zile de alimentare a altor categorii de elevi alimentați | E77: 1055 | F77: 8.69 | G77: x | H77: x | K77: x | L77: x
A78: Zile de alimentare a elevilor din clasele 5-8, din licee-internat cu profil sportiv | E78: 1056 | F78: 8.70 | G78: x | H78: x | K78: x | L78: x
A79: Zile de alimentare a elevilor din clasele 9-12, din licee-internat cu profil sportiv | E79: 1057 | F79: 8.71 | G79: x | H79: x | K79: x | L79: x
A80: Cheltuieli pentru alimentarea elevilor, în total, inclusiv | E80: 1060 | F80: 8.72 | G80: x | H80: x | I80: =SUM(I81:I86) -> 0 | J80: =SUM(J81:J86) -> 0 | K80: x | L80: x
A81: Cheltuieli pentru alimentarea elevilor din clasele 1-4, asigurați cu micul dejun | E81: 1061 | F81: 8.73 | G81: x | H81: x | K81: x | L81: x
A82: Cheltuieli pentru alimentarea elevilor din clasele 5-9(12), ce beneficiază de alimentație | E82: 1062 | F82: 8.74 | G82: x | H82: x | K82: x | L82: x
A83: Cheltuieli pentru alimentarea elevilor, din grupele cu regim prelungit | E83: 1063 | F83: 8.75 | G83: x | H83: x | K83: x | L83: x
A84: Cheltuieli pentru alimentarea altor categorii de elevi alimentați | E84: 1065 | F84: 8.76 | G84: x | H84: x | K84: x | L84: x
A85: Cheltuieli pentru alimentarea elevilor din clasele 5-8, din licee-internat cu profil sportiv | E85: 1066 | F85: 8.77 | G85: x | H85: x | K85: x | L85: x
A86: Cheltuieli pentru alimentarea elevilor din clasele 9-12, din licee-internat cu profil sportiv | E86: 1067 | F86: 8.78 | G86: x | H86: x | K86: x | L86: x
A87: Cheltuieli pentru acordarea compensațiilor bănești anuale cadrelor didactice | E87: 504 | F87: 8.79 | G87: x | H87: x | K87: x | L87: x
E89: Semnături:
E91: Șeful interimar DÎTS | H91: Alexandru ROȘCA
H92: (nume, prenume) | K92: (semnătura)
E93: Contabil Șef | H93: Alla RUDNIȚCAIA
H94: (nume, prenume) | K94: (semnătura)
E95: Executor | H95: Alexandr PRIȘCEPA
H96: (nume, prenume) | K96: (semnătura)

Sheet 0912 (00448)
A1: Învățământ primar (Alimentația) | J1: Forma FD-048BL Aprobat prin ordinul Ministrului al Finanțelor al Republicii Moldova nr. _______ al _________
A2: ORG2 | B2: F1F3 | C2: P1P2 | D2: P3
A3: TOTAL | B3: 0912 | C3: 8803 | D3: 00448
A4: REȚEA, STATE ȘI CONTINGENTE ALE INSTITUȚIILOR
A5: ÎN PERIOADA 12 LUNI. 2025
A6: Denumirea indicatorului | E6: CF | F6: CR | G6: Aprobat la începutul anului | H6: Aprobat la sfârșitul anului | I6: Numărul mediu prevazut pe an | J6: Numărul mediu realizat la mm.dd.20__ | K6: Real încadrat la începutul anului | L6: Real încadrat la sfârsitul perioadei
A8: RAPORT nr. 3-8 privind învățămîntul primar, gimnazial și liceal | F8: 8
A9: Instituții în total, inclusiv | E9: 1 | F9: 46030 | I9: x | J9: x
A10: filiale | E10: 10 | F10: 46061 | I10: x | J10: x
A11: Unități în state (posturi) în total, inclusiv | E11: 101 | F11: 46089 | G11: =G12+G16+G19 -> 0 | H11: =H12+H16+H19 -> 0 | I11: =I12+I16+I19 -> 0 | J11: =J12+J16+J19 -> 0 | K11: =K12+K16+K19 -> 0 | L11: =L12+L16+L19 -> 0
A12: funcții didactice, inclusiv | E12: 102 | F12: 46120 | G12: =SUM(G13:G14) -> 0 | H12: =SUM(H13:H14) -> 0 | I12: =SUM(I13:I14) -> 0 | J12: =SUM(J13:J14) -> 0 | K12: =SUM(K13:K14) -> 0 | L12: =SUM(L13:L14) -> 0
A13: de conducere | E13: 126 | F13: 46150
A14: de execuție din care | E14: 145 | F14: 46181
A15: cadre didactice de sprijin | E15: 146 | F15: 46211
A16: funcții de specialitate, inclusiv | E16: 103 | F16: 46242 | G16: =SUM(G17:G18) -> 0 | H16: =SUM(H17:H18) -> 0 | I16: =SUM(I17:I18) -> 0 | J16: =SUM(J17:J18) -> 0 | K16: =SUM(K17:K18) -> 0 | L16: =SUM(L17:L18) -> 0
A17: de conducere | E17: 126 | F17: 46273
A18: de execuție | E18: 145 | F18: 46303
A19: funcții complexe, inclusiv | E19: 104 | F19: 46334 | G19: =SUM(G20:G22) -> 0 | H19: =SUM(H20:H22) -> 0 | I19: =SUM(I20:I22) -> 0 | J19: =SUM(J20:J22) -> 0 | K19: =SUM(K20:K22) -> 0 | L19: =SUM(L20:L22) -> 0
A20: de conducere | E20: 126 | F20: 46364
A21: de execuție | E21: 145 | F21: 8.13
A22: muncitori | E22: 177 | F22: 8.14
A23: Personal angajat în total, inclusiv | E23: 100 | F23: 8.15 | G23: =G24+G28+G31 -> 0 | H23: =H24+H28+H31 -> 0 | I23: x | J23: =J24+J28+J31 -> 0 | K23: =K24+K28+K31 -> 0 | L23: =L24+L28+L31 -> 0
A24: funcții didactice, inclusiv | E24: 105 | F24: 8.16 | G24: =SUM(G25:G26) -> 0 | H24: =SUM(H25:H26) -> 0 | I24: x | J24: =SUM(J25:J26) -> 0 | K24: =SUM(K25:K26) -> 0 | L24: =SUM(L25:L26) -> 0
A25: de conducere | E25: 120 | F25: 8.17 | I25: x
A26: de execuție, din care | E26: 140 | F26: 8.18 | I26: x
A27: cadre didactice de sprijin | E27: 147 | F27: 8.19 | I27: x
A28: funcții de specialitate, inclusiv | E28: 106 | F28: 8.20 | G28: =SUM(G29:G30) -> 0 | H28: =SUM(H29:H30) -> 0 | I28: x | J28: =SUM(J29:J30) -> 0 | K28: =SUM(K29:K30) -> 0 | L28: =SUM(L29:L30) -> 0
A29: de conducere | E29: 120 | F29: 8.21 | I29: x
A30: de execuție | E30: 140 | F30: 8.22 | I30: x
A31: funcții complexe, inclusiv | E31: 107 | F31: 8.23 | G31: =SUM(G32:G34) -> 0 | H31: =SUM(H32:H34) -> 0 | I31: x | J31: =SUM(J32:J34) -> 0 | K31: =SUM(K32:K34) -> 0 | L31: =SUM(L32:L34) -> 0
A32: de conducere | E32: 120 | F32: 8.24 | I32: x
A33: de execuție | E33: 140 | F33: 8.25 | I33: x
A34: muncitori | E34: 175 | F34: 8.26 | I34: x
A35: Numărul personalului didactic beneficiar de compensații anuale, inclusiv | E35: 108 | F35: 8.27 | G35: =SUM(G36:G37) -> 0 | H35: =SUM(H36:H37) -> 0 | I35: x | J35: x | K35: =SUM(K36:K37) -> 0 | L35: =SUM(L36:L37) -> 0
A36: cu funcție de conducere | E36: 120 | F36: 8.28 | I36: x | J36: x
A37: cu funcție de execuție | E37: 140 | F37: 8.29 | I37: x | J37: x
A38: Retibuirea muncii în total, inclusiv | E38: 500 | F38: 8.30 | G38: x | H38: x | I38: =I39+I43+I46 -> 0 | J38: =J39+J43+J46 -> 0 | K38: x | L38: x
A39: funcții didactice, inclusiv | E39: 501 | F39: 8.31 | G39: x | H39: x | I39: =SUM(I40:I41) -> 0 | J39: =SUM(J40:J41) -> 0 | K39: x | L39: x
A40: de conducere | E40: 510 | F40: 8.32 | G40: x | H40: x | K40: x | L40: x
A41: de execuție, din care | E41: 540 | F41: 8.33 | G41: x | H41: x | K41: x | L41: x
A42: cadre didactice de sprijin | E42: 148 | F42: 8.34 | G42: x | H42: x | K42: x | L42: x
A43: funcții de specialitate, inclusiv | E43: 502 | F43: 8.35 | G43: x | H43: x | I43: =SUM(I44:I45) -> 0 | J43: =SUM(J44:J45) -> 0 | K43: x | L43: x
A44: de conducere | E44: 510 | F44: 8.36 | G44: x | H44: x | K44: x | L44: x
A45: de execuție | E45: 540 | F45: 8.37 | G45: x | H45: x | K45: x | L45: x
A46: funcții complexe, inclusiv | E46: 503 | F46: 8.38 | G46: x | H46: x | I46: =SUM(I47:I49) -> 0 | J46: =SUM(J47:J49) -> 0 | K46: x | L46: x
A47: de conducere | E47: 510 | F47: 8.39 | G47: x | H47: x | K47: x | L47: x
A48: de execuție | E48: 540 | F48: 8.40 | G48: x | H48: x | K48: x | L48: x
A49: muncitori | E49: 555 | F49: 8.41 | G49: x | H49: x | K49: x | L49: x
A50: Clase în total, inclusiv: | E50: 1100 | F50: 8.42 | G50: =SUM(G51:G53) -> 0 | H50: =SUM(H51:H53) -> 0 | I50: =SUM(I51:I53) -> 0 | J50: =SUM(J51:J53) -> 0 | K50: =SUM(K51:K53) -> 0 | L50: =SUM(L51:L53) -> 0
A51: clasele 1-4 | E51: 1101 | F51: 8.43
A52: clasele 5-9 | E52: 1102 | F52: 8.44
A53: clasele 10-12 | E53: 1103 | F53: 8.45
A54: Clase cu profil sportiv, inclusiv: | E54: 1110 | F54: 8.46 | G54: =SUM(G55:G57) -> 0 | H54: =SUM(H55:H57) -> 0 | I54: =SUM(I55:I57) -> 0 | J54: =SUM(J55:J57) -> 0 | K54: =SUM(K55:K57) -> 0 | L54: =SUM(L55:L57) -> 0
A55: clasele 1-4 | E55: 1111 | F55: 8.47
A56: clasele 5-9 | E56: 1112 | F56: 8.48
A57: clasele 10-12 | E57: 1113 | F57: 8.49
A58: Elevi în total, inclusiv: | E58: 1120 | F58: 8.50 | G58: =SUM(G59:G61) -> 0 | H58: =SUM(H59:H61) -> 0 | I58: =SUM(I59:I61) -> 0 | J58: =SUM(J59:J61) -> 0 | K58: =SUM(K59:K61) -> 0 | L58: =SUM(L59:L61) -> 0
A59: clasele 1-4 | E59: 1121 | F59: 8.51
A60: clasele 5-9 | E60: 1122 | F60: 8.52
A61: clasele 10-12 | E61: 1123 | F61: 8.53
A62: Elevi în total din clasele cu profil sportiv, inclusiv: | E62: 1130 | F62: 8.54 | G62: =SUM(G63:G65) -> 0 | H62: =SUM(H63:H65) -> 0 | I62: =SUM(I63:I65) -> 0 | J62: =SUM(J63:J65) -> 0 | K62: =SUM(K63:K65) -> 0 | L62: =SUM(L63:L65) -> 0
A63: clasele 1-4 | E63: 1131 | F63: 8.55
A64: clasele 5-9 | E64: 1132 | F64: 8.56
A65: clasele 10-12 | E65: 1133 | F65: 8.57
A66: Elevi alimentați, în total, inclusiv: | E66: 1040 | F66: 8.58 | G66: =SUM(G67:G72) -> 0 | H66: =SUM(H67:H72) -> 0 | I66: =SUM(I67:I72) -> 0 | J66: =SUM(J67:J72) -> 0 | K66: =SUM(K67:K72) -> 0 | L66: =SUM(L67:L72) -> 0
A67: Elevi alimentați din clasele 1-4, asigurați cu micul dejun | E67: 1041 | F67: 8.59 | G67: ='0912 (TOTAL)'!G67 -> 0 | H67: ='0912 (TOTAL)'!H67 -> 0 | I67: ='0912 (TOTAL)'!I67 -> 0 | J67: ='0912 (TOTAL)'!J67 -> 0 | K67: ='0912 (TOTAL)'!K67 -> 0 | L67: ='0912 (TOTAL)'!L67 -> 0
A68: Elevi din clasele 5-9(12), ce beneficiază de alimentație | E68: 1042 | F68: 8.60 | G68: ='0912 (TOTAL)'!G68 -> 0 | H68: ='0912 (TOTAL)'!H68 -> 0 | I68: ='0912 (TOTAL)'!I68 -> 0 | J68: ='0912 (TOTAL)'!J68 -> 0 | K68: ='0912 (TOTAL)'!K68 -> 0 | L68: ='0912 (TOTAL)'!L68 -> 0
A69: Elevi alimentați, din grupe cu regim prelungit | E69: 1043 | F69: 8.61 | G69: ='0912 (TOTAL)'!G69 -> * | H69: ='0912 (TOTAL)'!H69 -> * | I69: ='0912 (TOTAL)'!I69 -> * | J69: ='0912 (TOTAL)'!J69 -> * | K69: ='0912 (TOTAL)'!K69 -> * | L69: ='0912 (TOTAL)'!L69 -> *
A70: Alte categorii de elevi alimentați | E70: 1045 | F70: 8.62 | G70: ='0912 (TOTAL)'!G70 -> 0 | H70: ='0912 (TOTAL)'!H70 -> 0 | I70: ='0912 (TOTAL)'!I70 -> 0 | J70: ='0912 (TOTAL)'!J70 -> 0 | K70: ='0912 (TOTAL)'!K70 -> 0 | L70: ='0912 (TOTAL)'!L70 -> 0
A71: Elevi alimentați din clasele 5-8, din licee-internat cu profil sportiv | E71: 1046 | F71: 8.63 | G71: ='0912 (TOTAL)'!G71 -> * | H71: ='0912 (TOTAL)'!H71 -> * | I71: ='0912 (TOTAL)'!I71 -> * | J71: ='0912 (TOTAL)'!J71 -> * | K71: ='0912 (TOTAL)'!K71 -> * | L71: ='0912 (TOTAL)'!L71 -> *
A72: Elevi alimentați din clasele 9-12, din licee-internat cu profil sportiv | E72: 1047 | F72: 8.64 | G72: ='0912 (TOTAL)'!G72 -> * | H72: ='0912 (TOTAL)'!H72 -> * | I72: ='0912 (TOTAL)'!I72 -> * | J72: ='0912 (TOTAL)'!J72 -> * | K72: ='0912 (TOTAL)'!K72 -> * | L72: ='0912 (TOTAL)'!L72 -> *
A73: Zile de alimentare a elevilor, în total | E73: 1050 | F73: 8.65 | G73: x | H73: x | I73: =SUM(I74:I79) -> 0 | J73: =SUM(J74:J79) -> 0 | K73: x | L73: x
A74: Zile de alimentare a elevilor din clasele 1-4, asigurați cu micul dejun | E74: 1051 | F74: 8.66 | G74: x | H74: x | I74: ='0912 (TOTAL)'!I74 -> 0 | J74: ='0912 (TOTAL)'!J74 -> 0 | K74: x | L74: x
A75: Zile de alimentare a elevilor din clasele 5-9(12),ce beneficiaza de alimentație | E75: 1052 | F75: 8.67 | G75: x | H75: x | I75: ='0912 (TOTAL)'!I75 -> 0 | J75: ='0912 (TOTAL)'!J75 -> 0 | K75: x | L75: x
A76: Zile de alimentare a elevilor, din grupe cu regim prelungit | E76: 1053 | F76: 8.68 | G76: x | H76: x | I76: ='0912 (TOTAL)'!I76 -> * | J76: ='0912 (TOTAL)'!J76 -> * | K76: x | L76: x
A77: Zile de alimentare a altor categorii de elevi alimentați | E77: 1055 | F77: 8.69 | G77: x | H77: x | I77: ='0912 (TOTAL)'!I77 -> 0 | J77: ='0912 (TOTAL)'!J77 -> 0 | K77: x | L77: x
A78: Zile de alimentare a elevilor din clasele 5-8, din licee-internat cu profil sportiv | E78: 1056 | F78: 8.70 | G78: x | H78: x | I78: ='0912 (TOTAL)'!I78 -> * | J78: ='0912 (TOTAL)'!J78 -> * | K78: x | L78: x
A79: Zile de alimentare a elevilor din clasele 9-12, din licee-internat cu profil sportiv | E79: 1057 | F79: 8.71 | G79: x | H79: x | I79: ='0912 (TOTAL)'!I79 -> * | J79: ='0912 (TOTAL)'!J79 -> * | K79: x | L79: x
A80: Cheltuieli pentru alimentarea elevilor, în total, inclusiv | E80: 1060 | F80: 8.72 | G80: x | H80: x | I80: =SUM(I81:I86) -> 0 | J80: =SUM(J81:J86) -> 0 | K80: x | L80: x
A81: Cheltuieli pentru alimentarea elevilor din clasele 1-4, asigurați cu micul dejun | E81: 1061 | F81: 8.73 | G81: x | H81: x | I81: ='0912 (TOTAL)'!I81 -> 0 | J81: ='0912 (TOTAL)'!J81 -> 0 | K81: x | L81: x
A82: Cheltuieli pentru alimentarea elevilor din clasele 5-9(12), ce beneficiază de alimentație | E82: 1062 | F82: 8.74 | G82: x | H82: x | I82: ='0912 (TOTAL)'!I82 -> 0 | J82: ='0912 (TOTAL)'!J82 -> 0 | K82: x | L82: x
A83: Cheltuieli pentru alimentarea elevilor, din grupele cu regim prelungit | E83: 1063 | F83: 8.75 | G83: x | H83: x | I83: ='0912 (TOTAL)'!I83 -> * | J83: ='0912 (TOTAL)'!J83 -> * | K83: x | L83: x
A84: Cheltuieli pentru alimentarea altor categorii de elevi alimentați | E84: 1065 | F84: 8.76 | G84: x | H84: x | I84: ='0912 (TOTAL)'!I84 -> 0 | J84: ='0912 (TOTAL)'!J84 -> 0 | K84: x | L84: x
A85: Cheltuieli pentru alimentarea elevilor din clasele 5-8, din licee-internat cu profil sportiv | E85: 1066 | F85: 8.77 | G85: x | H85: x | I85: ='0912 (TOTAL)'!I85 -> * | J85: ='0912 (TOTAL)'!J85 -> * | K85: x | L85: x
A86: Cheltuieli pentru alimentarea elevilor din clasele 9-12, din licee-internat cu profil sportiv | E86: 1067 | F86: 8.78 | G86: x | H86: x | I86: ='0912 (TOTAL)'!I86 -> * | J86: ='0912 (TOTAL)'!J86 -> * | K86: x | L86: x
A87: Cheltuieli pentru acordarea compensațiilor bănești anuale cadrelor didactice | E87: 504 | F87: 8.79 | G87: x | H87: x | K87: x | L87: x
E89: Semnături:
E91: Șeful interimar DÎTS | H91: Alexandru ROȘCA
H92: (nume, prenume) | K92: (semnătura)
E93: Contabil Șef | H93: Alla RUDNIȚCAIA
H94: (nume, prenume) | K94: (semnătura)
E95: Executor | H95: Alexandr PRIȘCEPA
H96: (nume, prenume) | K96: (semnătura)

Sheet 0912 (00492)
A1: Învățământ primar (Compensații) | J1: Forma FD-048BL Aprobat prin ordinul Ministrului al Finanțelor al Republicii Moldova nr. _______ al _________
A2: ORG2 | B2: F1F3 | C2: P1P2 | D2: P3
A3: TOTAL | B3: 0912 | C3: 8803 | D3: 00492
A4: REȚEA, STATE ȘI CONTINGENTE ALE INSTITUȚIILOR
A5: ÎN PERIOADA 12 LUNI. 2025
A6: Denumirea indicatorului | E6: CF | F6: CR | G6: Aprobat la începutul anului | H6: Aprobat la sfârșitul anului | I6: Numărul mediu prevazut pe an | J6: Numărul mediu realizat la mm.dd.20__ | K6: Real încadrat la începutul anului | L6: Real încadrat la sfârsitul perioadei
A8: RAPORT nr. 3-8 privind învățămîntul primar, gimnazial și liceal | F8: 8
A9: Instituții în total, inclusiv | E9: 1 | F9: 46030 | I9: x | J9: x
A10: filiale | E10: 10 | F10: 46061 | I10: x | J10: x
A11: Unități în state (posturi) în total, inclusiv | E11: 101 | F11: 46089 | G11: =G12+G16+G19 -> 0 | H11: =H12+H16+H19 -> 0 | I11: =I12+I16+I19 -> 0 | J11: =J12+J16+J19 -> 0 | K11: =K12+K16+K19 -> 0 | L11: =L12+L16+L19 -> 0
A12: funcții didactice, inclusiv | E12: 102 | F12: 46120 | G12: =SUM(G13:G14) -> 0 | H12: =SUM(H13:H14) -> 0 | I12: =SUM(I13:I14) -> 0 | J12: =SUM(J13:J14) -> 0 | K12: =SUM(K13:K14) -> 0 | L12: =SUM(L13:L14) -> 0
A13: de conducere | E13: 126 | F13: 46150
A14: de execuție din care | E14: 145 | F14: 46181
A15: cadre didactice de sprijin | E15: 146 | F15: 46211
A16: funcții de specialitate, inclusiv | E16: 103 | F16: 46242 | G16: =SUM(G17:G18) -> 0 | H16: =SUM(H17:H18) -> 0 | I16: =SUM(I17:I18) -> 0 | J16: =SUM(J17:J18) -> 0 | K16: =SUM(K17:K18) -> 0 | L16: =SUM(L17:L18) -> 0
A17: de conducere | E17: 126 | F17: 46273
A18: de execuție | E18: 145 | F18: 46303
A19: funcții complexe, inclusiv | E19: 104 | F19: 46334 | G19: =SUM(G20:G22) -> 0 | H19: =SUM(H20:H22) -> 0 | I19: =SUM(I20:I22) -> 0 | J19: =SUM(J20:J22) -> 0 | K19: =SUM(K20:K22) -> 0 | L19: =SUM(L20:L22) -> 0
A20: de conducere | E20: 126 | F20: 46364
A21: de execuție | E21: 145 | F21: 8.13
A22: muncitori | E22: 177 | F22: 8.14
A23: Personal angajat în total, inclusiv | E23: 100 | F23: 8.15 | G23: =G24+G28+G31 -> 0 | H23: =H24+H28+H31 -> 0 | I23: x | J23: =J24+J28+J31 -> 0 | K23: =K24+K28+K31 -> 0 | L23: =L24+L28+L31 -> 0
A24: funcții didactice, inclusiv | E24: 105 | F24: 8.16 | G24: =SUM(G25:G26) -> 0 | H24: =SUM(H25:H26) -> 0 | I24: x | J24: =SUM(J25:J26) -> 0 | K24: =SUM(K25:K26) -> 0 | L24: =SUM(L25:L26) -> 0
A25: de conducere | E25: 120 | F25: 8.17 | I25: x
A26: de execuție, din care | E26: 140 | F26: 8.18 | I26: x
A27: cadre didactice de sprijin | E27: 147 | F27: 8.19 | I27: x
A28: funcții de specialitate, inclusiv | E28: 106 | F28: 8.20 | G28: =SUM(G29:G30) -> 0 | H28: =SUM(H29:H30) -> 0 | I28: x | J28: =SUM(J29:J30) -> 0 | K28: =SUM(K29:K30) -> 0 | L28: =SUM(L29:L30) -> 0
A29: de conducere | E29: 120 | F29: 8.21 | I29: x
A30: de execuție | E30: 140 | F30: 8.22 | I30: x
A31: funcții complexe, inclusiv | E31: 107 | F31: 8.23 | G31: =SUM(G32:G34) -> 0 | H31: =SUM(H32:H34) -> 0 | I31: x | J31: =SUM(J32:J34) -> 0 | K31: =SUM(K32:K34) -> 0 | L31: =SUM(L32:L34) -> 0
A32: de conducere | E32: 120 | F32: 8.24 | I32: x
A33: de execuție | E33: 140 | F33: 8.25 | I33: x
A34: muncitori | E34: 175 | F34: 8.26 | I34: x
A35: Numărul personalului didactic beneficiar de compensații anuale, inclusiv | E35: 108 | F35: 8.27 | G35: =SUM(G36:G37) -> 41 | H35: =SUM(H36:H37) -> 43 | I35: x | J35: x | K35: =SUM(K36:K37) -> 41 | L35: =SUM(L36:L37) -> 42
A36: cu funcție de conducere | E36: 120 | F36: 8.28 | G36: ='0912 (TOTAL)'!G36 -> 5 | H36: ='0912 (TOTAL)'!H36 -> 5 | I36: x | J36: x | K36: ='0912 (TOTAL)'!K36 -> 5 | L36: ='0912 (TOTAL)'!L36 -> 5
A37: cu funcție de execuție | E37: 140 | F37: 8.29 | G37: ='0912 (TOTAL)'!G37 -> 36 | H37: ='0912 (TOTAL)'!H37 -> 38 | I37: x | J37: x | K37: ='0912 (TOTAL)'!K37 -> 36 | L37: ='0912 (TOTAL)'!L37 -> 37
A38: Retibuirea muncii în total, inclusiv | E38: 500 | F38: 8.30 | G38: x | H38: x | I38: =I39+I43+I46 -> 0 | J38: =J39+J43+J46 -> 0 | K38: x | L38: x
A39: funcții didactice, inclusiv | E39: 501 | F39: 8.31 | G39: x | H39: x | I39: =SUM(I40:I41) -> 0 | J39: =SUM(J40:J41) -> 0 | K39: x | L39: x
A40: de conducere | E40: 510 | F40: 8.32 | G40: x | H40: x | K40: x | L40: x
A41: de execuție, din care | E41: 540 | F41: 8.33 | G41: x | H41: x | K41: x | L41: x
A42: cadre didactice de sprijin | E42: 148 | F42: 8.34 | G42: x | H42: x | K42: x | L42: x
A43: funcții de specialitate, inclusiv | E43: 502 | F43: 8.35 | G43: x | H43: x | I43: =SUM(I44:I45) -> 0 | J43: =SUM(J44:J45) -> 0 | K43: x | L43: x
A44: de conducere | E44: 510 | F44: 8.36 | G44: x | H44: x | K44: x | L44: x
A45: de execuție | E45: 540 | F45: 8.37 | G45: x | H45: x | K45: x | L45: x
A46: funcții complexe, inclusiv | E46: 503 | F46: 8.38 | G46: x | H46: x | I46: =SUM(I47:I49) -> 0 | J46: =SUM(J47:J49) -> 0 | K46: x | L46: x
A47: de conducere | E47: 510 | F47: 8.39 | G47: x | H47: x | K47: x | L47: x
A48: de execuție | E48: 540 | F48: 8.40 | G48: x | H48: x | K48: x | L48: x
A49: muncitori | E49: 555 | F49: 8.41 | G49: x | H49: x | K49: x | L49: x
A50: Clase în total, inclusiv: | E50: 1100 | F50: 8.42 | G50: =SUM(G51:G53) -> 0 | H50: =SUM(H51:H53) -> 0 | I50: =SUM(I51:I53) -> 0 | J50: =SUM(J51:J53) -> 0 | K50: =SUM(K51:K53) -> 0 | L50: =SUM(L51:L53) -> 0
A51: clasele 1-4 | E51: 1101 | F51: 8.43
A52: clasele 5-9 | E52: 1102 | F52: 8.44
A53: clasele 10-12 | E53: 1103 | F53: 8.45
A54: Clase cu profil sportiv, inclusiv: | E54: 1110 | F54: 8.46 | G54: =SUM(G55:G57) -> 0 | H54: =SUM(H55:H57) -> 0 | I54: =SUM(I55:I57) -> 0 | J54: =SUM(J55:J57) -> 0 | K54: =SUM(K55:K57) -> 0 | L54: =SUM(L55:L57) -> 0
A55: clasele 1-4 | E55: 1111 | F55: 8.47
A56: clasele 5-9 | E56: 1112 | F56: 8.48
A57: clasele 10-12 | E57: 1113 | F57: 8.49
A58: Elevi în total, inclusiv: | E58: 1120 | F58: 8.50 | G58: =SUM(G59:G61) -> 0 | H58: =SUM(H59:H61) -> 0 | I58: =SUM(I59:I61) -> 0 | J58: =SUM(J59:J61) -> 0 | K58: =SUM(K59:K61) -> 0 | L58: =SUM(L59:L61) -> 0
A59: clasele 1-4 | E59: 1121 | F59: 8.51
A60: clasele 5-9 | E60: 1122 | F60: 8.52
A61: clasele 10-12 | E61: 1123 | F61: 8.53
A62: Elevi în total din clasele cu profil sportiv, inclusiv: | E62: 1130 | F62: 8.54 | G62: =SUM(G63:G65) -> 0 | H62: =SUM(H63:H65) -> 0 | I62: =SUM(I63:I65) -> 0 | J62: =SUM(J63:J65) -> 0 | K62: =SUM(K63:K65) -> 0 | L62: =SUM(L63:L65) -> 0
A63: clasele 1-4 | E63: 1131 | F63: 8.55
A64: clasele 5-9 | E64: 1132 | F64: 8.56
A65: clasele 10-12 | E65: 1133 | F65: 8.57
A66: Elevi alimentați, în total, inclusiv: | E66: 1040 | F66: 8.58 | G66: =SUM(G67:G72) -> 0 | H66: =SUM(H67:H72) -> 0 | I66: =SUM(I67:I72) -> 0 | J66: =SUM(J67:J72) -> 0 | K66: =SUM(K67:K72) -> 0 | L66: =SUM(L67:L72) -> 0
A67: Elevi alimentați din clasele 1-4, asigurați cu micul dejun | E67: 1041 | F67: 8.59
A68: Elevi din clasele 5-9(12), ce beneficiază de alimentație | E68: 1042 | F68: 8.60
A69: Elevi alimentați, din grupe cu regim prelungit | E69: 1043 | F69: 8.61
A70: Alte categorii de elevi alimentați | E70: 1045 | F70: 8.62
A71: Elevi alimentați din clasele 5-8, din licee-internat cu profil sportiv | E71: 1046 | F71: 8.63
A72: Elevi alimentați din clasele 9-12, din licee-internat cu profil sportiv | E72: 1047 | F72: 8.64
A73: Zile de alimentare a elevilor, în total | E73: 1050 | F73: 8.65 | G73: x | H73: x | I73: =SUM(I74:I79) -> 0 | J73: =SUM(J74:J79) -> 0 | K73: x | L73: x
A74: Zile de alimentare a elevilor din clasele 1-4, asigurați cu micul dejun | E74: 1051 | F74: 8.66 | G74: x | H74: x | K74: x | L74: x
A75: Zile de alimentare a elevilor din clasele 5-9(12),ce beneficiaza de alimentație | E75: 1052 | F75: 8.67 | G75: x | H75: x | K75: x | L75: x
A76: Zile de alimentare a elevilor, din grupe cu regim prelungit | E76: 1053 | F76: 8.68 | G76: x | H76: x | K76: x | L76: x
A77: Zile de alimentare a altor categorii de elevi alimentați | E77: 1055 | F77: 8.69 | G77: x | H77: x | K77: x | L77: x
A78: Zile de alimentare a elevilor din clasele 5-8, din licee-internat cu profil sportiv | E78: 1056 | F78: 8.70 | G78: x | H78: x | K78: x | L78: x
A79: Zile de alimentare a elevilor din clasele 9-12, din licee-internat cu profil sportiv | E79: 1057 | F79: 8.71 | G79: x | H79: x | K79: x | L79: x
A80: Cheltuieli pentru alimentarea elevilor, în total, inclusiv | E80: 1060 | F80: 8.72 | G80: x | H80: x | I80: =SUM(I81:I86) -> 0 | J80: =SUM(J81:J86) -> 0 | K80: x | L80: x
A81: Cheltuieli pentru alimentarea elevilor din clasele 1-4, asigurați cu micul dejun | E81: 1061 | F81: 8.73 | G81: x | H81: x | K81: x | L81: x
A82: Cheltuieli pentru alimentarea elevilor din clasele 5-9(12), ce beneficiază de alimentație | E82: 1062 | F82: 8.74 | G82: x | H82: x | K82: x | L82: x
A83: Cheltuieli pentru alimentarea elevilor, din grupele cu regim prelungit | E83: 1063 | F83: 8.75 | G83: x | H83: x | K83: x | L83: x
A84: Cheltuieli pentru alimentarea altor categorii de elevi alimentați | E84: 1065 | F84: 8.76 | G84: x | H84: x | K84: x | L84: x
A85: Cheltuieli pentru alimentarea elevilor din clasele 5-8, din licee-internat cu profil sportiv | E85: 1066 | F85: 8.77 | G85: x | H85: x | K85: x | L85: x
A86: Cheltuieli pentru alimentarea elevilor din clasele 9-12, din licee-internat cu profil sportiv | E86: 1067 | F86: 8.78 | G86: x | H86: x | K86: x | L86: x
A87: Cheltuieli pentru acordarea compensațiilor bănești anuale cadrelor didactice | E87: 504 | F87: 8.79 | G87: x | H87: x | I87: ='0912 (TOTAL)'!I87 -> #VALUE! | J87: ='0912 (TOTAL)'!J87 -> 168000 | K87: x | L87: x
E89: Semnături:
E91: Șeful interimar DÎTS | H91: Alexandru ROȘCA
H92: (nume, prenume) | K92: (semnătura)
E93: Contabil Șef | H93: Alla RUDNIȚCAIA
H94: (nume, prenume) | K94: (semnătura)
E95: Executor | H95: Alexandr PRIȘCEPA
H96: (nume, prenume) | K96: (semnătura)

Sheet 09881 (TOTAL)
A1: Școala primara nr. 21 | J1: Forma FD-048BL Aprobat prin ordinul Ministrului al Finanțelor al Republicii Moldova nr. _______ al _________
A2: ORG2 | B2: F1F3 | C2: P1P2 | D2: P3
A3: 09881 | B3: 0912 | C3: 8803 | D3: TOTAL
A4: REȚEA, STATE ȘI CONTINGENTE ALE INSTITUȚIILOR
A5: ÎN PERIOADA 12 LUNI. 2025
A6: Denumirea indicatorului | E6: CF | F6: CR | G6: Aprobat la începutul anului | H6: Aprobat la sfârșitul anului | I6: Numărul mediu prevazut pe an | J6: Numărul mediu realizat la mm.dd.20__ | K6: Real încadrat la începutul anului | L6: Real încadrat la sfârsitul perioadei
A8: RAPORT nr. 3-8 privind învățămîntul primar, gimnazial și liceal | F8: 8
A9: Instituții în total, inclusiv | E9: 1 | F9: 46030 | G9: 1 | H9: 1 | I9: x | J9: x | K9: =H9 -> 1 | L9: 1
A10: filiale | E10: 10 | F10: 46061 | I10: x | J10: x | K10: =G10
A11: Unități în state (posturi) în total, inclusiv | E11: 101 | F11: 46089 | G11: =G12+G16+G19 -> 0 | H11: =H12+H16+H19 -> 0 | I11: =I12+I16+I19 -> 0 | J11: =J12+J16+J19 -> 0 | K11: =K12+K16+K19 -> 0 | L11: =L12+L16+L19 -> 0
A12: funcții didactice, inclusiv | E12: 102 | F12: 46120 | G12: =SUM(G13:G14) -> 0 | H12: =SUM(H13:H14) -> 0 | I12: =SUM(I13:I14) -> 0 | J12: =SUM(J13:J14) -> 0 | K12: =SUM(K13:K14) -> 0 | L12: =SUM(L13:L14) -> 0
A13: de conducere | E13: 126 | F13: 46150 | K13: =G13
A14: de execuție din care | E14: 145 | F14: 46181 | K14: =G14
A15: cadre didactice de sprijin | E15: 146 | F15: 46211 | K15: =G15
A16: funcții de specialitate, inclusiv | E16: 103 | F16: 46242 | G16: =SUM(G17:G18) -> 0 | H16: =SUM(H17:H18) -> 0 | I16: =SUM(I17:I18) -> 0 | J16: =SUM(J17:J18) -> 0 | K16: =SUM(K17:K18) -> 0 | L16: =SUM(L17:L18) -> 0
A17: de conducere | E17: 126 | F17: 46273 | K17: =G17
A18: de execuție | E18: 145 | F18: 46303 | K18: =G18
A19: funcții complexe, inclusiv | E19: 104 | F19: 46334 | G19: =SUM(G20:G22) -> 0 | H19: =SUM(H20:H22) -> 0 | I19: =SUM(I20:I22) -> 0 | J19: =SUM(J20:J22) -> 0 | K19: =SUM(K20:K22) -> 0 | L19: =SUM(L20:L22) -> 0
A20: de conducere | E20: 126 | F20: 46364 | K20: =G20
A21: de execuție | E21: 145 | F21: 8.13 | K21: =G21
A22: muncitori | E22: 177 | F22: 8.14 | K22: =G22
A23: Personal angajat în total, inclusiv | E23: 100 | F23: 8.15 | G23: =G24+G28+G31 -> 0 | H23: =H24+H28+H31 -> 0 | I23: x | J23: =J24+J28+J31 -> 0 | K23: =K24+K28+K31 -> 0 | L23: =L24+L28+L31 -> 0
A24: funcții didactice, inclusiv | E24: 105 | F24: 8.16 | G24: =SUM(G25:G26) -> 0 | H24: =SUM(H25:H26) -> 0 | I24: x | J24: =SUM(J25:J26) -> 0 | K24: =SUM(K25:K26) -> 0 | L24: =SUM(L25:L26) -> 0
A25: de conducere | E25: 120 | F25: 8.17 | I25: x | K25: =G25
A26: de execuție, din care | E26: 140 | F26: 8.18 | I26: x | K26: =G26
A27: cadre didactice de sprijin | E27: 147 | F27: 8.19 | I27: x | K27: =G27
A28: funcții de specialitate, inclusiv | E28: 106 | F28: 8.20 | G28: =SUM(G29:G30) -> 0 | H28: =SUM(H29:H30) -> 0 | I28: x | J28: =SUM(J29:J30) -> 0 | K28: =SUM(K29:K30) -> 0 | L28: =SUM(L29:L30) -> 0
A29: de conducere | E29: 120 | F29: 8.21 | I29: x | K29: =G29
A30: de execuție | E30: 140 | F30: 8.22 | I30: x | K30: =G30
A31: funcții complexe, inclusiv | E31: 107 | F31: 8.23 | G31: =SUM(G32:G34) -> 0 | H31: =SUM(H32:H34) -> 0 | I31: x | J31: =SUM(J32:J34) -> 0 | K31: =SUM(K32:K34) -> 0 | L31: =SUM(L32:L34) -> 0
A32: de conducere | E32: 120 | F32: 8.24 | I32: x | K32: =G32
A33: de execuție | E33: 140 | F33: 8.25 | I33: x | K33: =G33
A34: muncitori | E34: 175 | F34: 8.26 | I34: x | K34: =G34
A35: Numărul personalului didactic beneficiar de compensații anuale, inclusiv | E35: 108 | F35: 8.27 | G35: =SUM(G36:G37) -> 36 | H35: =SUM(H36:H37) -> 38 | I35: x | J35: x | K35: =SUM(K36:K37) -> 36 | L35: =SUM(L36:L37) -> 37
A36: cu funcție de conducere | E36: 120 | F36: 8.28 | G36: 4 | H36: 4 | I36: x | J36: x | K36: =G36 -> 4 | L36: 4
A37: cu funcție de execuție | E37: 140 | F37: 8.29 | G37: 32 | H37: 34 | I37: x | J37: x | K37: =G37 -> 32 | L37: 33
A38: Retibuirea muncii în total, inclusiv | E38: 500 | F38: 8.30 | G38: x | H38: x | I38: =I39+I43+I46 -> 0 | J38: =J39+J43+J46 -> 0 | K38: x | L38: x
A39: funcții didactice, inclusiv | E39: 501 | F39: 8.31 | G39: x | H39: x | I39: =SUM(I40:I41) -> 0 | J39: =SUM(J40:J41) -> 0 | K39: x | L39: x
A40: de conducere | E40: 510 | F40: 8.32 | G40: x | H40: x | K40: x | L40: x
A41: de execuție, din care | E41: 540 | F41: 8.33 | G41: x | H41: x | K41: x | L41: x
A42: cadre didactice de sprijin | E42: 148 | F42: 8.34 | G42: x | H42: x | K42: x | L42: x
A43: funcții de specialitate, inclusiv | E43: 502 | F43: 8.35 | G43: x | H43: x | I43: =SUM(I44:I45) -> 0 | J43: =SUM(J44:J45) -> 0 | K43: x | L43: x
A44: de conducere | E44: 510 | F44: 8.36 | G44: x | H44: x | K44: x | L44: x
A45: de execuție | E45: 540 | F45: 8.37 | G45: x | H45: x | K45: x | L45: x
A46: funcții complexe, inclusiv | E46: 503 | F46: 8.38 | G46: x | H46: x | I46: =SUM(I47:I49) -> 0 | J46: =SUM(J47:J49) -> 0 | K46: x | L46: x
A47: de conducere | E47: 510 | F47: 8.39 | G47: x | H47: x | K47: x | L47: x
A48: de execuție | E48: 540 | F48: 8.40 | G48: x | H48: x | K48: x | L48: x
A49: muncitori | E49: 555 | F49: 8.41 | G49: x | H49: x | K49: x | L49: x
A50: Clase în total, inclusiv: | E50: 1100 | F50: 8.42 | G50: =SUM(G51:G53) -> 0 | H50: =SUM(H51:H53) -> 0 | I50: =SUM(I51:I53) -> 0 | J50: =SUM(J51:J53) -> 0 | K50: =SUM(K51:K53) -> 0 | L50: =SUM(L51:L53) -> 0
A51: clasele 1-4 | E51: 1101 | F51: 8.43 | K51: =G51
A52: clasele 5-9 | E52: 1102 | F52: 8.44 | K52: =G52
A53: clasele 10-12 | E53: 1103 | F53: 8.45 | K53: =G53
A54: Clase cu profil sportiv, inclusiv: | E54: 1110 | F54: 8.46 | G54: =SUM(G55:G57) -> 0 | H54: =SUM(H55:H57) -> 0 | I54: =SUM(I55:I57) -> 0 | J54: =SUM(J55:J57) -> 0 | K54: =SUM(K55:K57) -> 0 | L54: =SUM(L55:L57) -> 0
A55: clasele 1-4 | E55: 1111 | F55: 8.47 | G55: * | H55: * | I55: * | J55: * | K55: =G55 -> * | L55: *
A56: clasele 5-9 | E56: 1112 | F56: 8.48 | G56: * | H56: * | I56: * | J56: * | K56: =G56 -> * | L56: *
A57: clasele 10-12 | E57: 1113 | F57: 8.49 | G57: * | H57: * | I57: * | J57: * | K57: =G57 -> * | L57: *
A58: Elevi în total, inclusiv: | E58: 1120 | F58: 8.50 | G58: =SUM(G59:G61) -> 0 | H58: =SUM(H59:H61) -> 0 | I58: =SUM(I59:I61) -> 0 | J58: =SUM(J59:J61) -> 0 | K58: =SUM(K59:K61) -> 0 | L58: =SUM(L59:L61) -> 0
A59: clasele 1-4 | E59: 1121 | F59: 8.51 | K59: =G59
A60: clasele 5-9 | E60: 1122 | F60: 8.52 | K60: =G60
A61: clasele 10-12 | E61: 1123 | F61: 8.53 | K61: =G61
A62: Elevi în total din clasele cu profil sportiv, inclusiv: | E62: 1130 | F62: 8.54 | G62: =SUM(G63:G65) -> 0 | H62: =SUM(H63:H65) -> 0 | I62: =SUM(I63:I65) -> 0 | J62: =SUM(J63:J65) -> 0 | K62: =SUM(K63:K65) -> 0 | L62: =SUM(L63:L65) -> 0
A63: clasele 1-4 | E63: 1131 | F63: 8.55 | G63: * | H63: * | I63: * | J63: * | K63: =G63 -> * | L63: *
A64: clasele 5-9 | E64: 1132 | F64: 8.56 | G64: * | H64: * | I64: * | J64: * | K64: =G64 -> * | L64: *
A65: clasele 10-12 | E65: 1133 | F65: 8.57 | G65: * | H65: * | I65: * | J65: * | K65: =G65 -> * | L65: *
A66: Elevi alimentați, în total, inclusiv: | E66: 1040 | F66: 8.58 | G66: =SUM(G67:G72) -> 0 | H66: =SUM(H67:H72) -> 0 | I66: =SUM(I67:I72) -> 0 | J66: =SUM(J67:J72) -> 0 | K66: =SUM(K67:K72) -> 0 | L66: =SUM(L67:L72) -> 0
A67: Elevi alimentați din clasele 1-4, asigurați cu micul dejun | E67: 1041 | F67: 8.59 | K67: =G67
A68: Elevi din clasele 5-9(12), ce beneficiază de alimentație | E68: 1042 | F68: 8.60 | K68: =G68
A69: Elevi alimentați, din grupe cu regim prelungit | E69: 1043 | F69: 8.61 | G69: * | H69: * | I69: * | J69: * | K69: =G69 -> * | L69: *
A70: Alte categorii de elevi alimentați | E70: 1045 | F70: 8.62 | K70: =G70
A71: Elevi alimentați din clasele 5-8, din licee-internat cu profil sportiv | E71: 1046 | F71: 8.63 | G71: * | H71: * | I71: * | J71: * | K71: =G71 -> * | L71: *
A72: Elevi alimentați din clasele 9-12, din licee-internat cu profil sportiv | E72: 1047 | F72: 8.64 | G72: * | H72: * | I72: * | J72: * | K72: =G72 -> * | L72: *
A73: Zile de alimentare a elevilor, în total | E73: 1050 | F73: 8.65 | G73: x | H73: x | I73: =SUM(I74:I79) -> 0 | J73: =SUM(J74:J79) -> 0 | K73: x | L73: x
A74: Zile de alimentare a elevilor din clasele 1-4, asigurați cu micul dejun | E74: 1051 | F74: 8.66 | G74: x | H74: x | K74: x | L74: x
A75: Zile de alimentare a elevilor din clasele 5-9(12),ce beneficiaza de alimentație | E75: 1052 | F75: 8.67 | G75: x | H75: x | K75: x | L75: x
A76: Zile de alimentare a elevilor, din grupe cu regim prelungit | E76: 1053 | F76: 8.68 | G76: x | H76: x | I76: * | J76: * | K76: x | L76: x
A77: Zile de alimentare a altor categorii de elevi alimentați | E77: 1055 | F77: 8.69 | G77: x | H77: x | K77: x | L77: x
A78: Zile de alimentare a elevilor din clasele 5-8, din licee-internat cu profil sportiv | E78: 1056 | F78: 8.70 | G78: x | H78: x | I78: * | J78: * | K78: x | L78: x
A79: Zile de alimentare a elevilor din clasele 9-12, din licee-internat cu profil sportiv | E79: 1057 | F79: 8.71 | G79: x | H79: x | I79: * | J79: * | K79: x | L79: x
A80: Cheltuieli pentru alimentarea elevilor, în total, inclusiv | E80: 1060 | F80: 8.72 | G80: x | H80: x | I80: =SUM(I81:I86) -> 0 | J80: =SUM(J81:J86) -> 0 | K80: x | L80: x
A81: Cheltuieli pentru alimentarea elevilor din clasele 1-4, asigurați cu micul dejun | E81: 1061 | F81: 8.73 | G81: x | H81: x | K81: x | L81: x
A82: Cheltuieli pentru alimentarea elevilor din clasele 5-9(12), ce beneficiază de alimentație | E82: 1062 | F82: 8.74 | G82: x | H82: x | K82: x | L82: x
A83: Cheltuieli pentru alimentarea elevilor, din grupele cu regim prelungit | E83: 1063 | F83: 8.75 | G83: x | H83: x | I83: * | J83: * | K83: x | L83: x
A84: Cheltuieli pentru alimentarea altor categorii de elevi alimentați | E84: 1065 | F84: 8.76 | G84: x | H84: x | K84: x | L84: x
A85: Cheltuieli pentru alimentarea elevilor din clasele 5-8, din licee-internat cu profil sportiv | E85: 1066 | F85: 8.77 | G85: x | H85: x | I85: * | J85: * | K85: x | L85: x
A86: Cheltuieli pentru alimentarea elevilor din clasele 9-12, din licee-internat cu profil sportiv | E86: 1067 | F86: 8.78 | G86: x | H86: x | I86: * | J86: * | K86: x | L86: x
A87: Cheltuieli pentru acordarea compensațiilor bănești anuale cadrelor didactice | E87: 504 | F87: 8.79 | G87: x | H87: x | I87: 152000,0 | J87: 148000 | K87: x | L87: x
E89: Semnături:
E91: Șeful interimar DÎTS | H91: Alexandru ROȘCA
H92: (nume, prenume) | K92: (semnătura)
E93: Contabil Șef | H93: Alla RUDNIȚCAIA
H94: (nume, prenume) | K94: (semnătura)
E95: Executor | H95: Alexandr PRIȘCEPA
H96: (nume, prenume) | K96: (semnătura)

Sheet 09881 (00200)
A1: Școala primara nr. 21 (Activitatea de bază) | J1: Forma FD-048BL Aprobat prin ordinul Ministrului al Finanțelor al Republicii Moldova nr. _______ al _________
A2: ORG2 | B2: F1F3 | C2: P1P2 | D2: P3
A3: 09881 | B3: 0912 | C3: 8803 | D3: 00200
A4: REȚEA, STATE ȘI CONTINGENTE ALE INSTITUȚIILOR
A5: ÎN PERIOADA 12 LUNI. 2025
A6: Denumirea indicatorului | E6: CF | F6: CR | G6: Aprobat la începutul anului | H6: Aprobat la sfârșitul anului | I6: Numărul mediu prevazut pe an | J6: Numărul mediu realizat la mm.dd.20__ | K6: Real încadrat la începutul anului | L6: Real încadrat la sfârsitul perioadei
A8: RAPORT nr. 3-8 privind învățămîntul primar, gimnazial și liceal | F8: 8
A9: Instituții în total, inclusiv | E9: 1 | F9: 46030 | G9: ='09881 (TOTAL)'!G9 -> 1 | H9: ='09881 (TOTAL)'!H9 -> 1 | I9: x | J9: x | K9: ='09881 (TOTAL)'!K9 -> 1 | L9: ='09881 (TOTAL)'!L9 -> 1
A10: filiale | E10: 10 | F10: 46061 | G10: ='09881 (TOTAL)'!G10 | H10: ='09881 (TOTAL)'!H10 | I10: x | J10: x | K10: ='09881 (TOTAL)'!K10 | L10: ='09881 (TOTAL)'!L10
A11: Unități în state (posturi) în total, inclusiv | E11: 101 | F11: 46089 | G11: =G12+G16+G19 -> 0 | H11: =H12+H16+H19 -> 0 | I11: =I12+I16+I19 -> 0 | J11: =J12+J16+J19 -> 0 | K11: =K12+K16+K19 -> 0 | L11: =L12+L16+L19 -> 0
A12: funcții didactice, inclusiv | E12: 102 | F12: 46120 | G12: =SUM(G13) -> 0 | H12: =SUM(H13:H14) -> 0 | I12: =SUM(I13:I14) -> 0 | J12: =SUM(J13:J14) -> 0 | K12: =SUM(K13:K14) -> 0 | L12: =SUM(L13:L14) -> 0
A13: de conducere | E13: 126 | F13: 46150 | G13: ='09881 (TOTAL)'!G13 | H13: ='09881 (TOTAL)'!H13 | I13: ='09881 (TOTAL)'!I13 | J13: ='09881 (TOTAL)'!J13 | K13: ='09881 (TOTAL)'!K13 | L13: ='09881 (TOTAL)'!L13
A14: de execuție din care | E14: 145 | F14: 46181 | G14: ='09881 (TOTAL)'!G14 | H14: ='09881 (TOTAL)'!H14 | I14: ='09881 (TOTAL)'!I14 | J14: ='09881 (TOTAL)'!J14 | K14: ='09881 (TOTAL)'!K14 | L14: ='09881 (TOTAL)'!L14
A15: cadre didactice de sprijin | E15: 146 | F15: 46211 | G15: ='09881 (TOTAL)'!G15 | H15: ='09881 (TOTAL)'!H15 | I15: ='09881 (TOTAL)'!I15 | J15: ='09881 (TOTAL)'!J15 | K15: ='09881 (TOTAL)'!K15 | L15: ='09881 (TOTAL)'!L15
A16: funcții de specialitate, inclusiv | E16: 103 | F16: 46242 | G16: =SUM(G17:G18) -> 0 | H16: =SUM(H17:H18) -> 0 | I16: =SUM(I17:I18) -> 0 | J16: =SUM(J17:J18) -> 0 | K16: =SUM(K17:K18) -> 0 | L16: =SUM(L17:L18) -> 0
A17: de conducere | E17: 126 | F17: 46273 | G17: ='09881 (TOTAL)'!G17 | H17: ='09881 (TOTAL)'!H17 | I17: ='09881 (TOTAL)'!I17 | J17: ='09881 (TOTAL)'!J17 | K17: ='09881 (TOTAL)'!K17 | L17: ='09881 (TOTAL)'!L17
A18: de execuție | E18: 145 | F18: 46303 | G18: ='09881 (TOTAL)'!G18 | H18: ='09881 (TOTAL)'!H18 | I18: ='09881 (TOTAL)'!I18 | J18: ='09881 (TOTAL)'!J18 | K18: ='09881 (TOTAL)'!K18 | L18: ='09881 (TOTAL)'!L18
A19: funcții complexe, inclusiv | E19: 104 | F19: 46334 | G19: =SUM(G20:G22) -> 0 | H19: =SUM(H20:H22) -> 0 | I19: =SUM(I20:I22) -> 0 | J19: =SUM(J20:J22) -> 0 | K19: =SUM(K20:K22) -> 0 | L19: =SUM(L20:L22) -> 0
A20: de conducere | E20: 126 | F20: 46364 | G20: ='09881 (TOTAL)'!G20 | H20: ='09881 (TOTAL)'!H20 | I20: ='09881 (TOTAL)'!I20 | J20: ='09881 (TOTAL)'!J20 | K20: ='09881 (TOTAL)'!K20 | L20: ='09881 (TOTAL)'!L20
A21: de execuție | E21: 145 | F21: 8.13 | G21: ='09881 (TOTAL)'!G21 | H21: ='09881 (TOTAL)'!H21 | I21: ='09881 (TOTAL)'!I21 | J21: ='09881 (TOTAL)'!J21 | K21: ='09881 (TOTAL)'!K21 | L21: ='09881 (TOTAL)'!L21
A22: muncitori | E22: 177 | F22: 8.14 | G22: ='09881 (TOTAL)'!G22 | H22: ='09881 (TOTAL)'!H22 | I22: ='09881 (TOTAL)'!I22 | J22: ='09881 (TOTAL)'!J22 | K22: ='09881 (TOTAL)'!K22 | L22: ='09881 (TOTAL)'!L22
A23: Personal angajat în total, inclusiv | E23: 100 | F23: 8.15 | G23: =G24+G28+G31 -> 0 | H23: =H24+H28+H31 -> 0 | I23: x | J23: =J24+J28+J31 -> 0 | K23: =K24+K28+K31 -> 0 | L23: =L24+L28+L31 -> 0
A24: funcții didactice, inclusiv | E24: 105 | F24: 8.16 | G24: =SUM(G25:G26) -> 0 | H24: =SUM(H25:H26) -> 0 | I24: x | J24: =SUM(J25:J26) -> 0 | K24: =SUM(K25:K26) -> 0 | L24: =SUM(L25:L26) -> 0
A25: de conducere | E25: 120 | F25: 8.17 | G25: ='09881 (TOTAL)'!G25 | H25: ='09881 (TOTAL)'!H25 | I25: x | J25: ='09881 (TOTAL)'!J25 | K25: ='09881 (TOTAL)'!K25 | L25: ='09881 (TOTAL)'!L25
A26: de execuție, din care | E26: 140 | F26: 8.18 | G26: ='09881 (TOTAL)'!G26 | H26: ='09881 (TOTAL)'!H26 | I26: x | J26: ='09881 (TOTAL)'!J26 | K26: ='09881 (TOTAL)'!K26 | L26: ='09881 (TOTAL)'!L26
A27: cadre didactice de sprijin | E27: 147 | F27: 8.19 | G27: ='09881 (TOTAL)'!G27 | H27: ='09881 (TOTAL)'!H27 | I27: x | J27: ='09881 (TOTAL)'!J27 | K27: ='09881 (TOTAL)'!K27 | L27: ='09881 (TOTAL)'!L27
A28: funcții de specialitate, inclusiv | E28: 106 | F28: 8.20 | G28: =SUM(G29:G30) -> 0 | H28: =SUM(H29:H30) -> 0 | I28: x | J28: =SUM(J29:J30) -> 0 | K28: =SUM(K29:K30) -> 0 | L28: =SUM(L29:L30) -> 0
A29: de conducere | E29: 120 | F29: 8.21 | G29: ='09881 (TOTAL)'!G29 | H29: ='09881 (TOTAL)'!H29 | I29: x | J29: ='09881 (TOTAL)'!J29 | K29: ='09881 (TOTAL)'!K29 | L29: ='09881 (TOTAL)'!L29
A30: de execuție | E30: 140 | F30: 8.22 | G30: ='09881 (TOTAL)'!G30 | H30: ='09881 (TOTAL)'!H30 | I30: x | J30: ='09881 (TOTAL)'!J30 | K30: ='09881 (TOTAL)'!K30 | L30: ='09881 (TOTAL)'!L30
A31: funcții complexe, inclusiv | E31: 107 | F31: 8.23 | G31: =SUM(G32:G34) -> 0 | H31: =SUM(H32:H34) -> 0 | I31: x | J31: =SUM(J32:J34) -> 0 | K31: =SUM(K32:K34) -> 0 | L31: =SUM(L32:L34) -> 0
A32: de conducere | E32: 120 | F32: 8.24 | G32: ='09881 (TOTAL)'!G32 | H32: ='09881 (TOTAL)'!H32 | I32: x | J32: ='09881 (TOTAL)'!J32 | K32: ='09881 (TOTAL)'!K32 | L32: ='09881 (TOTAL)'!L32
A33: de execuție | E33: 140 | F33: 8.25 | G33: ='09881 (TOTAL)'!G33 | H33: ='09881 (TOTAL)'!H33 | I33: x | J33: ='09881 (TOTAL)'!J33 | K33: ='09881 (TOTAL)'!K33 | L33: ='09881 (TOTAL)'!L33
A34: muncitori | E34: 175 | F34: 8.26 | G34: ='09881 (TOTAL)'!G34 | H34: ='09881 (TOTAL)'!H34 | I34: x | J34: ='09881 (TOTAL)'!J34 | K34: ='09881 (TOTAL)'!K34 | L34: ='09881 (TOTAL)'!L34
A35: Numărul personalului didactic beneficiar de compensații anuale, inclusiv | E35: 108 | F35: 8.27 | G35: =SUM(G36:G37) -> 0 | H35: =SUM(H36:H37) -> 0 | I35: x | J35: x | K35: =SUM(K36:K37) -> 0 | L35: =SUM(L36:L37) -> 0
A36: cu funcție de conducere | E36: 120 | F36: 8.28 | I36: x | J36: x
A37: cu funcție de execuție | E37: 140 | F37: 8.29 | I37: x | J37: x
A38: Retibuirea muncii în total, inclusiv | E38: 500 | F38: 8.30 | G38: x | H38: x | I38: =I39+I43+I46 -> 0 | J38: =J39+J43+J46 -> 0 | K38: x | L38: x
A39: funcții didactice, inclusiv | E39: 501 | F39: 8.31 | G39: x | H39: x | I39: =SUM(I40:I41) -> 0 | J39: =SUM(J40:J41) -> 0 | K39: x | L39: x
A40: de conducere | E40: 510 | F40: 8.32 | G40: x | H40: x | I40: ='09881 (TOTAL)'!I40 | J40: ='09881 (TOTAL)'!J40 | K40: x | L40: x
A41: de execuție, din care | E41: 540 | F41: 8.33 | G41: x | H41: x | I41: ='09881 (TOTAL)'!I41 | J41: ='09881 (TOTAL)'!J41 | K41: x | L41: x
A42: cadre didactice de sprijin | E42: 148 | F42: 8.34 | G42: x | H42: x | I42: ='09881 (TOTAL)'!I42 | J42: ='09881 (TOTAL)'!J42 | K42: x | L42: x
A43: funcții de specialitate, inclusiv | E43: 502 | F43: 8.35 | G43: x | H43: x | I43: =SUM(I44:I45) -> 0 | J43: =SUM(J44:J45) -> 0 | K43: x | L43: x
A44: de conducere | E44: 510 | F44: 8.36 | G44: x | H44: x | I44: ='09881 (TOTAL)'!I44 | J44: ='09881 (TOTAL)'!J44 | K44: x | L44: x
A45: de execuție | E45: 540 | F45: 8.37 | G45: x | H45: x | I45: ='09881 (TOTAL)'!I45 | J45: ='09881 (TOTAL)'!J45 | K45: x | L45: x
A46: funcții complexe, inclusiv | E46: 503 | F46: 8.38 | G46: x | H46: x | I46: =SUM(I47:I49) -> 0 | J46: =SUM(J47:J49) -> 0 | K46: x | L46: x
A47: de conducere | E47: 510 | F47: 8.39 | G47: x | H47: x | I47: ='09881 (TOTAL)'!I47 | J47: ='09881 (TOTAL)'!J47 | K47: x | L47: x
A48: de execuție | E48: 540 | F48: 8.40 | G48: x | H48: x | I48: ='09881 (TOTAL)'!I48 | J48: ='09881 (TOTAL)'!J48 | K48: x | L48: x
A49: muncitori | E49: 555 | F49: 8.41 | G49: x | H49: x | I49: ='09881 (TOTAL)'!I49 | J49: ='09881 (TOTAL)'!J49 | K49: x | L49: x
A50: Clase în total, inclusiv: | E50: 1100 | F50: 8.42 | G50: =SUM(G51:G53) -> 0 | H50: =SUM(H51:H53) -> 0 | I50: =SUM(I51:I53) -> 0 | J50: =SUM(J51:J53) -> 0 | K50: =SUM(K51:K53) -> 0 | L50: =SUM(L51:L53) -> 0
A51: clasele 1-4 | E51: 1101 | F51: 8.43 | G51: ='09881 (TOTAL)'!G51 | H51: ='09881 (TOTAL)'!H51 | I51: ='09881 (TOTAL)'!I51 | J51: ='09881 (TOTAL)'!J51 | K51: ='09881 (TOTAL)'!K51 | L51: ='09881 (TOTAL)'!L51
A52: clasele 5-9 | E52: 1102 | F52: 8.44 | G52: ='09881 (TOTAL)'!G52 | H52: ='09881 (TOTAL)'!H52 | I52: ='09881 (TOTAL)'!I52 | J52: ='09881 (TOTAL)'!J52 | K52: ='09881 (TOTAL)'!K52 | L52: ='09881 (TOTAL)'!L52
A53: clasele 10-12 | E53: 1103 | F53: 8.45 | G53: ='09881 (TOTAL)'!G53 | H53: ='09881 (TOTAL)'!H53 | I53: ='09881 (TOTAL)'!I53 | J53: ='09881 (TOTAL)'!J53 | K53: ='09881 (TOTAL)'!K53 | L53: ='09881 (TOTAL)'!L53
A54: Clase cu profil sportiv, inclusiv: | E54: 1110 | F54: 8.46 | G54: =SUM(G55:G57) -> 0 | H54: =SUM(H55:H57) -> 0 | I54: =SUM(I55:I57) -> 0 | J54: =SUM(J55:J57) -> 0 | K54: =SUM(K55:K57) -> 0 | L54: =SUM(L55:L57) -> 0
A55: clasele 1-4 | E55: 1111 | F55: 8.47 | G55: ='09881 (TOTAL)'!G55 -> * | H55: ='09881 (TOTAL)'!H55 -> * | I55: ='09881 (TOTAL)'!I55 -> * | J55: ='09881 (TOTAL)'!J55 -> * | K55: ='09881 (TOTAL)'!K55 -> * | L55: ='09881 (TOTAL)'!L55 -> *
A56: clasele 5-9 | E56: 1112 | F56: 8.48 | G56: ='09881 (TOTAL)'!G56 -> * | H56: ='09881 (TOTAL)'!H56 -> * | I56: ='09881 (TOTAL)'!I56 -> * | J56: ='09881 (TOTAL)'!J56 -> * | K56: ='09881 (TOTAL)'!K56 -> * | L56: ='09881 (TOTAL)'!L56 -> *
A57: clasele 10-12 | E57: 1113 | F57: 8.49 | G57: ='09881 (TOTAL)'!G57 -> * | H57: ='09881 (TOTAL)'!H57 -> * | I57: ='09881 (TOTAL)'!I57 -> * | J57: ='09881 (TOTAL)'!J57 -> * | K57: ='09881 (TOTAL)'!K57 -> * | L57: ='09881 (TOTAL)'!L57 -> *
A58: Elevi în total, inclusiv: | E58: 1120 | F58: 8.50 | G58: =SUM(G59:G61) -> 0 | H58: =SUM(H59:H61) -> 0 | I58: =SUM(I59:I61) -> 0 | J58: =SUM(J59:J61) -> 0 | K58: =SUM(K59:K61) -> 0 | L58: =SUM(L59:L61) -> 0
A59: clasele 1-4 | E59: 1121 | F59: 8.51 | G59: ='09881 (TOTAL)'!G59 | H59: ='09881 (TOTAL)'!H59 | I59: ='09881 (TOTAL)'!I59 | J59: ='09881 (TOTAL)'!J59 | K59: ='09881 (TOTAL)'!K59 | L59: ='09881 (TOTAL)'!L59
A60: clasele 5-9 | E60: 1122 | F60: 8.52 | G60: ='09881 (TOTAL)'!G60 | H60: ='09881 (TOTAL)'!H60 | I60: ='09881 (TOTAL)'!I60 | J60: ='09881 (TOTAL)'!J60 | K60: ='09881 (TOTAL)'!K60 | L60: ='09881 (TOTAL)'!L60
A61: clasele 10-12 | E61: 1123 | F61: 8.53 | G61: ='09881 (TOTAL)'!G61 | H61: ='09881 (TOTAL)'!H61 | I61: ='09881 (TOTAL)'!I61 | J61: ='09881 (TOTAL)'!J61 | K61: ='09881 (TOTAL)'!K61 | L61: ='09881 (TOTAL)'!L61
A62: Elevi în total din clasele cu profil sportiv, inclusiv: | E62: 1130 | F62: 8.54 | G62: =SUM(G63:G65) -> 0 | H62: =SUM(H63:H65) -> 0 | I62: =SUM(I63:I65) -> 0 | J62: =SUM(J63:J65) -> 0 | K62: =SUM(K63:K65) -> 0 | L62: =SUM(L63:L65) -> 0
A63: clasele 1-4 | E63: 1131 | F63: 8.55 | G63: ='09881 (TOTAL)'!G63 -> * | H63: ='09881 (TOTAL)'!H63 -> * | I63: ='09881 (TOTAL)'!I63 -> * | J63: ='09881 (TOTAL)'!J63 -> * | K63: ='09881 (TOTAL)'!K63 -> * | L63: ='09881 (TOTAL)'!L63 -> *
A64: clasele 5-9 | E64: 1132 | F64: 8.56 | G64: ='09881 (TOTAL)'!G64 -> * | H64: ='09881 (TOTAL)'!H64 -> * | I64: ='09881 (TOTAL)'!I64 -> * | J64: ='09881 (TOTAL)'!J64 -> * | K64: ='09881 (TOTAL)'!K64 -> * | L64: ='09881 (TOTAL)'!L64 -> *
A65: clasele 10-12 | E65: 1133 | F65: 8.57 | G65: ='09881 (TOTAL)'!G65 -> * | H65: ='09881 (TOTAL)'!H65 -> * | I65: ='09881 (TOTAL)'!I65 -> * | J65: ='09881 (TOTAL)'!J65 -> * | K65: ='09881 (TOTAL)'!K65 -> * | L65: ='09881 (TOTAL)'!L65 -> *
A66: Elevi alimentați, în total, inclusiv: | E66: 1040 | F66: 8.58 | G66: =SUM(G67:G72) -> 0 | H66: =SUM(H67:H72) -> 0 | I66: =SUM(I67:I72) -> 0 | J66: =SUM(J67:J72) -> 0 | K66: =SUM(K67:K72) -> 0 | L66: =SUM(L67:L72) -> 0
A67: Elevi alimentați din clasele 1-4, asigurați cu micul dejun | E67: 1041 | F67: 8.59
A68: Elevi din clasele 5-9(12), ce beneficiază de alimentație | E68: 1042 | F68: 8.60
A69: Elevi alimentați, din grupe cu regim prelungit | E69: 1043 | F69: 8.61
A70: Alte categorii de elevi alimentați | E70: 1045 | F70: 8.62
A71: Elevi alimentați din clasele 5-8, din licee-internat cu profil sportiv | E71: 1046 | F71: 8.63
A72: Elevi alimentați din clasele 9-12, din licee-internat cu profil sportiv | E72: 1047 | F72: 8.64
A73: Zile de alimentare a elevilor, în total | E73: 1050 | F73: 8.65 | G73: x | H73: x | I73: =SUM(I74:I79) -> 0 | J73: =SUM(J74:J79) -> 0 | K73: x | L73: x
A74: Zile de alimentare a elevilor din clasele 1-4, asigurați cu micul dejun | E74: 1051 | F74: 8.66 | G74: x | H74: x | K74: x | L74: x
A75: Zile de alimentare a elevilor din clasele 5-9(12),ce beneficiaza de alimentație | E75: 1052 | F75: 8.67 | G75: x | H75: x | K75: x | L75: x
A76: Zile de alimentare a elevilor, din grupe cu regim prelungit | E76: 1053 | F76: 8.68 | G76: x | H76: x | K76: x | L76: x
A77: Zile de alimentare a altor categorii de elevi alimentați | E77: 1055 | F77: 8.69 | G77: x | H77: x | K77: x | L77: x
A78: Zile de alimentare a elevilor din clasele 5-8, din licee-internat cu profil sportiv | E78: 1056 | F78: 8.70 | G78: x | H78: x | K78: x | L78: x
A79: Zile de alimentare a elevilor din clasele 9-12, din licee-internat cu profil sportiv | E79: 1057 | F79: 8.71 | G79: x | H79: x | K79: x | L79: x
A80: Cheltuieli pentru alimentarea elevilor, în total, inclusiv | E80: 1060 | F80: 8.72 | G80: x | H80: x | I80: =SUM(I81:I86) -> 0 | J80: =SUM(J81:J86) -> 0 | K80: x | L80: x
A81: Cheltuieli pentru alimentarea elevilor din clasele 1-4, asigurați cu micul dejun | E81: 1061 | F81: 8.73 | G81: x | H81: x | K81: x | L81: x
A82: Cheltuieli pentru alimentarea elevilor din clasele 5-9(12), ce beneficiază de alimentație | E82: 1062 | F82: 8.74 | G82: x | H82: x | K82: x | L82: x
A83: Cheltuieli pentru alimentarea elevilor, din grupele cu regim prelungit | E83: 1063 | F83: 8.75 | G83: x | H83: x | K83: x | L83: x
A84: Cheltuieli pentru alimentarea altor categorii de elevi alimentați | E84: 1065 | F84: 8.76 | G84: x | H84: x | K84: x | L84: x
A85: Cheltuieli pentru alimentarea elevilor din clasele 5-8, din licee-internat cu profil sportiv | E85: 1066 | F85: 8.77 | G85: x | H85: x | K85: x | L85: x
A86: Cheltuieli pentru alimentarea elevilor din clasele 9-12, din licee-internat cu profil sportiv | E86: 1067 | F86: 8.78 | G86: x | H86: x | K86: x | L86: x
A87: Cheltuieli pentru acordarea compensațiilor bănești anuale cadrelor didactice | E87: 504 | F87: 8.79 | G87: x | H87: x | K87: x | L87: x
E89: Semnături:
E91: Șeful interimar DÎTS | H91: Alexandru ROȘCA
H92: (nume, prenume) | K92: (semnătura)
E93: Contabil Șef | H93: Alla RUDNIȚCAIA
H94: (nume, prenume) | K94: (semnătura)
E95: Executor | H95: Alexandr PRIȘCEPA
H96: (nume, prenume) | K96: (semnătura)

Sheet 09881 (00448)
A1: Școala primara nr. 21 (Alimentația) | J1: Forma FD-048BL Aprobat prin ordinul Ministrului al Finanțelor al Republicii Moldova nr. _______ al _________
A2: ORG2 | B2: F1F3 | C2: P1P2 | D2: P3
A3: 09881 | B3: 0912 | C3: 8803 | D3: 00448
A4: REȚEA, STATE ȘI CONTINGENTE ALE INSTITUȚIILOR
A5: ÎN PERIOADA 12 LUNI. 2025
A6: Denumirea indicatorului | E6: CF | F6: CR | G6: Aprobat la începutul anului | H6: Aprobat la sfârșitul anului | I6: Numărul mediu prevazut pe an | J6: Numărul mediu realizat la mm.dd.20__ | K6: Real încadrat la începutul anului | L6: Real încadrat la sfârsitul perioadei
A8: RAPORT nr. 3-8 privind învățămîntul primar, gimnazial și liceal | F8: 8
A9: Instituții în total, inclusiv | E9: 1 | F9: 46030 | I9: x | J9: x
A10: filiale | E10: 10 | F10: 46061 | I10: x | J10: x
A11: Unități în state (posturi) în total, inclusiv | E11: 101 | F11: 46089 | G11: =G12+G16+G19 -> 0 | H11: =H12+H16+H19 -> 0 | I11: =I12+I16+I19 -> 0 | J11: =J12+J16+J19 -> 0 | K11: =K12+K16+K19 -> 0 | L11: =L12+L16+L19 -> 0
A12: funcții didactice, inclusiv | E12: 102 | F12: 46120 | G12: =SUM(G13:G14) -> 0 | H12: =SUM(H13:H14) -> 0 | I12: =SUM(I13:I14) -> 0 | J12: =SUM(J13:J14) -> 0 | K12: =SUM(K13:K14) -> 0 | L12: =SUM(L13:L14) -> 0
A13: de conducere | E13: 126 | F13: 46150
A14: de execuție din care | E14: 145 | F14: 46181
A15: cadre didactice de sprijin | E15: 146 | F15: 46211
A16: funcții de specialitate, inclusiv | E16: 103 | F16: 46242 | G16: =SUM(G17:G18) -> 0 | H16: =SUM(H17:H18) -> 0 | I16: =SUM(I17:I18) -> 0 | J16: =SUM(J17:J18) -> 0 | K16: =SUM(K17:K18) -> 0 | L16: =SUM(L17:L18) -> 0
A17: de conducere | E17: 126 | F17: 46273
A18: de execuție | E18: 145 | F18: 46303
A19: funcții complexe, inclusiv | E19: 104 | F19: 46334 | G19: =SUM(G20:G22) -> 0 | H19: =SUM(H20:H22) -> 0 | I19: =SUM(I20:I22) -> 0 | J19: =SUM(J20:J22) -> 0 | K19: =SUM(K20:K22) -> 0 | L19: =SUM(L20:L22) -> 0
A20: de conducere | E20: 126 | F20: 46364
A21: de execuție | E21: 145 | F21: 8.13
A22: muncitori | E22: 177 | F22: 8.14
A23: Personal angajat în total, inclusiv | E23: 100 | F23: 8.15 | G23: =G24+G28+G31 -> 0 | H23: =H24+H28+H31 -> 0 | I23: x | J23: =J24+J28+J31 -> 0 | K23: =K24+K28+K31 -> 0 | L23: =L24+L28+L31 -> 0
A24: funcții didactice, inclusiv | E24: 105 | F24: 8.16 | G24: =SUM(G25:G26) -> 0 | H24: =SUM(H25:H26) -> 0 | I24: x | J24: =SUM(J25:J26) -> 0 | K24: =SUM(K25:K26) -> 0 | L24: =SUM(L25:L26) -> 0
A25: de conducere | E25: 120 | F25: 8.17 | I25: x
A26: de execuție, din care | E26: 140 | F26: 8.18 | I26: x
A27: cadre didactice de sprijin | E27: 147 | F27: 8.19 | I27: x
A28: funcții de specialitate, inclusiv | E28: 106 | F28: 8.20 | G28: =SUM(G29:G30) -> 0 | H28: =SUM(H29:H30) -> 0 | I28: x | J28: =SUM(J29:J30) -> 0 | K28: =SUM(K29:K30) -> 0 | L28: =SUM(L29:L30) -> 0
A29: de conducere | E29: 120 | F29: 8.21 | I29: x
A30: de execuție | E30: 140 | F30: 8.22 | I30: x
A31: funcții complexe, inclusiv | E31: 107 | F31: 8.23 | G31: =SUM(G32:G34) -> 0 | H31: =SUM(H32:H34) -> 0 | I31: x | J31: =SUM(J32:J34) -> 0 | K31: =SUM(K32:K34) -> 0 | L31: =SUM(L32:L34) -> 0
A32: de conducere | E32: 120 | F32: 8.24 | I32: x
A33: de execuție | E33: 140 | F33: 8.25 | I33: x
A34: muncitori | E34: 175 | F34: 8.26 | I34: x
A35: Numărul personalului didactic beneficiar de compensații anuale, inclusiv | E35: 108 | F35: 8.27 | G35: =SUM(G36:G37) -> 0 | H35: =SUM(H36:H37) -> 0 | I35: x | J35: x | K35: =SUM(K36:K37) -> 0 | L35: =SUM(L36:L37) -> 0
A36: cu funcție de conducere | E36: 120 | F36: 8.28 | I36: x | J36: x
A37: cu funcție de execuție | E37: 140 | F37: 8.29 | I37: x | J37: x
A38: Retibuirea muncii în total, inclusiv | E38: 500 | F38: 8.30 | G38: x | H38: x | I38: =I39+I43+I46 -> 0 | J38: =J39+J43+J46 -> 0 | K38: x | L38: x
A39: funcții didactice, inclusiv | E39: 501 | F39: 8.31 | G39: x | H39: x | I39: =SUM(I40:I41) -> 0 | J39: =SUM(J40:J41) -> 0 | K39: x | L39: x
A40: de conducere | E40: 510 | F40: 8.32 | G40: x | H40: x | K40: x | L40: x
A41: de execuție, din care | E41: 540 | F41: 8.33 | G41: x | H41: x | K41: x | L41: x
A42: cadre didactice de sprijin | E42: 148 | F42: 8.34 | G42: x | H42: x | K42: x | L42: x
A43: funcții de specialitate, inclusiv | E43: 502 | F43: 8.35 | G43: x | H43: x | I43: =SUM(I44:I45) -> 0 | J43: =SUM(J44:J45) -> 0 | K43: x | L43: x
A44: de conducere | E44: 510 | F44: 8.36 | G44: x | H44: x | K44: x | L44: x
A45: de execuție | E45: 540 | F45: 8.37 | G45: x | H45: x | K45: x | L45: x
A46: funcții complexe, inclusiv | E46: 503 | F46: 8.38 | G46: x | H46: x | I46: =SUM(I47:I49) -> 0 | J46: =SUM(J47:J49) -> 0 | K46: x | L46: x
A47: de conducere | E47: 510 | F47: 8.39 | G47: x | H47: x | K47: x | L47: x
A48: de execuție | E48: 540 | F48: 8.40 | G48: x | H48: x | K48: x | L48: x
A49: muncitori | E49: 555 | F49: 8.41 | G49: x | H49: x | K49: x | L49: x
A50: Clase în total, inclusiv: | E50: 1100 | F50: 8.42 | G50: =SUM(G51:G53) -> 0 | H50: =SUM(H51:H53) -> 0 | I50: =SUM(I51:I53) -> 0 | J50: =SUM(J51:J53) -> 0 | K50: =SUM(K51:K53) -> 0 | L50: =SUM(L51:L53) -> 0
A51: clasele 1-4 | E51: 1101 | F51: 8.43
A52: clasele 5-9 | E52: 1102 | F52: 8.44
A53: clasele 10-12 | E53: 1103 | F53: 8.45
A54: Clase cu profil sportiv, inclusiv: | E54: 1110 | F54: 8.46 | G54: =SUM(G55:G57) -> 0 | H54: =SUM(H55:H57) -> 0 | I54: =SUM(I55:I57) -> 0 | J54: =SUM(J55:J57) -> 0 | K54: =SUM(K55:K57) -> 0 | L54: =SUM(L55:L57) -> 0
A55: clasele 1-4 | E55: 1111 | F55: 8.47
A56: clasele 5-9 | E56: 1112 | F56: 8.48
A57: clasele 10-12 | E57: 1113 | F57: 8.49
A58: Elevi în total, inclusiv: | E58: 1120 | F58: 8.50 | G58: =SUM(G59:G61) -> 0 | H58: =SUM(H59:H61) -> 0 | I58: =SUM(I59:I61) -> 0 | J58: =SUM(J59:J61) -> 0 | K58: =SUM(K59:K61) -> 0 | L58: =SUM(L59:L61) -> 0
A59: clasele 1-4 | E59: 1121 | F59: 8.51
A60: clasele 5-9 | E60: 1122 | F60: 8.52
A61: clasele 10-12 | E61: 1123 | F61: 8.53
A62: Elevi în total din clasele cu profil sportiv, inclusiv: | E62: 1130 | F62: 8.54 | G62: =SUM(G63:G65) -> 0 | H62: =SUM(H63:H65) -> 0 | I62: =SUM(I63:I65) -> 0 | J62: =SUM(J63:J65) -> 0 | K62: =SUM(K63:K65) -> 0 | L62: =SUM(L63:L65) -> 0
A63: clasele 1-4 | E63: 1131 | F63: 8.55
A64: clasele 5-9 | E64: 1132 | F64: 8.56
A65: clasele 10-12 | E65: 1133 | F65: 8.57
A66: Elevi alimentați, în total, inclusiv: | E66: 1040 | F66: 8.58 | G66: =SUM(G67:G72) -> 0 | H66: =SUM(H67:H72) -> 0 | I66: =SUM(I67:I72) -> 0 | J66: =SUM(J67:J72) -> 0 | K66: =SUM(K67:K72) -> 0 | L66: =SUM(L67:L72) -> 0
A67: Elevi alimentați din clasele 1-4, asigurați cu micul dejun | E67: 1041 | F67: 8.59 | G67: ='09881 (TOTAL)'!G67 | H67: ='09881 (TOTAL)'!H67 | I67: ='09881 (TOTAL)'!I67 | J67: ='09881 (TOTAL)'!J67 | K67: ='09881 (TOTAL)'!K67 | L67: ='09881 (TOTAL)'!L67
A68: Elevi din clasele 5-9(12), ce beneficiază de alimentație | E68: 1042 | F68: 8.60 | G68: ='09881 (TOTAL)'!G68 | H68: ='09881 (TOTAL)'!H68 | I68: ='09881 (TOTAL)'!I68 | J68: ='09881 (TOTAL)'!J68 | K68: ='09881 (TOTAL)'!K68 | L68: ='09881 (TOTAL)'!L68
A69: Elevi alimentați, din grupe cu regim prelungit | E69: 1043 | F69: 8.61 | G69: ='09881 (TOTAL)'!G69 -> * | H69: ='09881 (TOTAL)'!H69 -> * | I69: ='09881 (TOTAL)'!I69 -> * | J69: ='09881 (TOTAL)'!J69 -> * | K69: ='09881 (TOTAL)'!K69 -> * | L69: ='09881 (TOTAL)'!L69 -> *
A70: Alte categorii de elevi alimentați | E70: 1045 | F70: 8.62 | G70: ='09881 (TOTAL)'!G70 | H70: ='09881 (TOTAL)'!H70 | I70: ='09881 (TOTAL)'!I70 | J70: ='09881 (TOTAL)'!J70 | K70: ='09881 (TOTAL)'!K70 | L70: ='09881 (TOTAL)'!L70
A71: Elevi alimentați din clasele 5-8, din licee-internat cu profil sportiv | E71: 1046 | F71: 8.63 | G71: ='09881 (TOTAL)'!G71 -> * | H71: ='09881 (TOTAL)'!H71 -> * | I71: ='09881 (TOTAL)'!I71 -> * | J71: ='09881 (TOTAL)'!J71 -> * | K71: ='09881 (TOTAL)'!K71 -> * | L71: ='09881 (TOTAL)'!L71 -> *
A72: Elevi alimentați din clasele 9-12, din licee-internat cu profil sportiv | E72: 1047 | F72: 8.64 | G72: ='09881 (TOTAL)'!G72 -> * | H72: ='09881 (TOTAL)'!H72 -> * | I72: ='09881 (TOTAL)'!I72 -> * | J72: ='09881 (TOTAL)'!J72 -> * | K72: ='09881 (TOTAL)'!K72 -> * | L72: ='09881 (TOTAL)'!L72 -> *
A73: Zile de alimentare a elevilor, în total | E73: 1050 | F73: 8.65 | G73: x | H73: x | I73: =SUM(I74:I79) -> 0 | J73: =SUM(J74:J79) -> 0 | K73: x | L73: x
A74: Zile de alimentare a elevilor din clasele 1-4, asigurați cu micul dejun | E74: 1051 | F74: 8.66 | G74: x | H74: x | I74: ='09881 (TOTAL)'!I74 | J74: ='09881 (TOTAL)'!J74 | K74: x | L74: x
A75: Zile de alimentare a elevilor din clasele 5-9(12),ce beneficiaza de alimentație | E75: 1052 | F75: 8.67 | G75: x | H75: x | I75: ='09881 (TOTAL)'!I75 | J75: ='09881 (TOTAL)'!J75 | K75: x | L75: x
A76: Zile de alimentare a elevilor, din grupe cu regim prelungit | E76: 1053 | F76: 8.68 | G76: x | H76: x | I76: ='09881 (TOTAL)'!I76 -> * | J76: ='09881 (TOTAL)'!J76 -> * | K76: x | L76: x
A77: Zile de alimentare a altor categorii de elevi alimentați | E77: 1055 | F77: 8.69 | G77: x | H77: x | I77: ='09881 (TOTAL)'!I77 | J77: ='09881 (TOTAL)'!J77 | K77: x | L77: x
A78: Zile de alimentare a elevilor din clasele 5-8, din licee-internat cu profil sportiv | E78: 1056 | F78: 8.70 | G78: x | H78: x | I78: ='09881 (TOTAL)'!I78 -> * | J78: ='09881 (TOTAL)'!J78 -> * | K78: x | L78: x
A79: Zile de alimentare a elevilor din clasele 9-12, din licee-internat cu profil sportiv | E79: 1057 | F79: 8.71 | G79: x | H79: x | I79: ='09881 (TOTAL)'!I79 -> * | J79: ='09881 (TOTAL)'!J79 -> * | K79: x | L79: x
A80: Cheltuieli pentru alimentarea elevilor, în total, inclusiv | E80: 1060 | F80: 8.72 | G80: x | H80: x | I80: =SUM(I81:I86) -> 0 | J80: =SUM(J81:J86) -> 0 | K80: x | L80: x
A81: Cheltuieli pentru alimentarea elevilor din clasele 1-4, asigurați cu micul dejun | E81: 1061 | F81: 8.73 | G81: x | H81: x | I81: ='09881 (TOTAL)'!I81 | J81: ='09881 (TOTAL)'!J81 | K81: x | L81: x
A82: Cheltuieli pentru alimentarea elevilor din clasele 5-9(12), ce beneficiază de alimentație | E82: 1062 | F82: 8.74 | G82: x | H82: x | I82: ='09881 (TOTAL)'!I82 | J82: ='09881 (TOTAL)'!J82 | K82: x | L82: x
A83: Cheltuieli pentru alimentarea elevilor, din grupele cu regim prelungit | E83: 1063 | F83: 8.75 | G83: x | H83: x | I83: ='09881 (TOTAL)'!I83 -> * | J83: ='09881 (TOTAL)'!J83 -> * | K83: x | L83: x
A84: Cheltuieli pentru alimentarea altor categorii de elevi alimentați | E84: 1065 | F84: 8.76 | G84: x | H84: x | I84: ='09881 (TOTAL)'!I84 | J84: ='09881 (TOTAL)'!J84 | K84: x | L84: x
A85: Cheltuieli pentru alimentarea elevilor din clasele 5-8, din licee-internat cu profil sportiv | E85: 1066 | F85: 8.77 | G85: x | H85: x | I85: ='09881 (TOTAL)'!I85 -> * | J85: ='09881 (TOTAL)'!J85 -> * | K85: x | L85: x
A86: Cheltuieli pentru alimentarea elevilor din clasele 9-12, din licee-internat cu profil sportiv | E86: 1067 | F86: 8.78 | G86: x | H86: x | I86: ='09881 (TOTAL)'!I86 -> * | J86: ='09881 (TOTAL)'!J86 -> * | K86: x | L86: x
A87: Cheltuieli pentru acordarea compensațiilor bănești anuale cadrelor didactice | E87: 504 | F87: 8.79 | G87: x | H87: x | K87: x | L87: x
E89: Semnături:
E91: Șeful interimar DÎTS | H91: Alexandru ROȘCA
H92: (nume, prenume) | K92: (semnătura)
E93: Contabil Șef | H93: Alla RUDNIȚCAIA
H94: (nume, prenume) | K94: (semnătura)
E95: Executor | H95: Alexandr PRIȘCEPA
H96: (nume, prenume) | K96: (semnătura)

Sheet 09881 (00492)
A1: Școala primara nr. 21 (Compensații) | J1: Forma FD-048BL Aprobat prin ordinul Ministrului al Finanțelor al Republicii Moldova nr. _______ al _________
A2: ORG2 | B2: F1F3 | C2: P1P2 | D2: P3
A3: 09881 | B3: 0912 | C3: 8803 | D3: 00492
A4: REȚEA, STATE ȘI CONTINGENTE ALE INSTITUȚIILOR
A5: ÎN PERIOADA 12 LUNI. 2025
A6: Denumirea indicatorului | E6: CF | F6: CR | G6: Aprobat la începutul anului | H6: Aprobat la sfârșitul anului | I6: Numărul mediu prevazut pe an | J6: Numărul mediu realizat la mm.dd.20__ | K6: Real încadrat la începutul anului | L6: Real încadrat la sfârsitul perioadei
A8: RAPORT nr. 3-8 privind învățămîntul primar, gimnazial și liceal | F8: 8
A9: Instituții în total, inclusiv | E9: 1 | F9: 46030 | I9: x | J9: x
A10: filiale | E10: 10 | F10: 46061 | I10: x | J10: x
A11: Unități în state (posturi) în total, inclusiv | E11: 101 | F11: 46089 | G11: =G12+G16+G19 -> 0 | H11: =H12+H16+H19 -> 0 | I11: =I12+I16+I19 -> 0 | J11: =J12+J16+J19 -> 0 | K11: =K12+K16+K19 -> 0 | L11: =L12+L16+L19 -> 0
A12: funcții didactice, inclusiv | E12: 102 | F12: 46120 | G12: =SUM(G13:G14) -> 0 | H12: =SUM(H13:H14) -> 0 | I12: =SUM(I13:I14) -> 0 | J12: =SUM(J13:J14) -> 0 | K12: =SUM(K13:K14) -> 0 | L12: =SUM(L13:L14) -> 0
A13: de conducere | E13: 126 | F13: 46150
A14: de execuție din care | E14: 145 | F14: 46181
A15: cadre didactice de sprijin | E15: 146 | F15: 46211
A16: funcții de specialitate, inclusiv | E16: 103 | F16: 46242 | G16: =SUM(G17:G18) -> 0 | H16: =SUM(H17:H18) -> 0 | I16: =SUM(I17:I18) -> 0 | J16: =SUM(J17:J18) -> 0 | K16: =SUM(K17:K18) -> 0 | L16: =SUM(L17:L18) -> 0
A17: de conducere | E17: 126 | F17: 46273
A18: de execuție | E18: 145 | F18: 46303
A19: funcții complexe, inclusiv | E19: 104 | F19: 46334 | G19: =SUM(G20:G22) -> 0 | H19: =SUM(H20:H22) -> 0 | I19: =SUM(I20:I22) -> 0 | J19: =SUM(J20:J22) -> 0 | K19: =SUM(K20:K22) -> 0 | L19: =SUM(L20:L22) -> 0
A20: de conducere | E20: 126 | F20: 46364
A21: de execuție | E21: 145 | F21: 8.13
A22: muncitori | E22: 177 | F22: 8.14
A23: Personal angajat în total, inclusiv | E23: 100 | F23: 8.15 | G23: =G24+G28+G31 -> 0 | H23: =H24+H28+H31 -> 0 | I23: x | J23: =J24+J28+J31 -> 0 | K23: =K24+K28+K31 -> 0 | L23: =L24+L28+L31 -> 0
A24: funcții didactice, inclusiv | E24: 105 | F24: 8.16 | G24: =SUM(G25:G26) -> 0 | H24: =SUM(H25:H26) -> 0 | I24: x | J24: =SUM(J25:J26) -> 0 | K24: =SUM(K25:K26) -> 0 | L24: =SUM(L25:L26) -> 0
A25: de conducere | E25: 120 | F25: 8.17 | I25: x
A26: de execuție, din care | E26: 140 | F26: 8.18 | I26: x
A27: cadre didactice de sprijin | E27: 147 | F27: 8.19 | I27: x
A28: funcții de specialitate, inclusiv | E28: 106 | F28: 8.20 | G28: =SUM(G29:G30) -> 0 | H28: =SUM(H29:H30) -> 0 | I28: x | J28: =SUM(J29:J30) -> 0 | K28: =SUM(K29:K30) -> 0 | L28: =SUM(L29:L30) -> 0
A29: de conducere | E29: 120 | F29: 8.21 | I29: x
A30: de execuție | E30: 140 | F30: 8.22 | I30: x
A31: funcții complexe, inclusiv | E31: 107 | F31: 8.23 | G31: =SUM(G32:G34) -> 0 | H31: =SUM(H32:H34) -> 0 | I31: x | J31: =SUM(J32:J34) -> 0 | K31: =SUM(K32:K34) -> 0 | L31: =SUM(L32:L34) -> 0
A32: de conducere | E32: 120 | F32: 8.24 | I32: x
A33: de execuție | E33: 140 | F33: 8.25 | I33: x
A34: muncitori | E34: 175 | F34: 8.26 | I34: x
A35: Numărul personalului didactic beneficiar de compensații anuale, inclusiv | E35: 108 | F35: 8.27 | G35: =SUM(G36:G37) -> 36 | H35: =SUM(H36:H37) -> 38 | I35: x | J35: x | K35: =SUM(K36:K37) -> 36 | L35: =SUM(L36:L37) -> 37
A36: cu funcție de conducere | E36: 120 | F36: 8.28 | G36: ='09881 (TOTAL)'!G36 -> 4 | H36: ='09881 (TOTAL)'!H36 -> 4 | I36: x | J36: x | K36: ='09881 (TOTAL)'!K36 -> 4 | L36: ='09881 (TOTAL)'!L36 -> 4
A37: cu funcție de execuție | E37: 140 | F37: 8.29 | G37: ='09881 (TOTAL)'!G37 -> 32 | H37: ='09881 (TOTAL)'!H37 -> 34 | I37: x | J37: x | K37: ='09881 (TOTAL)'!K37 -> 32 | L37: ='09881 (TOTAL)'!L37 -> 33
A38: Retibuirea muncii în total, inclusiv | E38: 500 | F38: 8.30 | G38: x | H38: x | I38: =I39+I43+I46 -> 0 | J38: =J39+J43+J46 -> 0 | K38: x | L38: x
A39: funcții didactice, inclusiv | E39: 501 | F39: 8.31 | G39: x | H39: x | I39: =SUM(I40:I41) -> 0 | J39: =SUM(J40:J41) -> 0 | K39: x | L39: x
A40: de conducere | E40: 510 | F40: 8.32 | G40: x | H40: x | K40: x | L40: x
A41: de execuție, din care | E41: 540 | F41: 8.33 | G41: x | H41: x | K41: x | L41: x
A42: cadre didactice de sprijin | E42: 148 | F42: 8.34 | G42: x | H42: x | K42: x | L42: x
A43: funcții de specialitate, inclusiv | E43: 502 | F43: 8.35 | G43: x | H43: x | I43: =SUM(I44:I45) -> 0 | J43: =SUM(J44:J45) -> 0 | K43: x | L43: x
A44: de conducere | E44: 510 | F44: 8.36 | G44: x | H44: x | K44: x | L44: x
A45: de execuție | E45: 540 | F45: 8.37 | G45: x | H45: x | K45: x | L45: x
A46: funcții complexe, inclusiv | E46: 503 | F46: 8.38 | G46: x | H46: x | I46: =SUM(I47:I49) -> 0 | J46: =SUM(J47:J49) -> 0 | K46: x | L46: x
A47: de conducere | E47: 510 | F47: 8.39 | G47: x | H47: x | K47: x | L47: x
A48: de execuție | E48: 540 | F48: 8.40 | G48: x | H48: x | K48: x | L48: x
A49: muncitori | E49: 555 | F49: 8.41 | G49: x | H49: x | K49: x | L49: x
A50: Clase în total, inclusiv: | E50: 1100 | F50: 8.42 | G50: =SUM(G51:G53) -> 0 | H50: =SUM(H51:H53) -> 0 | I50: =SUM(I51:I53) -> 0 | J50: =SUM(J51:J53) -> 0 | K50: =SUM(K51:K53) -> 0 | L50: =SUM(L51:L53) -> 0
A51: clasele 1-4 | E51: 1101 | F51: 8.43
A52: clasele 5-9 | E52: 1102 | F52: 8.44
A53: clasele 10-12 | E53: 1103 | F53: 8.45
A54: Clase cu profil sportiv, inclusiv: | E54: 1110 | F54: 8.46 | G54: =SUM(G55:G57) -> 0 | H54: =SUM(H55:H57) -> 0 | I54: =SUM(I55:I57) -> 0 | J54: =SUM(J55:J57) -> 0 | K54: =SUM(K55:K57) -> 0 | L54: =SUM(L55:L57) -> 0
A55: clasele 1-4 | E55: 1111 | F55: 8.47
A56: clasele 5-9 | E56: 1112 | F56: 8.48
A57: clasele 10-12 | E57: 1113 | F57: 8.49
A58: Elevi în total, inclusiv: | E58: 1120 | F58: 8.50 | G58: =SUM(G59:G61) -> 0 | H58: =SUM(H59:H61) -> 0 | I58: =SUM(I59:I61) -> 0 | J58: =SUM(J59:J61) -> 0 | K58: =SUM(K59:K61) -> 0 | L58: =SUM(L59:L61) -> 0
A59: clasele 1-4 | E59: 1121 | F59: 8.51
A60: clasele 5-9 | E60: 1122 | F60: 8.52
A61: clasele 10-12 | E61: 1123 | F61: 8.53
A62: Elevi în total din clasele cu profil sportiv, inclusiv: | E62: 1130 | F62: 8.54 | G62: =SUM(G63:G65) -> 0 | H62: =SUM(H63:H65) -> 0 | I62: =SUM(I63:I65) -> 0 | J62: =SUM(J63:J65) -> 0 | K62: =SUM(K63:K65) -> 0 | L62: =SUM(L63:L65) -> 0
A63: clasele 1-4 | E63: 1131 | F63: 8.55
A64: clasele 5-9 | E64: 1132 | F64: 8.56
A65: clasele 10-12 | E65: 1133 | F65: 8.57
A66: Elevi alimentați, în total, inclusiv: | E66: 1040 | F66: 8.58 | G66: =SUM(G67:G72) -> 0 | H66: =SUM(H67:H72) -> 0 | I66: =SUM(I67:I72) -> 0 | J66: =SUM(J67:J72) -> 0 | K66: =SUM(K67:K72) -> 0 | L66: =SUM(L67:L72) -> 0
A67: Elevi alimentați din clasele 1-4, asigurați cu micul dejun | E67: 1041 | F67: 8.59
A68: Elevi din clasele 5-9(12), ce beneficiază de alimentație | E68: 1042 | F68: 8.60
A69: Elevi alimentați, din grupe cu regim prelungit | E69: 1043 | F69: 8.61
A70: Alte categorii de elevi alimentați | E70: 1045 | F70: 8.62
A71: Elevi alimentați din clasele 5-8, din licee-internat cu profil sportiv | E71: 1046 | F71: 8.63
A72: Elevi alimentați din clasele 9-12, din licee-internat cu profil sportiv | E72: 1047 | F72: 8.64
A73: Zile de alimentare a elevilor, în total | E73: 1050 | F73: 8.65 | G73: x | H73: x | I73: =SUM(I74:I79) -> 0 | J73: =SUM(J74:J79) -> 0 | K73: x | L73: x
A74: Zile de alimentare a elevilor din clasele 1-4, asigurați cu micul dejun | E74: 1051 | F74: 8.66 | G74: x | H74: x | K74: x | L74: x
A75: Zile de alimentare a elevilor din clasele 5-9(12),ce beneficiaza de alimentație | E75: 1052 | F75: 8.67 | G75: x | H75: x | K75: x | L75: x
A76: Zile de alimentare a elevilor, din grupe cu regim prelungit | E76: 1053 | F76: 8.68 | G76: x | H76: x | K76: x | L76: x
A77: Zile de alimentare a altor categorii de elevi alimentați | E77: 1055 | F77: 8.69 | G77: x | H77: x | K77: x | L77: x
A78: Zile de alimentare a elevilor din clasele 5-8, din licee-internat cu profil sportiv | E78: 1056 | F78: 8.70 | G78: x | H78: x | K78: x | L78: x
A79: Zile de alimentare a elevilor din clasele 9-12, din licee-internat cu profil sportiv | E79: 1057 | F79: 8.71 | G79: x | H79: x | K79: x | L79: x
A80: Cheltuieli pentru alimentarea elevilor, în total, inclusiv | E80: 1060 | F80: 8.72 | G80: x | H80: x | I80: =SUM(I81:I86) -> 0 | J80: =SUM(J81:J86) -> 0 | K80: x | L80: x
A81: Cheltuieli pentru alimentarea elevilor din clasele 1-4, asigurați cu micul dejun | E81: 1061 | F81: 8.73 | G81: x | H81: x | K81: x | L81: x
A82: Cheltuieli pentru alimentarea elevilor din clasele 5-9(12), ce beneficiază de alimentație | E82: 1062 | F82: 8.74 | G82: x | H82: x | K82: x | L82: x
A83: Cheltuieli pentru alimentarea elevilor, din grupele cu regim prelungit | E83: 1063 | F83: 8.75 | G83: x | H83: x | K83: x | L83: x
A84: Cheltuieli pentru alimentarea altor categorii de elevi alimentați | E84: 1065 | F84: 8.76 | G84: x | H84: x | K84: x | L84: x
A85: Cheltuieli pentru alimentarea elevilor din clasele 5-8, din licee-internat cu profil sportiv | E85: 1066 | F85: 8.77 | G85: x | H85: x | K85: x | L85: x
A86: Cheltuieli pentru alimentarea elevilor din clasele 9-12, din licee-internat cu profil sportiv | E86: 1067 | F86: 8.78 | G86: x | H86: x | K86: x | L86: x
A87: Cheltuieli pentru acordarea compensațiilor bănești anuale cadrelor didactice | E87: 504 | F87: 8.79 | G87: x | H87: x | I87: ='09881 (TOTAL)'!I87 -> 152000,0 | J87: ='09881 (TOTAL)'!J87 -> 148000 | K87: x | L87: x
E89: Semnături:
E91: Șeful interimar DÎTS | H91: Alexandru ROȘCA
H92: (nume, prenume) | K92: (semnătura)
E93: Contabil Șef | H93: Alla RUDNIȚCAIA
H94: (nume, prenume) | K94: (semnătura)
E95: Executor | H95: Alexandr PRIȘCEPA
H96: (nume, prenume) | K96: (semnătura)

Sheet 14279 (TOTAL)
A1: Școala primara nr. 16 | J1: Forma FD-048BL Aprobat prin ordinul Ministrului al Finanțelor al Republicii Moldova nr. _______ al _________
A2: ORG2 | B2: F1F3 | C2: P1P2 | D2: P3
A3: 14279 | B3: 0912 | C3: 8803 | D3: TOTAL
A4: REȚEA, STATE ȘI CONTINGENTE ALE INSTITUȚIILOR
A5: ÎN PERIOADA 12 LUNI. 2025
A6: Denumirea indicatorului | E6: CF | F6: CR | G6: Aprobat la începutul anului | H6: Aprobat la sfârșitul anului | I6: Numărul mediu prevazut pe an | J6: Numărul mediu realizat la mm.dd.20__ | K6: Real încadrat la începutul anului | L6: Real încadrat la sfârsitul perioadei
A8: RAPORT nr. 3-8 privind învățămîntul primar, gimnazial și liceal | F8: 8
A9: Instituții în total, inclusiv | E9: 1 | F9: 46030 | G9: 1 | H9: 1 | I9: x | J9: x | K9: =H9 -> 1 | L9: 1
A10: filiale | E10: 10 | F10: 46061 | I10: x | J10: x | K10: =G10
A11: Unități în state (posturi) în total, inclusiv | E11: 101 | F11: 46089 | G11: =G12+G16+G19 -> 0 | H11: =H12+H16+H19 -> 0 | I11: =I12+I16+I19 -> 0 | J11: =J12+J16+J19 -> 0 | K11: =K12+K16+K19 -> 0 | L11: =L12+L16+L19 -> 0
A12: funcții didactice, inclusiv | E12: 102 | F12: 46120 | G12: =SUM(G13:G14) -> 0 | H12: =SUM(H13:H14) -> 0 | I12: =SUM(I13:I14) -> 0 | J12: =SUM(J13:J14) -> 0 | K12: =SUM(K13:K14) -> 0 | L12: =SUM(L13:L14) -> 0
A13: de conducere | E13: 126 | F13: 46150 | K13: =G13
A14: de execuție din care | E14: 145 | F14: 46181 | K14: =G14
A15: cadre didactice de sprijin | E15: 146 | F15: 46211 | K15: =G15
A16: funcții de specialitate, inclusiv | E16: 103 | F16: 46242 | G16: =SUM(G17:G18) -> 0 | H16: =SUM(H17:H18) -> 0 | I16: =SUM(I17:I18) -> 0 | J16: =SUM(J17:J18) -> 0 | K16: =SUM(K17:K18) -> 0 | L16: =SUM(L17:L18) -> 0
A17: de conducere | E17: 126 | F17: 46273 | K17: =G17
A18: de execuție | E18: 145 | F18: 46303 | K18: =G18
A19: funcții complexe, inclusiv | E19: 104 | F19: 46334 | G19: =SUM(G20:G22) -> 0 | H19: =SUM(H20:H22) -> 0 | I19: =SUM(I20:I22) -> 0 | J19: =SUM(J20:J22) -> 0 | K19: =SUM(K20:K22) -> 0 | L19: =SUM(L20:L22) -> 0
A20: de conducere | E20: 126 | F20: 46364 | K20: =G20
A21: de execuție | E21: 145 | F21: 8.13 | K21: =G21
A22: muncitori | E22: 177 | F22: 8.14 | K22: =G22
A23: Personal angajat în total, inclusiv | E23: 100 | F23: 8.15 | G23: =G24+G28+G31 -> 0 | H23: =H24+H28+H31 -> 0 | I23: x | J23: =J24+J28+J31 -> 0 | K23: =K24+K28+K31 -> 0 | L23: =L24+L28+L31 -> 0
A24: funcții didactice, inclusiv | E24: 105 | F24: 8.16 | G24: =SUM(G25:G26) -> 0 | H24: =SUM(H25:H26) -> 0 | I24: x | J24: =SUM(J25:J26) -> 0 | K24: =SUM(K25:K26) -> 0 | L24: =SUM(L25:L26) -> 0
A25: de conducere | E25: 120 | F25: 8.17 | I25: x | K25: =G25
A26: de execuție, din care | E26: 140 | F26: 8.18 | I26: x | K26: =G26
A27: cadre didactice de sprijin | E27: 147 | F27: 8.19 | I27: x | K27: =G27
A28: funcții de specialitate, inclusiv | E28: 106 | F28: 8.20 | G28: =SUM(G29:G30) -> 0 | H28: =SUM(H29:H30) -> 0 | I28: x | J28: =SUM(J29:J30) -> 0 | K28: =SUM(K29:K30) -> 0 | L28: =SUM(L29:L30) -> 0
A29: de conducere | E29: 120 | F29: 8.21 | I29: x | K29: =G29
A30: de execuție | E30: 140 | F30: 8.22 | I30: x | K30: =G30
A31: funcții complexe, inclusiv | E31: 107 | F31: 8.23 | G31: =SUM(G32:G34) -> 0 | H31: =SUM(H32:H34) -> 0 | I31: x | J31: =SUM(J32:J34) -> 0 | K31: =SUM(K32:K34) -> 0 | L31: =SUM(L32:L34) -> 0
A32: de conducere | E32: 120 | F32: 8.24 | I32: x | K32: =G32
A33: de execuție | E33: 140 | F33: 8.25 | I33: x | K33: =G33
A34: muncitori | E34: 175 | F34: 8.26 | I34: x | K34: =G34
A35: Numărul personalului didactic beneficiar de compensații anuale, inclusiv | E35: 108 | F35: 8.27 | G35: =SUM(G36:G37) -> 5 | H35: =SUM(H36:H37) -> 5 | I35: x | J35: x | K35: =SUM(K36:K37) -> 5 | L35: =SUM(L36:L37) -> 5
A36: cu funcție de conducere | E36: 120 | F36: 8.28 | G36: 1 | H36: 1 | I36: x | J36: x | K36: =G36 -> 1 | L36: 1
A37: cu funcție de execuție | E37: 140 | F37: 8.29 | G37: 4 | H37: 4 | I37: x | J37: x | K37: =G37 -> 4 | L37: 4
A38: Retibuirea muncii în total, inclusiv | E38: 500 | F38: 8.30 | G38: x | H38: x | I38: =I39+I43+I46 -> 0 | J38: =J39+J43+J46 -> 0 | K38: x | L38: x
A39: funcții didactice, inclusiv | E39: 501 | F39: 8.31 | G39: x | H39: x | I39: =SUM(I40:I41) -> 0 | J39: =SUM(J40:J41) -> 0 | K39: x | L39: x
A40: de conducere | E40: 510 | F40: 8.32 | G40: x | H40: x | K40: x | L40: x
A41: de execuție, din care | E41: 540 | F41: 8.33 | G41: x | H41: x | K41: x | L41: x
A42: cadre didactice de sprijin | E42: 148 | F42: 8.34 | G42: x | H42: x | K42: x | L42: x
A43: funcții de specialitate, inclusiv | E43: 502 | F43: 8.35 | G43: x | H43: x | I43: =SUM(I44:I45) -> 0 | J43: =SUM(J44:J45) -> 0 | K43: x | L43: x
A44: de conducere | E44: 510 | F44: 8.36 | G44: x | H44: x | K44: x | L44: x
A45: de execuție | E45: 540 | F45: 8.37 | G45: x | H45: x | K45: x | L45: x
A46: funcții complexe, inclusiv | E46: 503 | F46: 8.38 | G46: x | H46: x | I46: =SUM(I47:I49) -> 0 | J46: =SUM(J47:J49) -> 0 | K46: x | L46: x
A47: de conducere | E47: 510 | F47: 8.39 | G47: x | H47: x | K47: x | L47: x
A48: de execuție | E48: 540 | F48: 8.40 | G48: x | H48: x | K48: x | L48: x
A49: muncitori | E49: 555 | F49: 8.41 | G49: x | H49: x | K49: x | L49: x
A50: Clase în total, inclusiv: | E50: 1100 | F50: 8.42 | G50: =SUM(G51:G53) -> 0 | H50: =SUM(H51:H53) -> 0 | I50: =SUM(I51:I53) -> 0 | J50: =SUM(J51:J53) -> 0 | K50: =SUM(K51:K53) -> 0 | L50: =SUM(L51:L53) -> 0
A51: clasele 1-4 | E51: 1101 | F51: 8.43 | K51: =G51
A52: clasele 5-9 | E52: 1102 | F52: 8.44 | K52: =G52
A53: clasele 10-12 | E53: 1103 | F53: 8.45 | K53: =G53
A54: Clase cu profil sportiv, inclusiv: | E54: 1110 | F54: 8.46 | G54: =SUM(G55:G57) -> 0 | H54: =SUM(H55:H57) -> 0 | I54: =SUM(I55:I57) -> 0 | J54: =SUM(J55:J57) -> 0 | K54: =SUM(K55:K57) -> 0 | L54: =SUM(L55:L57) -> 0
A55: clasele 1-4 | E55: 1111 | F55: 8.47 | G55: * | H55: * | I55: * | J55: * | K55: =G55 -> * | L55: *
A56: clasele 5-9 | E56: 1112 | F56: 8.48 | G56: * | H56: * | I56: * | J56: * | K56: =G56 -> * | L56: *
A57: clasele 10-12 | E57: 1113 | F57: 8.49 | G57: * | H57: * | I57: * | J57: * | K57: =G57 -> * | L57: *
A58: Elevi în total, inclusiv: | E58: 1120 | F58: 8.50 | G58: =SUM(G59:G61) -> 0 | H58: =SUM(H59:H61) -> 0 | I58: =SUM(I59:I61) -> 0 | J58: =SUM(J59:J61) -> 0 | K58: =SUM(K59:K61) -> 0 | L58: =SUM(L59:L61) -> 0
A59: clasele 1-4 | E59: 1121 | F59: 8.51 | K59: =G59
A60: clasele 5-9 | E60: 1122 | F60: 8.52 | K60: =G60
A61: clasele 10-12 | E61: 1123 | F61: 8.53 | K61: =G61
A62: Elevi în total din clasele cu profil sportiv, inclusiv: | E62: 1130 | F62: 8.54 | G62: =SUM(G63:G65) -> 0 | H62: =SUM(H63:H65) -> 0 | I62: =SUM(I63:I65) -> 0 | J62: =SUM(J63:J65) -> 0 | K62: =SUM(K63:K65) -> 0 | L62: =SUM(L63:L65) -> 0
A63: clasele 1-4 | E63: 1131 | F63: 8.55 | G63: * | H63: * | I63: * | J63: * | K63: =G63 -> * | L63: *
A64: clasele 5-9 | E64: 1132 | F64: 8.56 | G64: * | H64: * | I64: * | J64: * | K64: =G64 -> * | L64: *
A65: clasele 10-12 | E65: 1133 | F65: 8.57 | G65: * | H65: * | I65: * | J65: * | K65: =G65 -> * | L65: *
A66: Elevi alimentați, în total, inclusiv: | E66: 1040 | F66: 8.58 | G66: =SUM(G67:G72) -> 0 | H66: =SUM(H67:H72) -> 0 | I66: =SUM(I67:I72) -> 0 | J66: =SUM(J67:J72) -> 0 | K66: =SUM(K67:K72) -> 0 | L66: =SUM(L67:L72) -> 0
A67: Elevi alimentați din clasele 1-4, asigurați cu micul dejun | E67: 1041 | F67: 8.59 | K67: =G67
A68: Elevi din clasele 5-9(12), ce beneficiază de alimentație | E68: 1042 | F68: 8.60 | K68: =G68
A69: Elevi alimentați, din grupe cu regim prelungit | E69: 1043 | F69: 8.61 | G69: * | H69: * | I69: * | J69: * | K69: =G69 -> * | L69: *
A70: Alte categorii de elevi alimentați | E70: 1045 | F70: 8.62 | K70: =G70
A71: Elevi alimentați din clasele 5-8, din licee-internat cu profil sportiv | E71: 1046 | F71: 8.63 | G71: * | H71: * | I71: * | J71: * | K71: =G71 -> * | L71: *
A72: Elevi alimentați din clasele 9-12, din licee-internat cu profil sportiv | E72: 1047 | F72: 8.64 | G72: * | H72: * | I72: * | J72: * | K72: =G72 -> * | L72: *
A73: Zile de alimentare a elevilor, în total | E73: 1050 | F73: 8.65 | G73: x | H73: x | I73: =SUM(I74:I79) -> 0 | J73: =SUM(J74:J79) -> 0 | K73: x | L73: x
A74: Zile de alimentare a elevilor din clasele 1-4, asigurați cu micul dejun | E74: 1051 | F74: 8.66 | G74: x | H74: x | K74: x | L74: x
A75: Zile de alimentare a elevilor din clasele 5-9(12),ce beneficiaza de alimentație | E75: 1052 | F75: 8.67 | G75: x | H75: x | K75: x | L75: x
A76: Zile de alimentare a elevilor, din grupe cu regim prelungit | E76: 1053 | F76: 8.68 | G76: x | H76: x | I76: * | J76: * | K76: x | L76: x
A77: Zile de alimentare a altor categorii de elevi alimentați | E77: 1055 | F77: 8.69 | G77: x | H77: x | K77: x | L77: x
A78: Zile de alimentare a elevilor din clasele 5-8, din licee-internat cu profil sportiv | E78: 1056 | F78: 8.70 | G78: x | H78: x | I78: * | J78: * | K78: x | L78: x
A79: Zile de alimentare a elevilor din clasele 9-12, din licee-internat cu profil sportiv | E79: 1057 | F79: 8.71 | G79: x | H79: x | I79: * | J79: * | K79: x | L79: x
A80: Cheltuieli pentru alimentarea elevilor, în total, inclusiv | E80: 1060 | F80: 8.72 | G80: x | H80: x | I80: =SUM(I81:I86) -> 0 | J80: =SUM(J81:J86) -> 0 | K80: x | L80: x
A81: Cheltuieli pentru alimentarea elevilor din clasele 1-4, asigurați cu micul dejun | E81: 1061 | F81: 8.73 | G81: x | H81: x | K81: x | L81: x
A82: Cheltuieli pentru alimentarea elevilor din clasele 5-9(12), ce beneficiază de alimentație | E82: 1062 | F82: 8.74 | G82: x | H82: x | K82: x | L82: x
A83: Cheltuieli pentru alimentarea elevilor, din grupele cu regim prelungit | E83: 1063 | F83: 8.75 | G83: x | H83: x | I83: * | J83: * | K83: x | L83: x
A84: Cheltuieli pentru alimentarea altor categorii de elevi alimentați | E84: 1065 | F84: 8.76 | G84: x | H84: x | K84: x | L84: x
A85: Cheltuieli pentru alimentarea elevilor din clasele 5-8, din licee-internat cu profil sportiv | E85: 1066 | F85: 8.77 | G85: x | H85: x | I85: * | J85: * | K85: x | L85: x
A86: Cheltuieli pentru alimentarea elevilor din clasele 9-12, din licee-internat cu profil sportiv | E86: 1067 | F86: 8.78 | G86: x | H86: x | I86: * | J86: * | K86: x | L86: x
A87: Cheltuieli pentru acordarea compensațiilor bănești anuale cadrelor didactice | E87: 504 | F87: 8.79 | G87: x | H87: x | I87: 20000 | J87: 20000 | K87: x | L87: x
E89: Semnături:
E91: Șeful interimar DÎTS | H91: Alexandru ROȘCA
H92: (nume, prenume) | K92: (semnătura)
E93: Contabil Șef | H93: Alla RUDNIȚCAIA
H94: (nume, prenume) | K94: (semnătura)
E95: Executor | H95: Alexandr PRIȘCEPA
H96: (nume, prenume) | K96: (semnătura)

Sheet 14279 (00200)
A1: Școala primara nr. 16 (Activitatea de bază) | J1: Forma FD-048BL Aprobat prin ordinul Ministrului al Finanțelor al Republicii Moldova nr. _______ al _________
A2: ORG2 | B2: F1F3 | C2: P1P2 | D2: P3
A3: 14279 | B3: 0912 | C3: 8803 | D3: 00200
A4: REȚEA, STATE ȘI CONTINGENTE ALE INSTITUȚIILOR
A5: ÎN PERIOADA 12 LUNI. 2025
A6: Denumirea indicatorului | E6: CF | F6: CR | G6: Aprobat la începutul anului | H6: Aprobat la sfârșitul anului | I6: Numărul mediu prevazut pe an | J6: Numărul mediu realizat la mm.dd.20__ | K6: Real încadrat la începutul anului | L6: Real încadrat la sfârsitul perioadei
A8: RAPORT nr. 3-8 privind învățămîntul primar, gimnazial și liceal | F8: 8
A9: Instituții în total, inclusiv | E9: 1 | F9: 46030 | G9: ='14279 (TOTAL)'!G9 -> 1 | H9: ='14279 (TOTAL)'!H9 -> 1 | I9: x | J9: x | K9: ='14279 (TOTAL)'!K9 -> 1 | L9: ='14279 (TOTAL)'!L9 -> 1
A10: filiale | E10: 10 | F10: 46061 | G10: ='14279 (TOTAL)'!G10 | H10: ='14279 (TOTAL)'!H10 | I10: x | J10: x | K10: ='14279 (TOTAL)'!K10 | L10: ='14279 (TOTAL)'!L10
A11: Unități în state (posturi) în total, inclusiv | E11: 101 | F11: 46089 | G11: =G12+G16+G19 -> 0 | H11: =H12+H16+H19 -> 0 | I11: =I12+I16+I19 -> 0 | J11: =J12+J16+J19 -> 0 | K11: =K12+K16+K19 -> 0 | L11: =L12+L16+L19 -> 0
A12: funcții didactice, inclusiv | E12: 102 | F12: 46120 | G12: =SUM(G13) -> 0 | H12: =SUM(H13:H14) -> 0 | I12: =SUM(I13:I14) -> 0 | J12: =SUM(J13:J14) -> 0 | K12: =SUM(K13:K14) -> 0 | L12: =SUM(L13:L14) -> 0
A13: de conducere | E13: 126 | F13: 46150 | G13: ='14279 (TOTAL)'!G13 | H13: ='14279 (TOTAL)'!H13 | I13: ='14279 (TOTAL)'!I13 | J13: ='14279 (TOTAL)'!J13 | K13: ='14279 (TOTAL)'!K13 | L13: ='14279 (TOTAL)'!L13
A14: de execuție din care | E14: 145 | F14: 46181 | G14: ='14279 (TOTAL)'!G14 | H14: ='14279 (TOTAL)'!H14 | I14: ='14279 (TOTAL)'!I14 | J14: ='14279 (TOTAL)'!J14 | K14: ='14279 (TOTAL)'!K14 | L14: ='14279 (TOTAL)'!L14
A15: cadre didactice de sprijin | E15: 146 | F15: 46211 | G15: ='14279 (TOTAL)'!G15 | H15: ='14279 (TOTAL)'!H15 | I15: ='14279 (TOTAL)'!I15 | J15: ='14279 (TOTAL)'!J15 | K15: ='14279 (TOTAL)'!K15 | L15: ='14279 (TOTAL)'!L15
A16: funcții de specialitate, inclusiv | E16: 103 | F16: 46242 | G16: =SUM(G17:G18) -> 0 | H16: =SUM(H17:H18) -> 0 | I16: =SUM(I17:I18) -> 0 | J16: =SUM(J17:J18) -> 0 | K16: =SUM(K17:K18) -> 0 | L16: =SUM(L17:L18) -> 0
A17: de conducere | E17: 126 | F17: 46273 | G17: ='14279 (TOTAL)'!G17 | H17: ='14279 (TOTAL)'!H17 | I17: ='14279 (TOTAL)'!I17 | J17: ='14279 (TOTAL)'!J17 | K17: ='14279 (TOTAL)'!K17 | L17: ='14279 (TOTAL)'!L17
A18: de execuție | E18: 145 | F18: 46303 | G18: ='14279 (TOTAL)'!G18 | H18: ='14279 (TOTAL)'!H18 | I18: ='14279 (TOTAL)'!I18 | J18: ='14279 (TOTAL)'!J18 | K18: ='14279 (TOTAL)'!K18 | L18: ='14279 (TOTAL)'!L18
A19: funcții complexe, inclusiv | E19: 104 | F19: 46334 | G19: =SUM(G20:G22) -> 0 | H19: =SUM(H20:H22) -> 0 | I19: =SUM(I20:I22) -> 0 | J19: =SUM(J20:J22) -> 0 | K19: =SUM(K20:K22) -> 0 | L19: =SUM(L20:L22) -> 0
A20: de conducere | E20: 126 | F20: 46364 | G20: ='14279 (TOTAL)'!G20 | H20: ='14279 (TOTAL)'!H20 | I20: ='14279 (TOTAL)'!I20 | J20: ='14279 (TOTAL)'!J20 | K20: ='14279 (TOTAL)'!K20 | L20: ='14279 (TOTAL)'!L20
A21: de execuție | E21: 145 | F21: 8.13 | G21: ='14279 (TOTAL)'!G21 | H21: ='14279 (TOTAL)'!H21 | I21: ='14279 (TOTAL)'!I21 | J21: ='14279 (TOTAL)'!J21 | K21: ='14279 (TOTAL)'!K21 | L21: ='14279 (TOTAL)'!L21
A22: muncitori | E22: 177 | F22: 8.14 | G22: ='14279 (TOTAL)'!G22 | H22: ='14279 (TOTAL)'!H22 | I22: ='14279 (TOTAL)'!I22 | J22: ='14279 (TOTAL)'!J22 | K22: ='14279 (TOTAL)'!K22 | L22: ='14279 (TOTAL)'!L22
A23: Personal angajat în total, inclusiv | E23: 100 | F23: 8.15 | G23: =G24+G28+G31 -> 0 | H23: =H24+H28+H31 -> 0 | I23: x | J23: =J24+J28+J31 -> 0 | K23: =K24+K28+K31 -> 0 | L23: =L24+L28+L31 -> 0
A24: funcții didactice, inclusiv | E24: 105 | F24: 8.16 | G24: =SUM(G25:G26) -> 0 | H24: =SUM(H25:H26) -> 0 | I24: x | J24: =SUM(J25:J26) -> 0 | K24: =SUM(K25:K26) -> 0 | L24: =SUM(L25:L26) -> 0
A25: de conducere | E25: 120 | F25: 8.17 | G25: ='14279 (TOTAL)'!G25 | H25: ='14279 (TOTAL)'!H25 | I25: x | J25: ='14279 (TOTAL)'!J25 | K25: ='14279 (TOTAL)'!K25 | L25: ='14279 (TOTAL)'!L25
A26: de execuție, din care | E26: 140 | F26: 8.18 | G26: ='14279 (TOTAL)'!G26 | H26: ='14279 (TOTAL)'!H26 | I26: x | J26: ='14279 (TOTAL)'!J26 | K26: ='14279 (TOTAL)'!K26 | L26: ='14279 (TOTAL)'!L26
A27: cadre didactice de sprijin | E27: 147 | F27: 8.19 | G27: ='14279 (TOTAL)'!G27 | H27: ='14279 (TOTAL)'!H27 | I27: x | J27: ='14279 (TOTAL)'!J27 | K27: ='14279 (TOTAL)'!K27 | L27: ='14279 (TOTAL)'!L27
A28: funcții de specialitate, inclusiv | E28: 106 | F28: 8.20 | G28: =SUM(G29:G30) -> 0 | H28: =SUM(H29:H30) -> 0 | I28: x | J28: =SUM(J29:J30) -> 0 | K28: =SUM(K29:K30) -> 0 | L28: =SUM(L29:L30) -> 0
A29: de conducere | E29: 120 | F29: 8.21 | G29: ='14279 (TOTAL)'!G29 | H29: ='14279 (TOTAL)'!H29 | I29: x | J29: ='14279 (TOTAL)'!J29 | K29: ='14279 (TOTAL)'!K29 | L29: ='14279 (TOTAL)'!L29
A30: de execuție | E30: 140 | F30: 8.22 | G30: ='14279 (TOTAL)'!G30 | H30: ='14279 (TOTAL)'!H30 | I30: x | J30: ='14279 (TOTAL)'!J30 | K30: ='14279 (TOTAL)'!K30 | L30: ='14279 (TOTAL)'!L30
A31: funcții complexe, inclusiv | E31: 107 | F31: 8.23 | G31: =SUM(G32:G34) -> 0 | H31: =SUM(H32:H34) -> 0 | I31: x | J31: =SUM(J32:J34) -> 0 | K31: =SUM(K32:K34) -> 0 | L31: =SUM(L32:L34) -> 0
A32: de conducere | E32: 120 | F32: 8.24 | G32: ='14279 (TOTAL)'!G32 | H32: ='14279 (TOTAL)'!H32 | I32: x | J32: ='14279 (TOTAL)'!J32 | K32: ='14279 (TOTAL)'!K32 | L32: ='14279 (TOTAL)'!L32
A33: de execuție | E33: 140 | F33: 8.25 | G33: ='14279 (TOTAL)'!G33 | H33: ='14279 (TOTAL)'!H33 | I33: x | J33: ='14279 (TOTAL)'!J33 | K33: ='14279 (TOTAL)'!K33 | L33: ='14279 (TOTAL)'!L33
A34: muncitori | E34: 175 | F34: 8.26 | G34: ='14279 (TOTAL)'!G34 | H34: ='14279 (TOTAL)'!H34 | I34: x | J34: ='14279 (TOTAL)'!J34 | K34: ='14279 (TOTAL)'!K34 | L34: ='14279 (TOTAL)'!L34
A35: Numărul personalului didactic beneficiar de compensații anuale, inclusiv | E35: 108 | F35: 8.27 | G35: =SUM(G36:G37) -> 0 | H35: =SUM(H36:H37) -> 0 | I35: x | J35: x | K35: =SUM(K36:K37) -> 0 | L35: =SUM(L36:L37) -> 0
A36: cu funcție de conducere | E36: 120 | F36: 8.28 | I36: x | J36: x
A37: cu funcție de execuție | E37: 140 | F37: 8.29 | I37: x | J37: x
A38: Retibuirea muncii în total, inclusiv | E38: 500 | F38: 8.30 | G38: x | H38: x | I38: =I39+I43+I46 -> 0 | J38: =J39+J43+J46 -> 0 | K38: x | L38: x
A39: funcții didactice, inclusiv | E39: 501 | F39: 8.31 | G39: x | H39: x | I39: =SUM(I40:I41) -> 0 | J39: =SUM(J40:J41) -> 0 | K39: x | L39: x
A40: de conducere | E40: 510 | F40: 8.32 | G40: x | H40: x | I40: ='14279 (TOTAL)'!I40 | J40: ='14279 (TOTAL)'!J40 | K40: x | L40: x
A41: de execuție, din care | E41: 540 | F41: 8.33 | G41: x | H41: x | I41: ='14279 (TOTAL)'!I41 | J41: ='14279 (TOTAL)'!J41 | K41: x | L41: x
A42: cadre didactice de sprijin | E42: 148 | F42: 8.34 | G42: x | H42: x | I42: ='14279 (TOTAL)'!I42 | J42: ='14279 (TOTAL)'!J42 | K42: x | L42: x
A43: funcții de specialitate, inclusiv | E43: 502 | F43: 8.35 | G43: x | H43: x | I43: =SUM(I44:I45) -> 0 | J43: =SUM(J44:J45) -> 0 | K43: x | L43: x
A44: de conducere | E44: 510 | F44: 8.36 | G44: x | H44: x | I44: ='14279 (TOTAL)'!I44 | J44: ='14279 (TOTAL)'!J44 | K44: x | L44: x
A45: de execuție | E45: 540 | F45: 8.37 | G45: x | H45: x | I45: ='14279 (TOTAL)'!I45 | J45: ='14279 (TOTAL)'!J45 | K45: x | L45: x
A46: funcții complexe, inclusiv | E46: 503 | F46: 8.38 | G46: x | H46: x | I46: =SUM(I47:I49) -> 0 | J46: =SUM(J47:J49) -> 0 | K46: x | L46: x
A47: de conducere | E47: 510 | F47: 8.39 | G47: x | H47: x | I47: ='14279 (TOTAL)'!I47 | J47: ='14279 (TOTAL)'!J47 | K47: x | L47: x
A48: de execuție | E48: 540 | F48: 8.40 | G48: x | H48: x | I48: ='14279 (TOTAL)'!I48 | J48: ='14279 (TOTAL)'!J48 | K48: x | L48: x
A49: muncitori | E49: 555 | F49: 8.41 | G49: x | H49: x | I49: ='14279 (TOTAL)'!I49 | J49: ='14279 (TOTAL)'!J49 | K49: x | L49: x
A50: Clase în total, inclusiv: | E50: 1100 | F50: 8.42 | G50: =SUM(G51:G53) -> 0 | H50: =SUM(H51:H53) -> 0 | I50: =SUM(I51:I53) -> 0 | J50: =SUM(J51:J53) -> 0 | K50: =SUM(K51:K53) -> 0 | L50: =SUM(L51:L53) -> 0
A51: clasele 1-4 | E51: 1101 | F51: 8.43 | G51: ='14279 (TOTAL)'!G51 | H51: ='14279 (TOTAL)'!H51 | I51: ='14279 (TOTAL)'!I51 | J51: ='14279 (TOTAL)'!J51 | K51: ='14279 (TOTAL)'!K51 | L51: ='14279 (TOTAL)'!L51
A52: clasele 5-9 | E52: 1102 | F52: 8.44 | G52: ='14279 (TOTAL)'!G52 | H52: ='14279 (TOTAL)'!H52 | I52: ='14279 (TOTAL)'!I52 | J52: ='14279 (TOTAL)'!J52 | K52: ='14279 (TOTAL)'!K52 | L52: ='14279 (TOTAL)'!L52
A53: clasele 10-12 | E53: 1103 | F53: 8.45 | G53: ='14279 (TOTAL)'!G53 | H53: ='14279 (TOTAL)'!H53 | I53: ='14279 (TOTAL)'!I53 | J53: ='14279 (TOTAL)'!J53 | K53: ='14279 (TOTAL)'!K53 | L53: ='14279 (TOTAL)'!L53
A54: Clase cu profil sportiv, inclusiv: | E54: 1110 | F54: 8.46 | G54: =SUM(G55:G57) -> 0 | H54: =SUM(H55:H57) -> 0 | I54: =SUM(I55:I57) -> 0 | J54: =SUM(J55:J57) -> 0 | K54: =SUM(K55:K57) -> 0 | L54: =SUM(L55:L57) -> 0
A55: clasele 1-4 | E55: 1111 | F55: 8.47 | G55: ='14279 (TOTAL)'!G55 -> * | H55: ='14279 (TOTAL)'!H55 -> * | I55: ='14279 (TOTAL)'!I55 -> * | J55: ='14279 (TOTAL)'!J55 -> * | K55: ='14279 (TOTAL)'!K55 -> * | L55: ='14279 (TOTAL)'!L55 -> *
A56: clasele 5-9 | E56: 1112 | F56: 8.48 | G56: ='14279 (TOTAL)'!G56 -> * | H56: ='14279 (TOTAL)'!H56 -> * | I56: ='14279 (TOTAL)'!I56 -> * | J56: ='14279 (TOTAL)'!J56 -> * | K56: ='14279 (TOTAL)'!K56 -> * | L56: ='14279 (TOTAL)'!L56 -> *
A57: clasele 10-12 | E57: 1113 | F57: 8.49 | G57: ='14279 (TOTAL)'!G57 -> * | H57: ='14279 (TOTAL)'!H57 -> * | I57: ='14279 (TOTAL)'!I57 -> * | J57: ='14279 (TOTAL)'!J57 -> * | K57: ='14279 (TOTAL)'!K57 -> * | L57: ='14279 (TOTAL)'!L57 -> *
A58: Elevi în total, inclusiv: | E58: 1120 | F58: 8.50 | G58: =SUM(G59:G61) -> 0 | H58: =SUM(H59:H61) -> 0 | I58: =SUM(I59:I61) -> 0 | J58: =SUM(J59:J61) -> 0 | K58: =SUM(K59:K61) -> 0 | L58: =SUM(L59:L61) -> 0
A59: clasele 1-4 | E59: 1121 | F59: 8.51 | G59: ='14279 (TOTAL)'!G59 | H59: ='14279 (TOTAL)'!H59 | I59: ='14279 (TOTAL)'!I59 | J59: ='14279 (TOTAL)'!J59 | K59: ='14279 (TOTAL)'!K59 | L59: ='14279 (TOTAL)'!L59
A60: clasele 5-9 | E60: 1122 | F60: 8.52 | G60: ='14279 (TOTAL)'!G60 | H60: ='14279 (TOTAL)'!H60 | I60: ='14279 (TOTAL)'!I60 | J60: ='14279 (TOTAL)'!J60 | K60: ='14279 (TOTAL)'!K60 | L60: ='14279 (TOTAL)'!L60
A61: clasele 10-12 | E61: 1123 | F61: 8.53 | G61: ='14279 (TOTAL)'!G61 | H61: ='14279 (TOTAL)'!H61 | I61: ='14279 (TOTAL)'!I61 | J61: ='14279 (TOTAL)'!J61 | K61: ='14279 (TOTAL)'!K61 | L61: ='14279 (TOTAL)'!L61
A62: Elevi în total din clasele cu profil sportiv, inclusiv: | E62: 1130 | F62: 8.54 | G62: =SUM(G63:G65) -> 0 | H62: =SUM(H63:H65) -> 0 | I62: =SUM(I63:I65) -> 0 | J62: =SUM(J63:J65) -> 0 | K62: =SUM(K63:K65) -> 0 | L62: =SUM(L63:L65) -> 0
A63: clasele 1-4 | E63: 1131 | F63: 8.55 | G63: ='14279 (TOTAL)'!G63 -> * | H63: ='14279 (TOTAL)'!H63 -> * | I63: ='14279 (TOTAL)'!I63 -> * | J63: ='14279 (TOTAL)'!J63 -> * | K63: ='14279 (TOTAL)'!K63 -> * | L63: ='14279 (TOTAL)'!L63 -> *
A64: clasele 5-9 | E64: 1132 | F64: 8.56 | G64: ='14279 (TOTAL)'!G64 -> * | H64: ='14279 (TOTAL)'!H64 -> * | I64: ='14279 (TOTAL)'!I64 -> * | J64: ='14279 (TOTAL)'!J64 -> * | K64: ='14279 (TOTAL)'!K64 -> * | L64: ='14279 (TOTAL)'!L64 -> *
A65: clasele 10-12 | E65: 1133 | F65: 8.57 | G65: ='14279 (TOTAL)'!G65 -> * | H65: ='14279 (TOTAL)'!H65 -> * | I65: ='14279 (TOTAL)'!I65 -> * | J65: ='14279 (TOTAL)'!J65 -> * | K65: ='14279 (TOTAL)'!K65 -> * | L65: ='14279 (TOTAL)'!L65 -> *
A66: Elevi alimentați, în total, inclusiv: | E66: 1040 | F66: 8.58 | G66: =SUM(G67:G72) -> 0 | H66: =SUM(H67:H72) -> 0 | I66: =SUM(I67:I72) -> 0 | J66: =SUM(J67:J72) -> 0 | K66: =SUM(K67:K72) -> 0 | L66: =SUM(L67:L72) -> 0
A67: Elevi alimentați din clasele 1-4, asigurați cu micul dejun | E67: 1041 | F67: 8.59
A68: Elevi din clasele 5-9(12), ce beneficiază de alimentație | E68: 1042 | F68: 8.60
A69: Elevi alimentați, din grupe cu regim prelungit | E69: 1043 | F69: 8.61
A70: Alte categorii de elevi alimentați | E70: 1045 | F70: 8.62
A71: Elevi alimentați din clasele 5-8, din licee-internat cu profil sportiv | E71: 1046 | F71: 8.63
A72: Elevi alimentați din clasele 9-12, din licee-internat cu profil sportiv | E72: 1047 | F72: 8.64
A73: Zile de alimentare a elevilor, în total | E73: 1050 | F73: 8.65 | G73: x | H73: x | I73: =SUM(I74:I79) -> 0 | J73: =SUM(J74:J79) -> 0 | K73: x | L73: x
A74: Zile de alimentare a elevilor din clasele 1-4, asigurați cu micul dejun | E74: 1051 | F74: 8.66 | G74: x | H74: x | K74: x | L74: x
A75: Zile de alimentare a elevilor din clasele 5-9(12),ce beneficiaza de alimentație | E75: 1052 | F75: 8.67 | G75: x | H75: x | K75: x | L75: x
A76: Zile de alimentare a elevilor, din grupe cu regim prelungit | E76: 1053 | F76: 8.68 | G76: x | H76: x | K76: x | L76: x
A77: Zile de alimentare a altor categorii de elevi alimentați | E77: 1055 | F77: 8.69 | G77: x | H77: x | K77: x | L77: x
A78: Zile de alimentare a elevilor din clasele 5-8, din licee-internat cu profil sportiv | E78: 1056 | F78: 8.70 | G78: x | H78: x | K78: x | L78: x
A79: Zile de alimentare a elevilor din clasele 9-12, din licee-internat cu profil sportiv | E79: 1057 | F79: 8.71 | G79: x | H79: x | K79: x | L79: x
A80: Cheltuieli pentru alimentarea elevilor, în total, inclusiv | E80: 1060 | F80: 8.72 | G80: x | H80: x | I80: =SUM(I81:I86) -> 0 | J80: =SUM(J81:J86) -> 0 | K80: x | L80: x
A81: Cheltuieli pentru alimentarea elevilor din clasele 1-4, asigurați cu micul dejun | E81: 1061 | F81: 8.73 | G81: x | H81: x | K81: x | L81: x
A82: Cheltuieli pentru alimentarea elevilor din clasele 5-9(12), ce beneficiază de alimentație | E82: 1062 | F82: 8.74 | G82: x | H82: x | K82: x | L82: x
A83: Cheltuieli pentru alimentarea elevilor, din grupele cu regim prelungit | E83: 1063 | F83: 8.75 | G83: x | H83: x | K83: x | L83: x
A84: Cheltuieli pentru alimentarea altor categorii de elevi alimentați | E84: 1065 | F84: 8.76 | G84: x | H84: x | K84: x | L84: x
A85: Cheltuieli pentru alimentarea elevilor din clasele 5-8, din licee-internat cu profil sportiv | E85: 1066 | F85: 8.77 | G85: x | H85: x | K85: x | L85: x
A86: Cheltuieli pentru alimentarea elevilor din clasele 9-12, din licee-internat cu profil sportiv | E86: 1067 | F86: 8.78 | G86: x | H86: x | K86: x | L86: x
A87: Cheltuieli pentru acordarea compensațiilor bănești anuale cadrelor didactice | E87: 504 | F87: 8.79 | G87: x | H87: x | K87: x | L87: x
E89: Semnături:
E91: Șeful interimar DÎTS | H91: Alexandru ROȘCA
H92: (nume, prenume) | K92: (semnătura)
E93: Contabil Șef | H93: Alla RUDNIȚCAIA
H94: (nume, prenume) | K94: (semnătura)
E95: Executor | H95: Alexandr PRIȘCEPA
H96: (nume, prenume) | K96: (semnătura)

Sheet 14279 (00448)
A1: Școala primara nr. 16 (Alimentația) | J1: Forma FD-048BL Aprobat prin ordinul Ministrului al Finanțelor al Republicii Moldova nr. _______ al _________
A2: ORG2 | B2: F1F3 | C2: P1P2 | D2: P3
A3: 14279 | B3: 0912 | C3: 8803 | D3: 00448
A4: REȚEA, STATE ȘI CONTINGENTE ALE INSTITUȚIILOR
A5: ÎN PERIOADA 12 LUNI. 2025
A6: Denumirea indicatorului | E6: CF | F6: CR | G6: Aprobat la începutul anului | H6: Aprobat la sfârșitul anului | I6: Numărul mediu prevazut pe an | J6: Numărul mediu realizat la mm.dd.20__ | K6: Real încadrat la începutul anului | L6: Real încadrat la sfârsitul perioadei
A8: RAPORT nr. 3-8 privind învățămîntul primar, gimnazial și liceal | F8: 8
A9: Instituții în total, inclusiv | E9: 1 | F9: 46030 | I9: x | J9: x
A10: filiale | E10: 10 | F10: 46061 | I10: x | J10: x
A11: Unități în state (posturi) în total, inclusiv | E11: 101 | F11: 46089 | G11: =G12+G16+G19 -> 0 | H11: =H12+H16+H19 -> 0 | I11: =I12+I16+I19 -> 0 | J11: =J12+J16+J19 -> 0 | K11: =K12+K16+K19 -> 0 | L11: =L12+L16+L19 -> 0
A12: funcții didactice, inclusiv | E12: 102 | F12: 46120 | G12: =SUM(G13:G14) -> 0 | H12: =SUM(H13:H14) -> 0 | I12: =SUM(I13:I14) -> 0 | J12: =SUM(J13:J14) -> 0 | K12: =SUM(K13:K14) -> 0 | L12: =SUM(L13:L14) -> 0
A13: de conducere | E13: 126 | F13: 46150
A14: de execuție din care | E14: 145 | F14: 46181
A15: cadre didactice de sprijin | E15: 146 | F15: 46211
A16: funcții de specialitate, inclusiv | E16: 103 | F16: 46242 | G16: =SUM(G17:G18) -> 0 | H16: =SUM(H17:H18) -> 0 | I16: =SUM(I17:I18) -> 0 | J16: =SUM(J17:J18) -> 0 | K16: =SUM(K17:K18) -> 0 | L16: =SUM(L17:L18) -> 0
A17: de conducere | E17: 126 | F17: 46273
A18: de execuție | E18: 145 | F18: 46303
A19: funcții complexe, inclusiv | E19: 104 | F19: 46334 | G19: =SUM(G20:G22) -> 0 | H19: =SUM(H20:H22) -> 0 | I19: =SUM(I20:I22) -> 0 | J19: =SUM(J20:J22) -> 0 | K19: =SUM(K20:K22) -> 0 | L19: =SUM(L20:L22) -> 0
A20: de conducere | E20: 126 | F20: 46364
A21: de execuție | E21: 145 | F21: 8.13
A22: muncitori | E22: 177 | F22: 8.14
A23: Personal angajat în total, inclusiv | E23: 100 | F23: 8.15 | G23: =G24+G28+G31 -> 0 | H23: =H24+H28+H31 -> 0 | I23: x | J23: =J24+J28+J31 -> 0 | K23: =K24+K28+K31 -> 0 | L23: =L24+L28+L31 -> 0
A24: funcții didactice, inclusiv | E24: 105 | F24: 8.16 | G24: =SUM(G25:G26) -> 0 | H24: =SUM(H25:H26) -> 0 | I24: x | J24: =SUM(J25:J26) -> 0 | K24: =SUM(K25:K26) -> 0 | L24: =SUM(L25:L26) -> 0
A25: de conducere | E25: 120 | F25: 8.17 | I25: x
A26: de execuție, din care | E26: 140 | F26: 8.18 | I26: x
A27: cadre didactice de sprijin | E27: 147 | F27: 8.19 | I27: x
A28: funcții de specialitate, inclusiv | E28: 106 | F28: 8.20 | G28: =SUM(G29:G30) -> 0 | H28: =SUM(H29:H30) -> 0 | I28: x | J28: =SUM(J29:J30) -> 0 | K28: =SUM(K29:K30) -> 0 | L28: =SUM(L29:L30) -> 0
A29: de conducere | E29: 120 | F29: 8.21 | I29: x
A30: de execuție | E30: 140 | F30: 8.22 | I30: x
A31: funcții complexe, inclusiv | E31: 107 | F31: 8.23 | G31: =SUM(G32:G34) -> 0 | H31: =SUM(H32:H34) -> 0 | I31: x | J31: =SUM(J32:J34) -> 0 | K31: =SUM(K32:K34) -> 0 | L31: =SUM(L32:L34) -> 0
A32: de conducere | E32: 120 | F32: 8.24 | I32: x
A33: de execuție | E33: 140 | F33: 8.25 | I33: x
A34: muncitori | E34: 175 | F34: 8.26 | I34: x
A35: Numărul personalului didactic beneficiar de compensații anuale, inclusiv | E35: 108 | F35: 8.27 | G35: =SUM(G36:G37) -> 0 | H35: =SUM(H36:H37) -> 0 | I35: x | J35: x | K35: =SUM(K36:K37) -> 0 | L35: =SUM(L36:L37) -> 0
A36: cu funcție de conducere | E36: 120 | F36: 8.28 | I36: x | J36: x
A37: cu funcție de execuție | E37: 140 | F37: 8.29 | I37: x | J37: x
A38: Retibuirea muncii în total, inclusiv | E38: 500 | F38: 8.30 | G38: x | H38: x | I38: =I39+I43+I46 -> 0 | J38: =J39+J43+J46 -> 0 | K38: x | L38: x
A39: funcții didactice, inclusiv | E39: 501 | F39: 8.31 | G39: x | H39: x | I39: =SUM(I40:I41) -> 0 | J39: =SUM(J40:J41) -> 0 | K39: x | L39: x
A40: de conducere | E40: 510 | F40: 8.32 | G40: x | H40: x | K40: x | L40: x
A41: de execuție, din care | E41: 540 | F41: 8.33 | G41: x | H41: x | K41: x | L41: x
A42: cadre didactice de sprijin | E42: 148 | F42: 8.34 | G42: x | H42: x | K42: x | L42: x
A43: funcții de specialitate, inclusiv | E43: 502 | F43: 8.35 | G43: x | H43: x | I43: =SUM(I44:I45) -> 0 | J43: =SUM(J44:J45) -> 0 | K43: x | L43: x
A44: de conducere | E44: 510 | F44: 8.36 | G44: x | H44: x | K44: x | L44: x
A45: de execuție | E45: 540 | F45: 8.37 | G45: x | H45: x | K45: x | L45: x
A46: funcții complexe, inclusiv | E46: 503 | F46: 8.38 | G46: x | H46: x | I46: =SUM(I47:I49) -> 0 | J46: =SUM(J47:J49) -> 0 | K46: x | L46: x
A47: de conducere | E47: 510 | F47: 8.39 | G47: x | H47: x | K47: x | L47: x
A48: de execuție | E48: 540 | F48: 8.40 | G48: x | H48: x | K48: x | L48: x
A49: muncitori | E49: 555 | F49: 8.41 | G49: x | H49: x | K49: x | L49: x
A50: Clase în total, inclusiv: | E50: 1100 | F50: 8.42 | G50: =SUM(G51:G53) -> 0 | H50: =SUM(H51:H53) -> 0 | I50: =SUM(I51:I53) -> 0 | J50: =SUM(J51:J53) -> 0 | K50: =SUM(K51:K53) -> 0 | L50: =SUM(L51:L53) -> 0
A51: clasele 1-4 | E51: 1101 | F51: 8.43
A52: clasele 5-9 | E52: 1102 | F52: 8.44
A53: clasele 10-12 | E53: 1103 | F53: 8.45
A54: Clase cu profil sportiv, inclusiv: | E54: 1110 | F54: 8.46 | G54: =SUM(G55:G57) -> 0 | H54: =SUM(H55:H57) -> 0 | I54: =SUM(I55:I57) -> 0 | J54: =SUM(J55:J57) -> 0 | K54: =SUM(K55:K57) -> 0 | L54: =SUM(L55:L57) -> 0
A55: clasele 1-4 | E55: 1111 | F55: 8.47
A56: clasele 5-9 | E56: 1112 | F56: 8.48
A57: clasele 10-12 | E57: 1113 | F57: 8.49
A58: Elevi în total, inclusiv: | E58: 1120 | F58: 8.50 | G58: =SUM(G59:G61) -> 0 | H58: =SUM(H59:H61) -> 0 | I58: =SUM(I59:I61) -> 0 | J58: =SUM(J59:J61) -> 0 | K58: =SUM(K59:K61) -> 0 | L58: =SUM(L59:L61) -> 0
A59: clasele 1-4 | E59: 1121 | F59: 8.51
A60: clasele 5-9 | E60: 1122 | F60: 8.52
A61: clasele 10-12 | E61: 1123 | F61: 8.53
A62: Elevi în total din clasele cu profil sportiv, inclusiv: | E62: 1130 | F62: 8.54 | G62: =SUM(G63:G65) -> 0 | H62: =SUM(H63:H65) -> 0 | I62: =SUM(I63:I65) -> 0 | J62: =SUM(J63:J65) -> 0 | K62: =SUM(K63:K65) -> 0 | L62: =SUM(L63:L65) -> 0
A63: clasele 1-4 | E63: 1131 | F63: 8.55
A64: clasele 5-9 | E64: 1132 | F64: 8.56
A65: clasele 10-12 | E65: 1133 | F65: 8.57
A66: Elevi alimentați, în total, inclusiv: | E66: 1040 | F66: 8.58 | G66: =SUM(G67:G72) -> 0 | H66: =SUM(H67:H72) -> 0 | I66: =SUM(I67:I72) -> 0 | J66: =SUM(J67:J72) -> 0 | K66: =SUM(K67:K72) -> 0 | L66: =SUM(L67:L72) -> 0
A67: Elevi alimentați din clasele 1-4, asigurați cu micul dejun | E67: 1041 | F67: 8.59 | G67: ='14279 (TOTAL)'!G67 | H67: ='14279 (TOTAL)'!H67 | I67: ='14279 (TOTAL)'!I67 | J67: ='14279 (TOTAL)'!J67 | K67: ='14279 (TOTAL)'!K67 | L67: ='14279 (TOTAL)'!L67
A68: Elevi din clasele 5-9(12), ce beneficiază de alimentație | E68: 1042 | F68: 8.60 | G68: ='14279 (TOTAL)'!G68 | H68: ='14279 (TOTAL)'!H68 | I68: ='14279 (TOTAL)'!I68 | J68: ='14279 (TOTAL)'!J68 | K68: ='14279 (TOTAL)'!K68 | L68: ='14279 (TOTAL)'!L68
A69: Elevi alimentați, din grupe cu regim prelungit | E69: 1043 | F69: 8.61 | G69: ='14279 (TOTAL)'!G69 -> * | H69: ='14279 (TOTAL)'!H69 -> * | I69: ='14279 (TOTAL)'!I69 -> * | J69: ='14279 (TOTAL)'!J69 -> * | K69: ='14279 (TOTAL)'!K69 -> * | L69: ='14279 (TOTAL)'!L69 -> *
A70: Alte categorii de elevi alimentați | E70: 1045 | F70: 8.62 | G70: ='14279 (TOTAL)'!G70 | H70: ='14279 (TOTAL)'!H70 | I70: ='14279 (TOTAL)'!I70 | J70: ='14279 (TOTAL)'!J70 | K70: ='14279 (TOTAL)'!K70 | L70: ='14279 (TOTAL)'!L70
A71: Elevi alimentați din clasele 5-8, din licee-internat cu profil sportiv | E71: 1046 | F71: 8.63 | G71: ='14279 (TOTAL)'!G71 -> * | H71: ='14279 (TOTAL)'!H71 -> * | I71: ='14279 (TOTAL)'!I71 -> * | J71: ='14279 (TOTAL)'!J71 -> * | K71: ='14279 (TOTAL)'!K71 -> * | L71: ='14279 (TOTAL)'!L71 -> *
A72: Elevi alimentați din clasele 9-12, din licee-internat cu profil sportiv | E72: 1047 | F72: 8.64 | G72: ='14279 (TOTAL)'!G72 -> * | H72: ='14279 (TOTAL)'!H72 -> * | I72: ='14279 (TOTAL)'!I72 -> * | J72: ='14279 (TOTAL)'!J72 -> * | K72: ='14279 (TOTAL)'!K72 -> * | L72: ='14279 (TOTAL)'!L72 -> *
A73: Zile de alimentare a elevilor, în total | E73: 1050 | F73: 8.65 | G73: x | H73: x | I73: =SUM(I74:I79) -> 0 | J73: =SUM(J74:J79) -> 0 | K73: x | L73: x
A74: Zile de alimentare a elevilor din clasele 1-4, asigurați cu micul dejun | E74: 1051 | F74: 8.66 | G74: x | H74: x | I74: ='14279 (TOTAL)'!I74 | J74: ='14279 (TOTAL)'!J74 | K74: x | L74: x
A75: Zile de alimentare a elevilor din clasele 5-9(12),ce beneficiaza de alimentație | E75: 1052 | F75: 8.67 | G75: x | H75: x | I75: ='14279 (TOTAL)'!I75 | J75: ='14279 (TOTAL)'!J75 | K75: x | L75: x
A76: Zile de alimentare a elevilor, din grupe cu regim prelungit | E76: 1053 | F76: 8.68 | G76: x | H76: x | I76: ='14279 (TOTAL)'!I76 -> * | J76: ='14279 (TOTAL)'!J76 -> * | K76: x | L76: x
A77: Zile de alimentare a altor categorii de elevi alimentați | E77: 1055 | F77: 8.69 | G77: x | H77: x | I77: ='14279 (TOTAL)'!I77 | J77: ='14279 (TOTAL)'!J77 | K77: x | L77: x
A78: Zile de alimentare a elevilor din clasele 5-8, din licee-internat cu profil sportiv | E78: 1056 | F78: 8.70 | G78: x | H78: x | I78: ='14279 (TOTAL)'!I78 -> * | J78: ='14279 (TOTAL)'!J78 -> * | K78: x | L78: x
A79: Zile de alimentare a elevilor din clasele 9-12, din licee-internat cu profil sportiv | E79: 1057 | F79: 8.71 | G79: x | H79: x | I79: ='14279 (TOTAL)'!I79 -> * | J79: ='14279 (TOTAL)'!J79 -> * | K79: x | L79: x
A80: Cheltuieli pentru alimentarea elevilor, în total, inclusiv | E80: 1060 | F80: 8.72 | G80: x | H80: x | I80: =SUM(I81:I86) -> 0 | J80: =SUM(J81:J86) -> 0 | K80: x | L80: x
A81: Cheltuieli pentru alimentarea elevilor din clasele 1-4, asigurați cu micul dejun | E81: 1061 | F81: 8.73 | G81: x | H81: x | I81: ='14279 (TOTAL)'!I81 | J81: ='14279 (TOTAL)'!J81 | K81: x | L81: x
A82: Cheltuieli pentru alimentarea elevilor din clasele 5-9(12), ce beneficiază de alimentație | E82: 1062 | F82: 8.74 | G82: x | H82: x | I82: ='14279 (TOTAL)'!I82 | J82: ='14279 (TOTAL)'!J82 | K82: x | L82: x
A83: Cheltuieli pentru alimentarea elevilor, din grupele cu regim prelungit | E83: 1063 | F83: 8.75 | G83: x | H83: x | I83: ='14279 (TOTAL)'!I83 -> * | J83: ='14279 (TOTAL)'!J83 -> * | K83: x | L83: x
A84: Cheltuieli pentru alimentarea altor categorii de elevi alimentați | E84: 1065 | F84: 8.76 | G84: x | H84: x | I84: ='14279 (TOTAL)'!I84 | J84: ='14279 (TOTAL)'!J84 | K84: x | L84: x
A85: Cheltuieli pentru alimentarea elevilor din clasele 5-8, din licee-internat cu profil sportiv | E85: 1066 | F85: 8.77 | G85: x | H85: x | I85: ='14279 (TOTAL)'!I85 -> * | J85: ='14279 (TOTAL)'!J85 -> * | K85: x | L85: x
A86: Cheltuieli pentru alimentarea elevilor din clasele 9-12, din licee-internat cu profil sportiv | E86: 1067 | F86: 8.78 | G86: x | H86: x | I86: ='14279 (TOTAL)'!I86 -> * | J86: ='14279 (TOTAL)'!J86 -> * | K86: x | L86: x
A87: Cheltuieli pentru acordarea compensațiilor bănești anuale cadrelor didactice | E87: 504 | F87: 8.79 | G87: x | H87: x | K87: x | L87: x
E89: Semnături:
E91: Șeful interimar DÎTS | H91: Alexandru ROȘCA
H92: (nume, prenume) | K92: (semnătura)
E93: Contabil Șef | H93: Alla RUDNIȚCAIA
H94: (nume, prenume) | K94: (semnătura)
E95: Executor | H95: Alexandr PRIȘCEPA
H96: (nume, prenume) | K96: (semnătura)

Sheet 14279 (00492)
A1: Școala primara nr. 16 (Compensații) | J1: Forma FD-048BL Aprobat prin ordinul Ministrului al Finanțelor al Republicii Moldova nr. _______ al _________
A2: ORG2 | B2: F1F3 | C2: P1P2 | D2: P3
A3: 14279 | B3: 0912 | C3: 8803 | D3: 00492
A4: REȚEA, STATE ȘI CONTINGENTE ALE INSTITUȚIILOR
A5: ÎN PERIOADA 12 LUNI. 2025
A6: Denumirea indicatorului | E6: CF | F6: CR | G6: Aprobat la începutul anului | H6: Aprobat la sfârșitul anului | I6: Numărul mediu prevazut pe an | J6: Numărul mediu realizat la mm.dd.20__ | K6: Real încadrat la începutul anului | L6: Real încadrat la sfârsitul perioadei
A8: RAPORT nr. 3-8 privind învățămîntul primar, gimnazial și liceal | F8: 8
A9: Instituții în total, inclusiv | E9: 1 | F9: 46030 | I9: x | J9: x
A10: filiale | E10: 10 | F10: 46061 | I10: x | J10: x
A11: Unități în state (posturi) în total, inclusiv | E11: 101 | F11: 46089 | G11: =G12+G16+G19 -> 0 | H11: =H12+H16+H19 -> 0 | I11: =I12+I16+I19 -> 0 | J11: =J12+J16+J19 -> 0 | K11: =K12+K16+K19 -> 0 | L11: =L12+L16+L19 -> 0
A12: funcții didactice, inclusiv | E12: 102 | F12: 46120 | G12: =SUM(G13:G14) -> 0 | H12: =SUM(H13:H14) -> 0 | I12: =SUM(I13:I14) -> 0 | J12: =SUM(J13:J14) -> 0 | K12: =SUM(K13:K14) -> 0 | L12: =SUM(L13:L14) -> 0
A13: de conducere | E13: 126 | F13: 46150
A14: de execuție din care | E14: 145 | F14: 46181
A15: cadre didactice de sprijin | E15: 146 | F15: 46211
A16: funcții de specialitate, inclusiv | E16: 103 | F16: 46242 | G16: =SUM(G17:G18) -> 0 | H16: =SUM(H17:H18) -> 0 | I16: =SUM(I17:I18) -> 0 | J16: =SUM(J17:J18) -> 0 | K16: =SUM(K17:K18) -> 0 | L16: =SUM(L17:L18) -> 0
A17: de conducere | E17: 126 | F17: 46273
A18: de execuție | E18: 145 | F18: 46303
