Workbook

Sheet Total sc.prim
I1: total sc prim
A3: Aprobat prin ordinul Ministrului
A4: al Finanţelor al Republicii Moldova
A5: nr.___________al___________
A6: Retea, state si contingente ale instituriilor
A7: în perioada Tr.2 -2024 | J7: FD-048-BL
A8: Denumirea indicatorului | B8: codificatorul formularului | C8: Codul rindului | D8: Aprobat la inceputul anului | E8: Aprobat la sfirsitul anului | F8: Numarul mediu prevazut pe an | G8: Numarul mediu realizat la 30.09.2025 | H8: Real incadrat la începutul anului | I8: Real incadrat la sfîrsitul perioadei | M8: 00492
A9: 1 | B9: 2 | C9: 3 | D9: 4 | E9: 5 | F9: 6 | G9: 7 | H9: 8 | I9: 9
A10: RAPORT nr. 3-8 privind învățămîntul primar, gimnazial și liceal | C10: 8
A11: Instituții în total, inclusiv | B11: 1 | C11: 8.1 | F11: x | G11: x
A12: filiale | B12: 10 | C12: 8.2 | F12: x | G12: x
A13: Unități în state (posturi) în total, inclusiv | B13: 101 | C13: 8.3 | K13: Aprobat la inceputul anului | L13: Aprobat la sfirsitul anului | M13: Numarul mediu prevazut pe an | N13: Numarul mediu realizat la 01.01.2020 | O13: Real incadrat la începutul anului | P13: Real incadratla sfîrsitul perioadei
A14: funcții didactice, inclusiv | B14: 102 | C14: 8.4 | J14: cond. | K14: =D15+D19+D22 -> 0 | L14: =E15+E19+E22 -> 0 | M14: =F15+F19+F22 -> 0 | N14: =G15+G19+G22 -> 0 | O14: =H15+H19+H22 -> 0 | P14: =I15+I19+I22 -> 0
A15: de conducere | B15: 126 | C15: 8.5 | J15: exec | K15: =D16+D20+D23 -> 0 | L15: =E16+E20+E23 -> 0 | M15: =F16+F20+F23 -> 0 | N15: =G16+G20+G23 -> 0 | O15: =H16+H20+H23 -> 0 | P15: =I16+I20+I23 -> 0
A16: de execuție din care | B16: 145 | C16: 8.6 | J16: muncitori | K16: =D24 -> 0 | L16: =E24 -> 0 | M16: =F24 -> 0 | N16: =G24 -> 0 | O16: =H24 -> 0 | P16: =I24 -> 0
A17: cadre didactice de sprijin | B17: 146 | C17: 8.7 | J17: Total | K17: =K14+K15+K16 -> 0 | L17: =L14+L15+L16 -> 0 | M17: =M14+M15+M16 -> 0 | N17: =N14+N15+N16 -> 0 | O17: =O14+O15+O16 -> 0 | P17: =P14+P15+P16 -> 0
A18: funcții de specialitate, inclusiv | B18: 103 | C18: 8.8 | J18: control | K18: =D13-K17 -> 0 | L18: =E13-L17 -> 0 | M18: =F13-M17 -> 0 | N18: =G13-N17 -> 0 | O18: =H13-O17 -> 0 | P18: =I13-P17 -> 0
A19: de conducere | B19: 126 | C19: 8.9 | J19: 48-BL | K19: 67.49 | L19: 69.8 | M19: 67.8 | N19: 66.5 | O19: 67.49 | P19: 69.39
A20: de execuție | B20: 145 | C20: 8.10 | J20: control | K20: =K17-K19 -> -67.49 | L20: =L17-L19 -> -69.8 | M20: =M17-M19 -> -67.8 | N20: =N17-N19 -> -66.5 | O20: =O17-O19 -> -67.49 | P20: =P17-P19 -> -69.39
A21: funcții complexe, inclusiv | B21: 104 | C21: 8.11
A22: de conducere | B22: 126 | C22: 8.12
A23: de execuție | B23: 145 | C23: 8.13
A24: muncitori | B24: 177 | C24: 8.14
A25: Personal angajat în total, inclusiv | B25: 100 | C25: 8.15 | D25: =D26+D30+D33 -> 0 | E25: =E26+E30+E33 -> 0 | F25: x | G25: =G26+G30+G33 -> 0 | H25: =H26+H30+H33 -> 0 | I25: =I26+I30+I33 -> 0 | K25: Aprobat la inceputul anului | L25: Aprobat la sfirsitul anului | M25: Numarul mediu prevazut pe an | N25: Numarul mediu realizat la 01.01.2020 | O25: Real incadrat la începutul anului | P25: Real incadratla sfîrsitul perioadei
A26: funcții didactice, inclusiv | B26: 105 | C26: 8.16 | F26: x | J26: cond. | K26: =D27+D31+D34 -> 0 | L26: =E27+E31+E34 -> 0 | M26: =F27+F31+F34 -> #VALUE! | N26: =G27+G31+G34 -> 0 | O26: =H27+H31+H34 -> 0 | P26: =I27+I31+I34 -> 0
A27: de conducere | B27: 120 | C27: 8.17 | F27: x | J27: exec | K27: =D28+D32+D35 -> 0 | L27: =E28+E32+E35 -> 0 | M27: =F28+F32+F35 -> #VALUE! | N27: =G28+G32+G35 -> 0 | O27: =H28+H32+H35 -> 0 | P27: =I28+I32+I35 -> 0
A28: de execuție, din care | B28: 140 | C28: 8.18 | F28: x | J28: muncitori | K28: =D36 -> 0 | L28: =E36 -> 0 | M28: =F36 -> x | N28: =G36 -> 0 | O28: =H36 -> 0 | P28: =I36 -> 0
A29: cadre didactice de sprijin | B29: 147 | C29: 8.19 | F29: x | J29: Total | K29: =K26+K27+K28 -> 0 | L29: =L26+L27+L28 -> 0 | M29: =M26+M27+M28 -> #VALUE! | N29: =N26+N27+N28 -> 0 | O29: =O26+O27+O28 -> 0 | P29: =P26+P27+P28 -> 0
A30: funcții de specialitate, inclusiv | B30: 106 | C30: 8.20 | F30: x | J30: control | K30: =K29-D25 -> 0 | L30: =L29-E25 -> 0 | M30: =M29-F25 -> #VALUE! | N30: =N29-G25 -> 0 | O30: =O29-H25 -> 0 | P30: =P29-I25 -> 0
A31: de conducere | B31: 120 | C31: 8.21 | F31: x | J31: 48-BL | K31: 61 | L31: 64 | M31: X | N31: 59 | O31: 61 | P31: 65
A32: de execuție | B32: 140 | C32: 8.22 | F32: x | J32: control | K32: =K29-K31 -> -61 | L32: =L29-L31 -> -64 | M32: =M29-M31 -> #VALUE! | N32: =N29-N31 -> -59 | O32: =O29-O31 -> -61 | P32: =P29-P31 -> -65
A33: funcții complexe, inclusiv | B33: 107 | C33: 8.23 | F33: x
A34: de conducere | B34: 120 | C34: 8.24 | F34: x
A35: de execuție | B35: 140 | C35: 8.25 | F35: x
A36: muncitori | B36: 175 | C36: 8.26 | F36: x
A37: Numărul personalului didactic beneficiar de compensații anuale, inclusiv | B37: 108 | C37: 8.27 | D37: =D38+D39 -> 41 | E37: =E38+E39 -> 43 | F37: x | G37: x | H37: =H38+H39 -> 41 | I37: =I38+I39 -> 43
A38: cu funcție de conducere | B38: 120 | C38: 8.28 | D38: ='sc.prim.16'!D38+scprim.21!D38 -> 5 | E38: ='sc.prim.16'!E38+scprim.21!E38 -> 5 | F38: x | G38: x | H38: =D38 -> 5 | I38: ='sc.prim.16'!I38+scprim.21!I38 -> 5
A39: cu funcție de execuție | B39: 140 | C39: 8.29 | D39: ='sc.prim.16'!D39+scprim.21!D39 -> 36 | E39: ='sc.prim.16'!E39+scprim.21!E39 -> 38 | F39: x | G39: x | H39: =D39 -> 36 | I39: ='sc.prim.16'!I39+scprim.21!I39 -> 38
A40: Retibuirea muncii în total, inclusiv | B40: 500 | C40: 8.30 | D40: x | E40: x | F40: =F41+F45+F48 -> 0 | G40: =G41+G45+G48 -> 0 | H40: x | I40: x
A41: funcții didactice, inclusiv | B41: 501 | C41: 8.31 | D41: x | E41: x | H41: x | I41: x
A42: de conducere | B42: 510 | C42: 8.32 | D42: x | E42: x | H42: x | I42: x
A43: de execuție, din care | B43: 540 | C43: 8.33 | D43: x | E43: x | H43: x | I43: x
A44: cadre didactice de sprijin | B44: 148 | C44: 8.34 | D44: x | E44: x | H44: x | I44: x
A45: funcții de specialitate, inclusiv | B45: 502 | C45: 8.35 | D45: x | E45: x | H45: x | I45: x
A46: de conducere | B46: 510 | C46: 8.36 | D46: x | E46: x | H46: x | I46: x
A47: de execuție | B47: 540 | C47: 8.37 | D47: x | E47: x | H47: x | I47: x
A48: funcții complexe, inclusiv | B48: 503 | C48: 8.38 | D48: x | E48: x | H48: x | I48: x
A49: de conducere | B49: 510 | C49: 8.39 | D49: x | E49: x | H49: x | I49: x
A50: de execuție | B50: 540 | C50: 8.40 | D50: x | E50: x | H50: x | I50: x
A51: muncitori | B51: 555 | C51: 8.41 | D51: x | E51: x | H51: x | I51: x
A52: Clase în total, inclusiv: | B52: 1100 | C52: 8.42
A53: clasele 1-4 | B53: 1101 | C53: 8.43
A54: clasele 5-9 | B54: 1102 | C54: 8.44
A55: clasele 10-12 | B55: 1103 | C55: 8.45
A56: Clase cu profil sportiv, inclusiv: | B56: 1110 | C56: 8.46 | D56: ='sc.prim.16'!D56+scprim.21!D56 -> 0 | E56: ='sc.prim.16'!E56+scprim.21!E56 -> 0 | F56: ='sc.prim.16'!F56+scprim.21!F56 -> 0 | G56: ='sc.prim.16'!G56+scprim.21!G56 -> 0 | H56: ='sc.prim.16'!H56+scprim.21!H56 -> 0 | I56: ='sc.prim.16'!I56+scprim.21!I56 -> 0
A57: clasele 1-4 | B57: 1111 | C57: 8.47 | D57: ='sc.prim.16'!D57+scprim.21!D57 -> 0 | E57: ='sc.prim.16'!E57+scprim.21!E57 -> 0 | F57: ='sc.prim.16'!F57+scprim.21!F57 -> 0 | G57: ='sc.prim.16'!G57+scprim.21!G57 -> 0 | H57: ='sc.prim.16'!H57+scprim.21!H57 -> 0 | I57: ='sc.prim.16'!I57+scprim.21!I57 -> 0
A58: clasele 5-9 | B58: 1112 | C58: 8.48 | D58: ='sc.prim.16'!D58+scprim.21!D58 -> 0 | E58: ='sc.prim.16'!E58+scprim.21!E58 -> 0 | F58: ='sc.prim.16'!F58+scprim.21!F58 -> 0 | G58: ='sc.prim.16'!G58+scprim.21!G58 -> 0 | H58: ='sc.prim.16'!H58+scprim.21!H58 -> 0 | I58: ='sc.prim.16'!I58+scprim.21!I58 -> 0
A59: clasele 10-12 | B59: 1113 | C59: 8.49 | D59: ='sc.prim.16'!D59+scprim.21!D59 -> 0 | E59: ='sc.prim.16'!E59+scprim.21!E59 -> 0 | F59: ='sc.prim.16'!F59+scprim.21!F59 -> 0 | G59: ='sc.prim.16'!G59+scprim.21!G59 -> 0 | H59: ='sc.prim.16'!H59+scprim.21!H59 -> 0 | I59: ='sc.prim.16'!I59+scprim.21!I59 -> 0
A60: Elevi în total, inclusiv: | B60: 1120 | C60: 8.50
A61: clasele 1-4 | B61: 1121 | C61: 8.51
A62: clasele 5-9 | B62: 1122 | C62: 8.52
A63: clasele 10-12 | B63: 1123 | C63: 8.53
A64: Elevi în total din clasele cu profil sportiv, inclusiv: | B64: 1130 | C64: 8.54 | D64: ='sc.prim.16'!D64+scprim.21!D64 -> 0 | E64: ='sc.prim.16'!E64+scprim.21!E64 -> 0 | F64: ='sc.prim.16'!F64+scprim.21!F64 -> 0 | G64: ='sc.prim.16'!G64+scprim.21!G64 -> 0 | H64: ='sc.prim.16'!H64+scprim.21!H64 -> 0 | I64: ='sc.prim.16'!I64+scprim.21!I64 -> 0
A65: clasele 1-4 | B65: 1131 | C65: 8.55 | D65: ='sc.prim.16'!D65+scprim.21!D65 -> 0 | E65: ='sc.prim.16'!E65+scprim.21!E65 -> 0 | F65: ='sc.prim.16'!F65+scprim.21!F65 -> 0 | G65: ='sc.prim.16'!G65+scprim.21!G65 -> 0 | H65: ='sc.prim.16'!H65+scprim.21!H65 -> 0 | I65: ='sc.prim.16'!I65+scprim.21!I65 -> 0
A66: clasele 5-9 | B66: 1132 | C66: 8.56 | D66: ='sc.prim.16'!D66+scprim.21!D66 -> 0 | E66: ='sc.prim.16'!E66+scprim.21!E66 -> 0 | F66: ='sc.prim.16'!F66+scprim.21!F66 -> 0 | G66: ='sc.prim.16'!G66+scprim.21!G66 -> 0 | H66: ='sc.prim.16'!H66+scprim.21!H66 -> 0 | I66: ='sc.prim.16'!I66+scprim.21!I66 -> 0
A67: clasele 10-12 | B67: 1133 | C67: 8.57 | D67: ='sc.prim.16'!D67+scprim.21!D67 -> 0 | E67: ='sc.prim.16'!E67+scprim.21!E67 -> 0 | F67: ='sc.prim.16'!F67+scprim.21!F67 -> 0 | G67: ='sc.prim.16'!G67+scprim.21!G67 -> 0 | H67: ='sc.prim.16'!H67+scprim.21!H67 -> 0 | I67: ='sc.prim.16'!I67+scprim.21!I67 -> 0
A68: Elevi alimentați, în total, inclusiv: | B68: 1040 | C68: 8.58 | D68: ='sc.prim.16'!D68+scprim.21!D68 -> 0 | E68: ='sc.prim.16'!E68+scprim.21!E68 -> 0 | F68: ='sc.prim.16'!F68+scprim.21!F68 -> 0 | G68: ='sc.prim.16'!G68+scprim.21!G68 -> 0 | H68: ='sc.prim.16'!H68+scprim.21!H68 -> 0 | I68: ='sc.prim.16'!I68+scprim.21!I68 -> 0
A69: Elevi alimentați din clasele 1-4, asigurați cu micul dejun | B69: 1041 | C69: 8.59 | D69: ='sc.prim.16'!D69+scprim.21!D69 -> 0 | E69: ='sc.prim.16'!E69+scprim.21!E69 -> 0 | F69: ='sc.prim.16'!F69+scprim.21!F69 -> 0 | G69: ='sc.prim.16'!G69+scprim.21!G69 -> 0 | H69: ='sc.prim.16'!H69+scprim.21!H69 -> 0 | I69: ='sc.prim.16'!I69+scprim.21!I69 -> 0
A70: Elevi din clasele 5-9(12), ce beneficiază de alimentație | B70: 1042 | C70: 8.60 | D70: ='sc.prim.16'!D70+scprim.21!D70 -> 0 | E70: ='sc.prim.16'!E70+scprim.21!E70 -> 0 | F70: ='sc.prim.16'!F70+scprim.21!F70 -> 0 | G70: ='sc.prim.16'!G70+scprim.21!G70 -> 0 | H70: ='sc.prim.16'!H70+scprim.21!H70 -> 0 | I70: ='sc.prim.16'!I70+scprim.21!I70 -> 0
A71: Elevi alimentați, din grupe cu regim prelungit | B71: 1043 | C71: 8.61 | D71: ='sc.prim.16'!D71+scprim.21!D71 -> 0 | E71: ='sc.prim.16'!E71+scprim.21!E71 -> 0 | F71: ='sc.prim.16'!F71+scprim.21!F71 -> 0 | G71: ='sc.prim.16'!G71+scprim.21!G71 -> 0 | H71: ='sc.prim.16'!H71+scprim.21!H71 -> 0 | I71: ='sc.prim.16'!I71+scprim.21!I71 -> 0
A72: Alte categorii de elevi alimentați | B72: 1045 | C72: 8.62 | D72: ='sc.prim.16'!D72+scprim.21!D72 -> 0 | E72: ='sc.prim.16'!E72+scprim.21!E72 -> 0 | F72: ='sc.prim.16'!F72+scprim.21!F72 -> 0 | G72: ='sc.prim.16'!G72+scprim.21!G72 -> 0 | H72: ='sc.prim.16'!H72+scprim.21!H72 -> 0 | I72: ='sc.prim.16'!I72+scprim.21!I72 -> 0
A73: Elevi alimentați din clasele 5-8, din licee-internat cu profil sportiv | B73: 1046 | C73: 8.63 | D73: ='sc.prim.16'!D73+scprim.21!D73 -> 0 | E73: ='sc.prim.16'!E73+scprim.21!E73 -> 0 | F73: ='sc.prim.16'!F73+scprim.21!F73 -> 0 | G73: ='sc.prim.16'!G73+scprim.21!G73 -> 0 | H73: ='sc.prim.16'!H73+scprim.21!H73 -> 0 | I73: ='sc.prim.16'!I73+scprim.21!I73 -> 0
A74: Elevi alimentați din clasele 9-12, din licee-internat cu profil sportiv | B74: 1047 | C74: 8.64 | D74: ='sc.prim.16'!D74+scprim.21!D74 -> 0 | E74: ='sc.prim.16'!E74+scprim.21!E74 -> 0 | F74: ='sc.prim.16'!F74+scprim.21!F74 -> 0 | G74: ='sc.prim.16'!G74+scprim.21!G74 -> 0 | H74: ='sc.prim.16'!H74+scprim.21!H74 -> 0 | I74: ='sc.prim.16'!I74+scprim.21!I74 -> 0
A75: Zile de alimentare a elevilor, în total | B75: 1050 | C75: 8.65 | D75: x | E75: x | F75: ='sc.prim.16'!F75+scprim.21!F75 -> 0 | G75: ='sc.prim.16'!G75+scprim.21!G75 -> 0 | H75: x | I75: x
A76: Zile de alimentare a elevilor din clasele 1-4, asigurați cu micul dejun | B76: 1051 | C76: 8.66 | D76: x | E76: x | F76: ='sc.prim.16'!F76+scprim.21!F76 -> 0 | G76: ='sc.prim.16'!G76+scprim.21!G76 -> 0 | H76: x | I76: x
A77: Zile de alimentare a elevilor din clasele 5-9(12),ce beneficiaza de alimentație | B77: 1052 | C77: 8.67 | D77: x | E77: x | F77: ='sc.prim.16'!F77+scprim.21!F77 -> 0 | G77: ='sc.prim.16'!G77+scprim.21!G77 -> 0 | H77: x | I77: x
A78: Zile de alimentare a elevilor, din grupe cu regim prelungit | B78: 1053 | C78: 8.68 | D78: x | E78: x | F78: ='sc.prim.16'!F78+scprim.21!F78 -> 0 | G78: ='sc.prim.16'!G78+scprim.21!G78 -> 0 | H78: x | I78: x
A79: Zile de alimentare a altor categorii de elevi alimentați | B79: 1055 | C79: 8.69 | D79: x | E79: x | F79: ='sc.prim.16'!F79+scprim.21!F79 -> 0 | G79: ='sc.prim.16'!G79+scprim.21!G79 -> 0 | H79: x | I79: x
A80: Zile de alimentare a elevilor din clasele 5-8, din licee-internat cu profil sportiv | B80: 1056 | C80: 8.70 | D80: x | E80: x | F80: ='sc.prim.16'!F80+scprim.21!F80 -> 0 | G80: ='sc.prim.16'!G80+scprim.21!G80 -> 0 | H80: x | I80: x
A81: Zile de alimentare a elevilor din clasele 9-12, din licee-internat cu profil sportiv | B81: 1057 | C81: 8.71 | D81: x | E81: x | F81: ='sc.prim.16'!F81+scprim.21!F81 -> 0 | G81: ='sc.prim.16'!G81+scprim.21!G81 -> 0 | H81: x | I81: x
A82: Cheltuieli pentru alimentarea elevilor, în total, inclusiv | B82: 1060 | C82: 8.72 | D82: x | E82: x | F82: ='sc.prim.16'!F82+scprim.21!F82 -> 0 | G82: ='sc.prim.16'!G82+scprim.21!G82 -> 0 | H82: x | I82: x
A83: Cheltuieli pentru alimentarea elevilor din clasele 1-4, asigurați cu micul dejun | B83: 1061 | C83: 8.73 | D83: x | E83: x | F83: ='sc.prim.16'!F83+scprim.21!F83 -> 0 | G83: ='sc.prim.16'!G83+scprim.21!G83 -> 0 | H83: x | I83: x
A84: Cheltuieli pentru alimentarea elevilor din clasele 5-9(12), ce beneficiază de alimentație | B84: 1062 | C84: 8.74 | E84: x | F84: ='sc.prim.16'!F84+scprim.21!F84 -> 0 | G84: ='sc.prim.16'!G84+scprim.21!G84 -> 0 | H84: x
A85: Cheltuieli pentru alimentarea elevilor, din grupele cu regim prelungit | B85: 1063 | C85: 8.75 | D85: x | E85: x | F85: ='sc.prim.16'!F85+scprim.21!F85 -> 0 | G85: ='sc.prim.16'!G85+scprim.21!G85 -> 0 | H85: x | I85: x
A86: Cheltuieli pentru alimentarea altor categorii de elevi alimentați | B86: 1065 | C86: 8.76 | D86: x | E86: x | F86: ='sc.prim.16'!F86+scprim.21!F86 -> 0 | G86: ='sc.prim.16'!G86+scprim.21!G86 -> 0 | H86: x | I86: x
A87: Cheltuieli pentru alimentarea elevilor din clasele 5-8, din licee-internat cu profil sportiv | B87: 1066 | C87: 8.77 | D87: x | E87: x | F87: ='sc.prim.16'!F87+scprim.21!F87 -> 0 | G87: ='sc.prim.16'!G87+scprim.21!G87 -> 0 | H87: x | I87: x
A88: Cheltuieli pentru alimentarea elevilor din clasele 9-12, din licee-internat cu profil sportiv | B88: 1067 | C88: 8.78 | D88: x | E88: x | F88: ='sc.prim.16'!F88+scprim.21!F88 -> 0 | G88: ='sc.prim.16'!G88+scprim.21!G88 -> 0 | H88: x | I88: x
A89: Cheltuieli pentru acordarea compensațiilor bănești anuale cadrelor didactice | B89: 504 | C89: 8.79 | D89: x | E89: x | F89: ='sc.prim.16'!F89+scprim.21!F89 -> 172000 | G89: ='sc.prim.16'!G89+scprim.21!G89 -> 168000 | H89: x | I89: x
F91: =F89/4000 -> 43 | G91: =G89/4000 -> 42

Sheet sc.prim.16
H2: sc prim 16
A3: Aprobat prin ordinul Ministrului
A4: al Finanţelor al Republicii Moldova
A5: nr.___________al___________
A6: Retea, state si contingente ale instituriilor
A7: în perioada Tr.2 -2024 | J7: FD-048-BL
A8: Denumirea indicatorului | B8: codificatorul formularului | C8: Codul rindului | D8: Aprobat la inceputul anului | E8: Aprobat la sfirsitul anului | F8: Numarul mediu prevazut pe an | G8: Numarul mediu realizat la 30.09.2025 | H8: Real incadrat la începutul anului | I8: Real incadrat la sfîrsitul perioadei | J8: 14279 | K8: 0912 | L8: 8803 | M8: 00492 | N8: 0300
A9: 1 | B9: 2 | C9: 3 | D9: 4 | E9: 5 | F9: 6 | G9: 7 | H9: 8 | I9: 9
A10: RAPORT nr. 3-8 privind învățămîntul primar, gimnazial și liceal | C10: 8
A11: Instituții în total, inclusiv | B11: 1 | C11: 8.1 | F11: x | G11: x
A12: filiale | B12: 10 | C12: 8.2 | F12: x | G12: x
A13: Unități în state (posturi) în total, inclusiv | B13: 101 | C13: 8.3 | K13: Aprobat la inceputul anului | L13: Aprobat la sfirsitul anului | M13: Numarul mediu prevazut pe an | N13: Numarul mediu realizat la 01.01.2020 | O13: Real incadrat la începutul anului | P13: Real incadratla sfîrsitul perioadei
A14: funcții didactice, inclusiv | B14: 102 | C14: 8.4 | J14: cond. | K14: =D15+D19+D22 -> 0 | L14: =E15+E19+E22 -> 0 | M14: =F15+F19+F22 -> 0 | N14: =G15+G19+G22 -> 0 | O14: =H15+H19+H22 -> 0 | P14: =I15+I19+I22 -> 0
A15: de conducere | B15: 126 | C15: 8.5 | J15: exec | K15: =D16+D20+D23 -> 0 | L15: =E16+E20+E23 -> 0 | M15: =F16+F20+F23 -> 0 | N15: =G16+G20+G23 -> 0 | O15: =H16+H20+H23 -> 0 | P15: =I16+I20+I23 -> 0
A16: de execuție din care | B16: 145 | C16: 8.6 | J16: muncitori | K16: =D24 -> 0 | L16: =E24 -> 0 | M16: =F24 -> 0 | N16: =G24 -> 0 | O16: =H24 -> 0 | P16: =I24 -> 0
A17: cadre didactice de sprijin | B17: 146 | C17: 8.7 | J17: Total | K17: =K14+K15+K16 -> 0 | L17: =L14+L15+L16 -> 0 | M17: =M14+M15+M16 -> 0 | N17: =N14+N15+N16 -> 0 | O17: =O14+O15+O16 -> 0 | P17: =P14+P15+P16 -> 0
A18: funcții de specialitate, inclusiv | B18: 103 | C18: 8.8 | J18: control | K18: =D13-K17 -> 0 | L18: =E13-L17 -> 0 | M18: =F13-M17 -> 0 | N18: =G13-N17 -> 0 | O18: =H13-O17 -> 0 | P18: =I13-P17 -> 0
A19: de conducere | B19: 126 | C19: 8.9 | K19: 13.63 | L19: 13.88 | M19: 12.38 | N19: 11.96 | O19: 13.63 | P19: 13.25
A20: de execuție | B20: 145 | C20: 8.10
A21: funcții complexe, inclusiv | B21: 104 | C21: 8.11
A22: de conducere | B22: 126 | C22: 8.12
A23: de execuție | B23: 145 | C23: 8.13
A24: muncitori | B24: 177 | C24: 8.14
A25: Personal angajat în total, inclusiv | B25: 100 | C25: 8.15 | D25: =D26+D30+D33 -> 0 | E25: =E26+E30+E33 -> 0 | F25: x | G25: =G26+G30+G33 -> 0 | H25: =H26+H30+H33 -> 0 | I25: =I26+I30+I33 -> 0 | K25: Aprobat la inceputul anului | L25: Aprobat la sfirsitul anului | M25: Numarul mediu prevazut pe an | N25: Numarul mediu realizat la 01.01.2020 | O25: Real incadrat la începutul anului | P25: Real incadratla sfîrsitul perioadei
A26: funcții didactice, inclusiv | B26: 105 | C26: 8.16 | F26: x | J26: cond. | K26: =D27+D31+D34 -> 0 | L26: =E27+E31+E34 -> 0 | M26: =F27+F31+F34 -> #VALUE! | N26: =G27+G31+G34 -> 0 | O26: =H27+H31+H34 -> 0 | P26: =I27+I31+I34 -> 0
A27: de conducere | B27: 120 | C27: 8.17 | F27: x | J27: exec | K27: =D28+D32+D35 -> 0 | L27: =E28+E32+E35 -> 0 | M27: =F28+F32+F35 -> #VALUE! | N27: =G28+G32+G35 -> 0 | O27: =H28+H32+H35 -> 0 | P27: =I28+I32+I35 -> 0
A28: de execuție, din care | B28: 140 | C28: 8.18 | F28: x | J28: muncitori | K28: =D36 -> 0 | L28: =E36 -> 0 | M28: =F36 -> x | N28: =G36 -> 0 | O28: =H36 -> 0 | P28: =I36 -> 0
A29: cadre didactice de sprijin | B29: 147 | C29: 8.19 | F29: x | J29: Total | K29: =K26+K27+K28 -> 0 | L29: =L26+L27+L28 -> 0 | M29: =M26+M27+M28 -> #VALUE! | N29: =N26+N27+N28 -> 0 | O29: =O26+O27+O28 -> 0 | P29: =P26+P27+P28 -> 0
A30: funcții de specialitate, inclusiv | B30: 106 | C30: 8.20 | F30: x | J30: control | K30: =K29-D25 -> 0 | L30: =L29-E25 -> 0 | M30: =M29-F25 -> #VALUE! | N30: =N29-G25 -> 0 | O30: =O29-H25 -> 0 | P30: =P29-I25 -> 0
A31: de conducere | B31: 120 | C31: 8.21 | F31: x
A32: de execuție | B32: 140 | C32: 8.22 | F32: x
A33: funcții complexe, inclusiv | B33: 107 | C33: 8.23 | F33: x
A34: de conducere | B34: 120 | C34: 8.24 | F34: x
A35: de execuție | B35: 140 | C35: 8.25 | F35: x
A36: muncitori | B36: 175 | C36: 8.26 | F36: x
A37: Numărul personalului didactic beneficiar de compensații anuale, inclusiv | B37: 108 | C37: 8.27 | D37: =D38+D39 -> 5 | E37: =E38+E39 -> 5 | F37: x | G37: x | H37: =H38+H39 -> 5 | I37: =I38+I39 -> 5
A38: cu funcție de conducere | B38: 120 | C38: 8.28 | D38: 1 | E38: 1 | F38: x | G38: x | H38: =D38 -> 1 | I38: 1
A39: cu funcție de execuție | B39: 140 | C39: 8.29 | D39: 4 | E39: 4 | F39: x | G39: x | H39: =D39 -> 4 | I39: 4
A40: Retibuirea muncii în total, inclusiv | B40: 500 | C40: 8.30 | D40: x | E40: x | H40: x | I40: x
A41: funcții didactice, inclusiv | B41: 501 | C41: 8.31 | D41: x | E41: x | H41: x | I41: x
A42: de conducere | B42: 510 | C42: 8.32 | D42: x | E42: x | H42: x | I42: x
A43: de execuție, din care | B43: 540 | C43: 8.33 | D43: x | E43: x | H43: x | I43: x
A44: cadre didactice de sprijin | B44: 148 | C44: 8.34 | D44: x | E44: x | H44: x | I44: x
A45: funcții de specialitate, inclusiv | B45: 502 | C45: 8.35 | D45: x | E45: x | H45: x | I45: x
A46: de conducere | B46: 510 | C46: 8.36 | D46: x | E46: x | H46: x | I46: x
A47: de execuție | B47: 540 | C47: 8.37 | D47: x | E47: x | H47: x | I47: x
A48: funcții complexe, inclusiv | B48: 503 | C48: 8.38 | D48: x | E48: x | H48: x | I48: x
A49: de conducere | B49: 510 | C49: 8.39 | D49: x | E49: x | H49: x | I49: x
A50: de execuție | B50: 540 | C50: 8.40 | D50: x | E50: x | H50: x | I50: x
A51: muncitori | B51: 555 | C51: 8.41 | D51: x | E51: x | H51: x | I51: x
A52: Clase în total, inclusiv: | B52: 1100 | C52: 8.42
A53: clasele 1-4 | B53: 1101 | C53: 8.43
A54: clasele 5-9 | B54: 1102 | C54: 8.44
A55: clasele 10-12 | B55: 1103 | C55: 8.45
A56: Clase cu profil sportiv, inclusiv: | B56: 1110 | C56: 8.46
A57: clasele 1-4 | B57: 1111 | C57: 8.47
A58: clasele 5-9 | B58: 1112 | C58: 8.48
A59: clasele 10-12 | B59: 1113 | C59: 8.49
A60: Elevi în total, inclusiv: | B60: 1120 | C60: 8.50
A61: clasele 1-4 | B61: 1121 | C61: 8.51
A62: clasele 5-9 | B62: 1122 | C62: 8.52
A63: clasele 10-12 | B63: 1123 | C63: 8.53
... A74: Elevi alimentați din clasele 9-12, din licee-internat cu profil sportiv | B74: 1047 | C74: 8.64
A75: Zile de alimentare a elevilor, în total | B75: 1050 | C75: 8.65 | D75: x | E75: x | H75: x | I75: x
A76: Zile de alimentare a elevilor din clasele 1-4, asigurați cu micul dejun | B76: 1051 | C76: 8.66 | D76: x | E76: x | H76: x | I76: x
A77: Zile de alimentare a elevilor din clasele 5-9(12),ce beneficiaza de alimentație | B77: 1052 | C77: 8.67 | D77: x | E77: x | H77: x | I77: x
A78: Zile de alimentare a elevilor, din grupe cu regim prelungit | B78: 1053 | C78: 8.68 | D78: x | E78: x | H78: x | I78: x
A79: Zile de alimentare a altor categorii de elevi alimentați | B79: 1055 | C79: 8.69 | D79: x | E79: x | H79: x | I79: x
A80: Zile de alimentare a elevilor din clasele 5-8, din licee-internat cu profil sportiv | B80: 1056 | C80: 8.70 | D80: x | E80: x | H80: x | I80: x
A81: Zile de alimentare a elevilor din clasele 9-12, din licee-internat cu profil sportiv | B81: 1057 | C81: 8.71 | D81: x | E81: x | H81: x | I81: x
A82: Cheltuieli pentru alimentarea elevilor, în total, inclusiv | B82: 1060 | C82: 8.72 | D82: x | E82: x | H82: x | I82: x
A83: Cheltuieli pentru alimentarea elevilor din clasele 1-4, asigurați cu micul dejun | B83: 1061 | C83: 8.73 | D83: x | E83: x | H83: x | I83: x
A84: Cheltuieli pentru alimentarea elevilor din clasele 5-9(12), ce beneficiază de alimentație | B84: 1062 | C84: 8.74 | E84: x | H84: x
A85: Cheltuieli pentru alimentarea elevilor, din grupele cu regim prelungit | B85: 1063 | C85: 8.75 | D85: x | E85: x | H85: x | I85: x
A86: Cheltuieli pentru alimentarea altor categorii de elevi alimentați | B86: 1065 | C86: 8.76 | D86: x | E86: x | H86: x | I86: x
A87: Cheltuieli pentru alimentarea elevilor din clasele 5-8, din licee-internat cu profil sportiv | B87: 1066 | C87: 8.77 | D87: x | E87: x | H87: x | I87: x
A88: Cheltuieli pentru alimentarea elevilor din clasele 9-12, din licee-internat cu profil sportiv | B88: 1067 | C88: 8.78 | D88: x | E88: x | H88: x | I88: x
A89: Cheltuieli pentru acordarea compensațiilor bănești anuale cadrelor didactice | B89: 504 | C89: 8.79 | D89: x | E89: x | F89: 20000 | G89: 20000 | H89: x | I89: x
F91: =F89/4000 -> 5 | G91: =G89/4000 -> 5
C94: 1

Sheet scprim.21
H2: sc prim 21
A3: Aprobat prin ordinul Ministrului
A4: al Finanţelor al Republicii Moldova
A5: nr.___________al___________
A6: Retea, state si contingente ale instituriilor
A7: în perioada Tr.2 -2024 | J7: FD-048-BL
A8: Denumirea indicatorului | B8: codificatorul formularului | C8: Codul rindului | D8: Aprobat la inceputul anului | E8: Aprobat la sfirsitul anului | F8: Numarul mediu prevazut pe an | G8: Numarul mediu realizat la 30.09.2025 | H8: Real incadrat la începutul anului | I8: Real incadrat la sfîrsitul perioadei | J8: 09881 | K8: 0912 | L8: 8803 | M8: 00492 | N8: 0300
A9: 1 | B9: 2 | C9: 3 | D9: 4 | E9: 5 | F9: 6 | G9: 7 | H9: 8 | I9: 9
A10: RAPORT nr. 3-8 privind învățămîntul primar, gimnazial și liceal | C10: 8
A11: Instituții în total, inclusiv | B11: 1 | C11: 8.1 | F11: x | G11: x
A12: filiale | B12: 10 | C12: 8.2 | F12: x | G12: x
A13: Unități în state (posturi) în total, inclusiv | B13: 101 | C13: 8.3 | K13: Aprobat la inceputul anului | L13: Aprobat la sfirsitul anului | M13: Numarul mediu prevazut pe an | N13: Numarul mediu realizat la 01.01.2020 | O13: Real incadrat la începutul anului | P13: Real incadratla sfîrsitul perioadei
A14: funcții didactice, inclusiv | B14: 102 | C14: 8.4 | J14: cond. | K14: =D15+D19+D22 -> 0 | L14: =E15+E19+E22 -> 0 | M14: =F15+F19+F22 -> 0 | N14: =G15+G19+G22 -> 0 | O14: =H15+H19+H22 -> 0 | P14: =I15+I19+I22 -> 0
A15: de conducere | B15: 126 | C15: 8.5 | J15: exec | K15: =D16+D20+D23 -> 0 | L15: =E16+E20+E23 -> 0 | M15: =F16+F20+F23 -> 0 | N15: =G16+G20+G23 -> 0 | O15: =H16+H20+H23 -> 0 | P15: =I16+I20+I23 -> 0
A16: de execuție din care | B16: 145 | C16: 8.6 | J16: muncitori | K16: =D24 -> 0 | L16: =E24 -> 0 | M16: =F24 -> 0 | N16: =G24 -> 0 | O16: =H24 -> 0 | P16: =I24 -> 0
A17: cadre didactice de sprijin | B17: 146 | C17: 8.7 | J17: Total | K17: =K14+K15+K16 -> 0 | L17: =L14+L15+L16 -> 0 | M17: =M14+M15+M16 -> 0 | N17: =N14+N15+N16 -> 0 | O17: =O14+O15+O16 -> 0 | P17: =P14+P15+P16 -> 0
A18: funcții de specialitate, inclusiv | B18: 103 | C18: 8.8 | J18: control | K18: =D13-K17 -> 0 | L18: =E13-L17 -> 0 | M18: =F13-M17 -> 0 | N18: =G13-N17 -> 0 | O18: =H13-O17 -> 0 | P18: =I13-P17 -> 0
A19: de conducere | B19: 126 | C19: 8.9 | K19: 53.86 | L19: 55.92 | M19: 55.42 | N19: 54.54 | O19: 53.86 | P19: 56.14
A20: de execuție | B20: 145 | C20: 8.10
A21: funcții complexe, inclusiv | B21: 104 | C21: 8.11
A22: de conducere | B22: 126 | C22: 8.12
A23: de execuție | B23: 145 | C23: 8.13
A24: muncitori | B24: 177 | C24: 8.14
A25: Personal angajat în total, inclusiv | B25: 100 | C25: 8.15 | D25: =D26+D30+D33 -> 0 | E25: =E26+E30+E33 -> 0 | F25: x | G25: =G26+G30+G33 -> 0 | H25: =H26+H30+H33 -> 0 | I25: =I26+I30+I33 -> 0 | K25: Aprobat la inceputul anului | L25: Aprobat la sfirsitul anului | M25: Numarul mediu prevazut pe an | N25: Numarul mediu realizat la 01.01.2020 | O25: Real incadrat la începutul anului | P25: Real incadratla sfîrsitul perioadei
A26: funcții didactice, inclusiv | B26: 105 | C26: 8.16 | F26: x | J26: cond. | K26: =D27+D31+D34 -> 0 | L26: =E27+E31+E34 -> 0 | M26: =F27+F31+F34 -> #VALUE! | N26: =G27+G31+G34 -> 0 | O26: =H27+H31+H34 -> 0 | P26: =I27+I31+I34 -> 0
A27: de conducere | B27: 120 | C27: 8.17 | F27: x | J27: exec | K27: =D28+D32+D35 -> 0 | L27: =E28+E32+E35 -> 0 | M27: =F28+F32+F35 -> #VALUE! | N27: =G28+G32+G35 -> 0 | O27: =H28+H32+H35 -> 0 | P27: =I28+I32+I35 -> 0
A28: de execuție, din care | B28: 140 | C28: 8.18 | F28: x | J28: muncitori | K28: =D36 -> 0 | L28: =E36 -> 0 | M28: =F36 -> x | N28: =G36 -> 0 | O28: =H36 -> 0 | P28: =I36 -> 0
A29: cadre didactice de sprijin | B29: 147 | C29: 8.19 | F29: x | J29: Total | K29: =K26+K27+K28 -> 0 | L29: =L26+L27+L28 -> 0 | M29: =M26+M27+M28 -> #VALUE! | N29: =N26+N27+N28 -> 0 | O29: =O26+O27+O28 -> 0 | P29: =P26+P27+P28 -> 0
A30: funcții de specialitate, inclusiv | B30: 106 | C30: 8.20 | F30: x | J30: control | K30: =K29-D25 -> 0 | L30: =L29-E25 -> 0 | M30: =M29-F25 -> #VALUE! | N30: =N29-G25 -> 0 | O30: =O29-H25 -> 0 | P30: =P29-I25 -> 0
A31: de conducere | B31: 120 | C31: 8.21 | F31: x | K31: 48 | L31: 51 | M31: X | N31: 47 | O31: 48 | P31: 51
A32: de execuție | B32: 140 | C32: 8.22 | F32: x
A33: funcții complexe, inclusiv | B33: 107 | C33: 8.23 | F33: x
A34: de conducere | B34: 120 | C34: 8.24 | F34: x
A35: de execuție | B35: 140 | C35: 8.25 | F35: x
A36: muncitori | B36: 175 | C36: 8.26 | F36: x
A37: Numărul personalului didactic beneficiar de compensații anuale, inclusiv | B37: 108 | C37: 8.27 | D37: =D38+D39 -> 36 | E37: =E38+E39 -> 38 | F37: x | G37: x | H37: =H38+H39 -> 36 | I37: =I38+I39 -> 38
A38: cu funcție de conducere | B38: 120 | C38: 8.28 | D38: 4 | E38: 4 | F38: x | G38: x | H38: =D38 -> 4 | I38: 4
A39: cu funcție de execuție | B39: 140 | C39: 8.29 | D39: 32 | E39: 34 | F39: x | G39: x | H39: =D39 -> 32 | I39: 34
A40: Retibuirea muncii în total, inclusiv | B40: 500 | C40: 8.30 | D40: x | E40: x | H40: x | I40: x
A41: funcții didactice, inclusiv | B41: 501 | C41: 8.31 | D41: x | E41: x | H41: x | I41: x
A42: de conducere | B42: 510 | C42: 8.32 | D42: x | E42: x | H42: x | I42: x
A43: de execuție, din care | B43: 540 | C43: 8.33 | D43: x | E43: x | H43: x | I43: x
A44: cadre didactice de sprijin | B44: 148 | C44: 8.34 | D44: x | E44: x | H44: x | I44: x
A45: funcții de specialitate, inclusiv | B45: 502 | C45: 8.35 | D45: x | E45: x | H45: x | I45: x
A46: de conducere | B46: 510 | C46: 8.36 | D46: x | E46: x | H46: x | I46: x
A47: de execuție | B47: 540 | C47: 8.37 | D47: x | E47: x | H47: x | I47: x
A48: funcții complexe, inclusiv | B48: 503 | C48: 8.38 | D48: x | E48: x | H48: x | I48: x
A49: de conducere | B49: 510 | C49: 8.39 | D49: x | E49: x | H49: x | I49: x
A50: de execuție | B50: 540 | C50: 8.40 | D50: x | E50: x | H50: x | I50: x
A51: muncitori | B51: 555 | C51: 8.41 | D51: x | E51: x | H51: x | I51: x
A52: Clase în total, inclusiv: | B52: 1100 | C52: 8.42
A53: clasele 1-4 | B53: 1101 | C53: 8.43
A54: clasele 5-9 | B54: 1102 | C54: 8.44
A55: clasele 10-12 | B55: 1103 | C55: 8.45
A56: Clase cu profil sportiv, inclusiv: | B56: 1110 | C56: 8.46
A57: clasele 1-4 | B57: 1111 | C57: 8.47
A58: clasele 5-9 | B58: 1112 | C58: 8.48
A59: clasele 10-12 | B59: 1113 | C59: 8.49
A60: Elevi în total, inclusiv: | B60: 1120 | C60: 8.50
A61: clasele 1-4 | B61: 1121 | C61: 8.51
A62: clasele 5-9 | B62: 1122 | C62: 8.52
A63: clasele 10-12 | B63: 1123 | C63: 8.53
... A74: Elevi alimentați din clasele 9-12, din licee-internat cu profil sportiv | B74: 1047 | C74: 8.64
A75: Zile de alimentare a elevilor, în total | B75: 1050 | C75: 8.65 | D75: x | E75: x | H75: x | I75: x
A76: Zile de alimentare a elevilor din clasele 1-4, asigurați cu micul dejun | B76: 1051 | C76: 8.66 | D76: x | E76: x | H76: x | I76: x
A77: Zile de alimentare a elevilor din clasele 5-9(12),ce beneficiaza de alimentație | B77: 1052 | C77: 8.67 | D77: x | E77: x | H77: x | I77: x
A78: Zile de alimentare a elevilor, din grupe cu regim prelungit | B78: 1053 | C78: 8.68 | D78: x | E78: x | H78: x | I78: x
A79: Zile de alimentare a altor categorii de elevi alimentați | B79: 1055 | C79: 8.69 | D79: x | E79: x | H79: x | I79: x
A80: Zile de alimentare a elevilor din clasele 5-8, din licee-internat cu profil sportiv | B80: 1056 | C80: 8.70 | D80: x | E80: x | H80: x | I80: x
A81: Zile de alimentare a elevilor din clasele 9-12, din licee-internat cu profil sportiv | B81: 1057 | C81: 8.71 | D81: x | E81: x | H81: x | I81: x
A82: Cheltuieli pentru alimentarea elevilor, în total, inclusiv | B82: 1060 | C82: 8.72 | D82: x | E82: x | H82: x | I82: x
A83: Cheltuieli pentru alimentarea elevilor din clasele 1-4, asigurați cu micul dejun | B83: 1061 | C83: 8.73 | D83: x | E83: x | H83: x | I83: x
A84: Cheltuieli pentru alimentarea elevilor din clasele 5-9(12), ce beneficiază de alimentație | B84: 1062 | C84: 8.74 | E84: x | H84: x
A85: Cheltuieli pentru alimentarea elevilor, din grupele cu regim prelungit | B85: 1063 | C85: 8.75 | D85: x | E85: x | H85: x | I85: x
A86: Cheltuieli pentru alimentarea altor categorii de elevi alimentați | B86: 1065 | C86: 8.76 | D86: x | E86: x | H86: x | I86: x
A87: Cheltuieli pentru alimentarea elevilor din clasele 5-8, din licee-internat cu profil sportiv | B87: 1066 | C87: 8.77 | D87: x | E87: x | H87: x | I87: x
A88: Cheltuieli pentru alimentarea elevilor din clasele 9-12, din licee-internat cu profil sportiv | B88: 1067 | C88: 8.78 | D88: x | E88: x | H88: x | I88: x
A89: Cheltuieli pentru acordarea compensațiilor bănești anuale cadrelor didactice | B89: 504 | C89: 8.79 | D89: x | E89: x | F89: 152000 | G89: 148000 | H89: x | I89: x
F91: =F89/4000 -> 38 | G91: =G89/4000 -> 37

Sheet total gimnazii
I1: total gimnazii
A3: Aprobat prin ordinul Ministrului
A4: al Finanţelor al Republicii Moldova
A5: nr.___________al___________
A6: Retea, state si contingente ale instituriilor
A7: în perioada Tr.2 -2024 | J7: FD-048-BL
A8: Denumirea indicatorului | B8: codificatorul formularului | C8: Codul rindului | D8: Aprobat la inceputul anului | E8: Aprobat la sfirsitul anului | F8: Numarul mediu prevazut pe an | G8: Numarul mediu realizat la 30.09.2025 | H8: Real incadrat la începutul anului | I8: Real incadrat la sfîrsitul perioadei | M8: 00492
A9: 1 | B9: 2 | C9: 3 | D9: 4 | E9: 5 | F9: 6 | G9: 7 | H9: 8 | I9: 9
A10: RAPORT nr. 3-8 privind învățămîntul primar, gimnazial și liceal | C10: 8
A11: Instituții în total, inclusiv | B11: 1 | C11: 8.1 | F11: x | G11: x
A12: filiale | B12: 10 | C12: 8.2 | F12: x | G12: x
A13: Unități în state (posturi) în total, inclusiv | B13: 101 | C13: 8.3 | K13: Aprobat la inceputul anului | L13: Aprobat la sfirsitul anului | M13: Numarul mediu prevazut pe an | N13: Numarul mediu realizat la 01.01.2020 | O13: Real incadrat la începutul anului | P13: Real incadratla sfîrsitul perioadei
A14: funcții didactice, inclusiv | B14: 102 | C14: 8.4 | J14: cond. | K14: =D15+D19+D22 -> 0 | L14: =E15+E19+E22 -> 0 | M14: =F15+F19+F22 -> 0 | N14: =G15+G19+G22 -> 0 | O14: =H15+H19+H22 -> 0 | P14: =I15+I19+I22 -> 0
A15: de conducere | B15: 126 | C15: 8.5 | J15: exec | K15: =D16+D20+D23 -> 0 | L15: =E16+E20+E23 -> 0 | M15: =F16+F20+F23 -> 0 | N15: =G16+G20+G23 -> 0 | O15: =H16+H20+H23 -> 0 | P15: =I16+I20+I23 -> 0
A16: de execuție din care | B16: 145 | C16: 8.6 | J16: muncitori | K16: =D24 -> 0 | L16: =E24 -> 0 | M16: =F24 -> 0 | N16: =G24 -> 0 | O16: =H24 -> 0 | P16: =I24 -> 0
A17: cadre didactice de sprijin | B17: 146 | C17: 8.7 | J17: Total | K17: =K14+K15+K16 -> 0 | L17: =L14+L15+L16 -> 0 | M17: =M14+M15+M16 -> 0 | N17: =N14+N15+N16 -> 0 | O17: =O14+O15+O16 -> 0 | P17: =P14+P15+P16 -> 0
A18: funcții de specialitate, inclusiv | B18: 103 | C18: 8.8 | J18: control | K18: =D13-K17 -> 0 | L18: =E13-L17 -> 0 | M18: =F13-M17 -> 0 | N18: =G13-N17 -> 0 | O18: =H13-O17 -> 0 | P18: =I13-P17 -> 0
A19: de conducere | B19: 126 | C19: 8.9 | K19: 351.7 | L19: 363.46 | M19: 358.96 | N19: 338.49 | O19: 351.7 | P19: 337.89
A20: de execuție | B20: 145 | C20: 8.10 | K20: =K17-K19 -> -351.7 | L20: =L17-L19 -> -363.46 | M20: =M17-M19 -> -358.96 | N20: =N17-N19 -> -338.49 | O20: =O17-O19 -> -351.7 | P20: =P17-P19 -> -337.89
A21: funcții complexe, inclusiv | B21: 104 | C21: 8.11
A22: de conducere | B22: 126 | C22: 8.12
A23: de execuție | B23: 145 | C23: 8.13
A24: muncitori | B24: 177 | C24: 8.14
A25: Personal angajat în total, inclusiv | B25: 100 | C25: 8.15 | D25: =D26+D30+D33 -> 0 | E25: =E26+E30+E33 -> 0 | F25: x | G25: =G26+G30+G33 -> 0 | H25: =H26+H30+H33 -> 0 | I25: =I26+I30+I33 -> 0 | K25: Aprobat la inceputul anului | L25: Aprobat la sfirsitul anului | M25: Numarul mediu prevazut pe an | N25: Numarul mediu realizat la 01.01.2020 | O25: Real incadrat la începutul anului | P25: Real incadratla sfîrsitul perioadei
A26: funcții didactice, inclusiv | B26: 105 | C26: 8.16 | F26: x | J26: cond. | K26: =D27+D31+D34 -> 0 | L26: =E27+E31+E34 -> 0 | M26: =F27+F31+F34 -> #VALUE! | N26: =G27+G31+G34 -> 0 | O26: =H27+H31+H34 -> 0 | P26: =I27+I31+I34 -> 0
A27: de conducere | B27: 120 | C27: 8.17 | F27: x | J27: exec | K27: =D28+D32+D35 -> 0 | L27: =E28+E32+E35 -> 0 | M27: =F28+F32+F35 -> #VALUE! | N27: =G28+G32+G35 -> 0 | O27: =H28+H32+H35 -> 0 | P27: =I28+I32+I35 -> 0
A28: de execuție, din care | B28: 140 | C28: 8.18 | F28: x | J28: muncitori | K28: =D36 -> 0 | L28: =E36 -> 0 | M28: =F36 -> x | N28: =G36 -> 0 | O28: =H36 -> 0 | P28: =I36 -> 0
A29: cadre didactice de sprijin | B29: 147 | C29: 8.19 | F29: x | J29: Total | K29: =K26+K27+K28 -> 0 | L29: =L26+L27+L28 -> 0 | M29: =M26+M27+M28 -> #VALUE! | N29: =N26+N27+N28 -> 0 | O29: =O26+O27+O28 -> 0 | P29: =P26+P27+P28 -> 0
A30: funcții de specialitate, inclusiv | B30: 106 | C30: 8.20 | F30: x | J30: control | K30: =K29-D25 -> 0 | L30: =L29-E25 -> 0 | M30: =M29-F25 -> #VALUE! | N30: =N29-G25 -> 0 | O30: =O29-H25 -> 0 | P30: =P29-I25 -> 0
A31: de conducere | B31: 120 | C31: 8.21 | F31: x | K31: 341 | L31: 341 | M31: X | N31: 318 | O31: 341 | P31: 335
A32: de execuție | B32: 140 | C32: 8.22 | F32: x | K32: =K29-K31 -> -341 | L32: =L29-L31 -> -341 | M32: =M29-M31 -> #VALUE! | N32: =N29-N31 -> -318 | O32: =O29-O31 -> -341 | P32: =P29-P31 -> -335
A33: funcții complexe, inclusiv | B33: 107 | C33: 8.23 | F33: x
A34: de conducere | B34: 120 | C34: 8.24 | F34: x
A35: de execuție | B35: 140 | C35: 8.25 | F35: x
A36: muncitori | B36: 175 | C36: 8.26 | F36: x
A37: Numărul personalului didactic beneficiar de compensații anuale, inclusiv | B37: 108 | C37: 8.27 | D37: =D38+D39 -> 155 | E37: =E38+E39 -> 166 | F37: x | G37: x | H37: =H38+H39 -> 155 | I37: =I38+I39 -> 160 | J37: =J38+J39 -> 154 | K37: =J37-I37 -> -6
A38: cu funcție de conducere | B38: 120 | C38: 8.28 | D38: ='gim 2'!D38+'gim 3'!D38+'gim 6'!D38+'gim 7'!D38+'gim 9'!D38+'gim 10'!D38+'gim 14'!D38+'gim 19'!D38+'gim Cuza'!D38 -> 22 | E38: ='gim 2'!E38+'gim 3'!E38+'gim 6'!E38+'gim 7'!E38+'gim 9'!E38+'gim 10'!E38+'gim 14'!E38+'gim 19'!E38+'gim Cuza'!E38 -> 22 | F38: x | G38: x | H38: =D38 -> 22 | I38: ='gim 2'!I38+'gim 3'!I38+'gim 6'!I38+'gim 7'!I38+'gim 9'!I38+'gim 10'!I38+'gim 14'!I38+'gim 19'!I38+'gim Cuza'!I38 -> 22 | J38: 29 | K38: =J38-I38 -> 7
A39: cu funcție de execuție | B39: 140 | C39: 8.29 | D39: ='gim 2'!D39+'gim 3'!D39+'gim 6'!D39+'gim 7'!D39+'gim 9'!D39+'gim 10'!D39+'gim 14'!D39+'gim 19'!D39+'gim Cuza'!D39 -> 133 | E39: ='gim 2'!E39+'gim 3'!E39+'gim 6'!E39+'gim 7'!E39+'gim 9'!E39+'gim 10'!E39+'gim 14'!E39+'gim 19'!E39+'gim Cuza'!E39 -> 144 | F39: x | G39: x | H39: =D39 -> 133 | I39: ='gim 2'!I39+'gim 3'!I39+'gim 6'!I39+'gim 7'!I39+'gim 9'!I39+'gim 10'!I39+'gim 14'!I39+'gim 19'!I39+'gim Cuza'!I39 -> 138 | J39: 125 | K39: =J39-I39 -> -13
A40: Retibuirea muncii în total, inclusiv | B40: 500 | C40: 8.30 | D40: x | E40: x | F40: =F41+F45+F48 -> 0 | G40: =G41+G45+G48 -> 0 | H40: x | I40: x
A41: funcții didactice, inclusiv | B41: 501 | C41: 8.31 | D41: x | E41: x | H41: x | I41: x
A42: de conducere | B42: 510 | C42: 8.32 | D42: x | E42: x | H42: x | I42: x
A43: de execuție, din care | B43: 540 | C43: 8.33 | D43: x | E43: x | H43: x | I43: x
A44: cadre didactice de sprijin | B44: 148 | C44: 8.34 | D44: x | E44: x | H44: x | I44: x
A45: funcții de specialitate, inclusiv | B45: 502 | C45: 8.35 | D45: x | E45: x | H45: x | I45: x
A46: de conducere | B46: 510 | C46: 8.36 | D46: x | E46: x | H46: x | I46: x
A47: de execuție | B47: 540 | C47: 8.37 | D47: x | E47: x | H47: x | I47: x
A48: funcții complexe, inclusiv | B48: 503 | C48: 8.38 | D48: x | E48: x | H48: x | I48: x
A49: de conducere | B49: 510 | C49: 8.39 | D49: x | E49: x | H49: x | I49: x
A50: de execuție | B50: 540 | C50: 8.40 | D50: x | E50: x | H50: x | I50: x
A51: muncitori | B51: 555 | C51: 8.41 | D51: x | E51: x | H51: x | I51: x
A52: Clase în total, inclusiv: | B52: 1100 | C52: 8.42
A53: clasele 1-4 | B53: 1101 | C53: 8.43
A54: clasele 5-9 | B54: 1102 | C54: 8.44
A55: clasele 10-12 | B55: 1103 | C55: 8.45
A56: Clase cu profil sportiv, inclusiv: | B56: 1110 | C56: 8.46 | D56: ='gim 2'!D56+'gim 3'!D56+#REF!+'gim 6'!D56+'gim 7'!D56+'gim 9'!D56+'gim 10'!D56+'gim 14'!D56+#REF!+'gim 19'!D56+'gim Cuza'!D56 -> #REF! | E56: ='gim 2'!E56+'gim 3'!E56+#REF!+'gim 6'!E56+'gim 7'!E56+'gim 9'!E56+'gim 10'!E56+'gim 14'!E56+#REF!+'gim 19'!E56+'gim Cuza'!E56 -> #REF! | F56: ='gim 2'!F56+'gim 3'!F56+#REF!+'gim 6'!F56+'gim 7'!F56+'gim 9'!F56+'gim 10'!F56+'gim 14'!F56+#REF!+'gim 19'!F56+'gim Cuza'!F56 -> #REF! | G56: ='gim 2'!G56+'gim 3'!G56+#REF!+'gim 6'!G56+'gim 7'!G56+'gim 9'!G56+'gim 10'!G56+'gim 14'!G56+#REF!+'gim 19'!G56+'gim Cuza'!G56 -> #REF! | H56: ='gim 2'!H56+'gim 3'!H56+#REF!+'gim 6'!H56+'gim 7'!H56+'gim 9'!H56+'gim 10'!H56+'gim 14'!H56+#REF!+'gim 19'!H56+'gim Cuza'!H56 -> #REF! | I56: ='gim 2'!I56+'gim 3'!I56+#REF!+'gim 6'!I56+'gim 7'!I56+'gim 9'!I56+'gim 10'!I56+'gim 14'!I56+#REF!+'gim 19'!I56+'gim Cuza'!I56 -> #REF!
A57: clasele 1-4 | B57: 1111 | C57: 8.47 | D57: ='gim 2'!D57+'gim 3'!D57+#REF!+'gim 6'!D57+'gim 7'!D57+'gim 9'!D57+'gim 10'!D57+'gim 14'!D57+#REF!+'gim 19'!D57+'gim Cuza'!D57 -> #REF! | E57: ='gim 2'!E57+'gim 3'!E57+#REF!+'gim 6'!E57+'gim 7'!E57+'gim 9'!E57+'gim 10'!E57+'gim 14'!E57+#REF!+'gim 19'!E57+'gim Cuza'!E57 -> #REF! | F57: ='gim 2'!F57+'gim 3'!F57+#REF!+'gim 6'!F57+'gim 7'!F57+'gim 9'!F57+'gim 10'!F57+'gim 14'!F57+#REF!+'gim 19'!F57+'gim Cuza'!F57 -> #REF! | G57: ='gim 2'!G57+'gim 3'!G57+#REF!+'gim 6'!G57+'gim 7'!G57+'gim 9'!G57+'gim 10'!G57+'gim 14'!G57+#REF!+'gim 19'!G57+'gim Cuza'!G57 -> #REF! | H57: ='gim 2'!H57+'gim 3'!H57+#REF!+'gim 6'!H57+'gim 7'!H57+'gim 9'!H57+'gim 10'!H57+'gim 14'!H57+#REF!+'gim 19'!H57+'gim Cuza'!H57 -> #REF! | I57: ='gim 2'!I57+'gim 3'!I57+#REF!+'gim 6'!I57+'gim 7'!I57+'gim 9'!I57+'gim 10'!I57+'gim 14'!I57+#REF!+'gim 19'!I57+'gim Cuza'!I57 -> #REF!
A58: clasele 5-9 | B58: 1112 | C58: 8.48 | D58: ='gim 2'!D58+'gim 3'!D58+#REF!+'gim 6'!D58+'gim 7'!D58+'gim 9'!D58+'gim 10'!D58+'gim 14'!D58+#REF!+'gim 19'!D58+'gim Cuza'!D58 -> #REF! | E58: ='gim 2'!E58+'gim 3'!E58+#REF!+'gim 6'!E58+'gim 7'!E58+'gim 9'!E58+'gim 10'!E58+'gim 14'!E58+#REF!+'gim 19'!E58+'gim Cuza'!E58 -> #REF! | F58: ='gim 2'!F58+'gim 3'!F58+#REF!+'gim 6'!F58+'gim 7'!F58+'gim 9'!F58+'gim 10'!F58+'gim 14'!F58+#REF!+'gim 19'!F58+'gim Cuza'!F58 -> #REF! | G58: ='gim 2'!G58+'gim 3'!G58+#REF!+'gim 6'!G58+'gim 7'!G58+'gim 9'!G58+'gim 10'!G58+'gim 14'!G58+#REF!+'gim 19'!G58+'gim Cuza'!G58 -> #REF! | H58: ='gim 2'!H58+'gim 3'!H58+#REF!+'gim 6'!H58+'gim 7'!H58+'gim 9'!H58+'gim 10'!H58+'gim 14'!H58+#REF!+'gim 19'!H58+'gim Cuza'!H58 -> #REF! | I58: ='gim 2'!I58+'gim 3'!I58+#REF!+'gim 6'!I58+'gim 7'!I58+'gim 9'!I58+'gim 10'!I58+'gim 14'!I58+#REF!+'gim 19'!I58+'gim Cuza'!I58 -> #REF!
A59: clasele 10-12 | B59: 1113 | C59: 8.49 | D59: ='gim 2'!D59+'gim 3'!D59+#REF!+'gim 6'!D59+'gim 7'!D59+'gim 9'!D59+'gim 10'!D59+'gim 14'!D59+#REF!+'gim 19'!D59+'gim Cuza'!D59 -> #REF! | E59: ='gim 2'!E59+'gim 3'!E59+#REF!+'gim 6'!E59+'gim 7'!E59+'gim 9'!E59+'gim 10'!E59+'gim 14'!E59+#REF!+'gim 19'!E59+'gim Cuza'!E59 -> #REF! | F59: ='gim 2'!F59+'gim 3'!F59+#REF!+'gim 6'!F59+'gim 7'!F59+'gim 9'!F59+'gim 10'!F59+'gim 14'!F59+#REF!+'gim 19'!F59+'gim Cuza'!F59 -> #REF! | G59: ='gim 2'!G59+'gim 3'!G59+#REF!+'gim 6'!G59+'gim 7'!G59+'gim 9'!G59+'gim 10'!G59+'gim 14'!G59+#REF!+'gim 19'!G59+'gim Cuza'!G59 -> #REF! | H59: ='gim 2'!H59+'gim 3'!H59+#REF!+'gim 6'!H59+'gim 7'!H59+'gim 9'!H59+'gim 10'!H59+'gim 14'!H59+#REF!+'gim 19'!H59+'gim Cuza'!H59 -> #REF! | I59: ='gim 2'!I59+'gim 3'!I59+#REF!+'gim 6'!I59+'gim 7'!I59+'gim 9'!I59+'gim 10'!I59+'gim 14'!I59+#REF!+'gim 19'!I59+'gim Cuza'!I59 -> #REF!
A60: Elevi în total, inclusiv: | B60: 1120 | C60: 8.50
A61: clasele 1-4 | B61: 1121 | C61: 8.51
A62: clasele 5-9 | B62: 1122 | C62: 8.52
A63: clasele 10-12 | B63: 1123 | C63: 8.53
A64: Elevi în total din clasele cu profil sportiv, inclusiv: | B64: 1130 | C64: 8.54 | D64: ='gim 2'!D64+'gim 3'!D64+#REF!+'gim 6'!D64+'gim 7'!D64+'gim 9'!D64+'gim 10'!D64+'gim 14'!D64+#REF!+'gim 19'!D64+'gim Cuza'!D64 -> #REF! | E64: ='gim 2'!E64+'gim 3'!E64+#REF!+'gim 6'!E64+'gim 7'!E64+'gim 9'!E64+'gim 10'!E64+'gim 14'!E64+#REF!+'gim 19'!E64+'gim Cuza'!E64 -> #REF! | F64: ='gim 2'!F64+'gim 3'!F64+#REF!+'gim 6'!F64+'gim 7'!F64+'gim 9'!F64+'gim 10'!F64+'gim 14'!F64+#REF!+'gim 19'!F64+'gim Cuza'!F64 -> #REF! | G64: ='gim 2'!G64+'gim 3'!G64+#REF!+'gim 6'!G64+'gim 7'!G64+'gim 9'!G64+'gim 10'!G64+'gim 14'!G64+#REF!+'gim 19'!G64+'gim Cuza'!G64 -> #REF! | H64: ='gim 2'!H64+'gim 3'!H64+#REF!+'gim 6'!H64+'gim 7'!H64+'gim 9'!H64+'gim 10'!H64+'gim 14'!H64+#REF!+'gim 19'!H64+'gim Cuza'!H64 -> #REF! | I64: ='gim 2'!I64+'gim 3'!I64+#REF!+'gim 6'!I64+'gim 7'!I64+'gim 9'!I64+'gim 10'!I64+'gim 14'!I64+#REF!+'gim 19'!I64+'gim Cuza'!I64 -> #REF!
A65: clasele 1-4 | B65: 1131 | C65: 8.55 | D65: ='gim 2'!D65+'gim 3'!D65+#REF!+'gim 6'!D65+'gim 7'!D65+'gim 9'!D65+'gim 10'!D65+'gim 14'!D65+#REF!+'gim 19'!D65+'gim Cuza'!D65 -> #REF! | E65: ='gim 2'!E65+'gim 3'!E65+#REF!+'gim 6'!E65+'gim 7'!E65+'gim 9'!E65+'gim 10'!E65+'gim 14'!E65+#REF!+'gim 19'!E65+'gim Cuza'!E65 -> #REF! | F65: ='gim 2'!F65+'gim 3'!F65+#REF!+'gim 6'!F65+'gim 7'!F65+'gim 9'!F65+'gim 10'!F65+'gim 14'!F65+#REF!+'gim 19'!F65+'gim Cuza'!F65 -> #REF! | G65: ='gim 2'!G65+'gim 3'!G65+#REF!+'gim 6'!G65+'gim 7'!G65+'gim 9'!G65+'gim 10'!G65+'gim 14'!G65+#REF!+'gim 19'!G65+'gim Cuza'!G65 -> #REF! | H65: ='gim 2'!H65+'gim 3'!H65+#REF!+'gim 6'!H65+'gim 7'!H65+'gim 9'!H65+'gim 10'!H65+'gim 14'!H65+#REF!+'gim 19'!H65+'gim Cuza'!H65 -> #REF! | I65: ='gim 2'!I65+'gim 3'!I65+#REF!+'gim 6'!I65+'gim 7'!I65+'gim 9'!I65+'gim 10'!I65+'gim 14'!I65+#REF!+'gim 19'!I65+'gim Cuza'!I65 -> #REF!
A66: clasele 5-9 | B66: 1132 | C66: 8.56 | D66: ='gim 2'!D66+'gim 3'!D66+#REF!+'gim 6'!D66+'gim 7'!D66+'gim 9'!D66+'gim 10'!D66+'gim 14'!D66+#REF!+'gim 19'!D66+'gim Cuza'!D66 -> #REF! | E66: ='gim 2'!E66+'gim 3'!E66+#REF!+'gim 6'!E66+'gim 7'!E66+'gim 9'!E66+'gim 10'!E66+'gim 14'!E66+#REF!+'gim 19'!E66+'gim Cuza'!E66 -> #REF! | F66: ='gim 2'!F66+'gim 3'!F66+#REF!+'gim 6'!F66+'gim 7'!F66+'gim 9'!F66+'gim 10'!F66+'gim 14'!F66+#REF!+'gim 19'!F66+'gim Cuza'!F66 -> #REF! | G66: ='gim 2'!G66+'gim 3'!G66+#REF!+'gim 6'!G66+'gim 7'!G66+'gim 9'!G66+'gim 10'!G66+'gim 14'!G66+#REF!+'gim 19'!G66+'gim Cuza'!G66 -> #REF! | H66: ='gim 2'!H66+'gim 3'!H66+#REF!+'gim 6'!H66+'gim 7'!H66+'gim 9'!H66+'gim 10'!H66+'gim 14'!H66+#REF!+'gim 19'!H66+'gim Cuza'!H66 -> #REF! | I66: ='gim 2'!I66+'gim 3'!I66+#REF!+'gim 6'!I66+'gim 7'!I66+'gim 9'!I66+'gim 10'!I66+'gim 14'!I66+#REF!+'gim 19'!I66+'gim Cuza'!I66 -> #REF!
A67: clasele 10-12 | B67: 1133 | C67: 8.57 | D67: ='gim 2'!D67+'gim 3'!D67+#REF!+'gim 6'!D67+'gim 7'!D67+'gim 9'!D67+'gim 10'!D67+'gim 14'!D67+#REF!+'gim 19'!D67+'gim Cuza'!D67 -> #REF! | E67: ='gim 2'!E67+'gim 3'!E67+#REF!+'gim 6'!E67+'gim 7'!E67+'gim 9'!E67+'gim 10'!E67+'gim 14'!E67+#REF!+'gim 19'!E67+'gim Cuza'!E67 -> #REF! | F67: ='gim 2'!F67+'gim 3'!F67+#REF!+'gim 6'!F67+'gim 7'!F67+'gim 9'!F67+'gim 10'!F67+'gim 14'!F67+#REF!+'gim 19'!F67+'gim Cuza'!F67 -> #REF! | G67: ='gim 2'!G67+'gim 3'!G67+#REF!+'gim 6'!G67+'gim 7'!G67+'gim 9'!G67+'gim 10'!G67+'gim 14'!G67+#REF!+'gim 19'!G67+'gim Cuza'!G67 -> #REF! | H67: ='gim 2'!H67+'gim 3'!H67+#REF!+'gim 6'!H67+'gim 7'!H67+'gim 9'!H67+'gim 10'!H67+'gim 14'!H67+#REF!+'gim 19'!H67+'gim Cuza'!H67 -> #REF! | I67: ='gim 2'!I67+'gim 3'!I67+#REF!+'gim 6'!I67+'gim 7'!I67+'gim 9'!I67+'gim 10'!I67+'gim 14'!I67+#REF!+'gim 19'!I67+'gim Cuza'!I67 -> #REF!
A68: Elevi alimentați, în total, inclusiv: | B68: 1040 | C68: 8.58 | D68: ='gim 2'!D68+'gim 3'!D68+#REF!+'gim 6'!D68+'gim 7'!D68+'gim 9'!D68+'gim 10'!D68+'gim 14'!D68+#REF!+'gim 19'!D68+'gim Cuza'!D68 -> #REF! | E68: ='gim 2'!E68+'gim 3'!E68+#REF!+'gim 6'!E68+'gim 7'!E68+'gim 9'!E68+'gim 10'!E68+'gim 14'!E68+#REF!+'gim 19'!E68+'gim Cuza'!E68 -> #REF! | F68: ='gim 2'!F68+'gim 3'!F68+#REF!+'gim 6'!F68+'gim 7'!F68+'gim 9'!F68+'gim 10'!F68+'gim 14'!F68+#REF!+'gim 19'!F68+'gim Cuza'!F68 -> #REF! | G68: ='gim 2'!G68+'gim 3'!G68+#REF!+'gim 6'!G68+'gim 7'!G68+'gim 9'!G68+'gim 10'!G68+'gim 14'!G68+#REF!+'gim 19'!G68+'gim Cuza'!G68 -> #REF! | H68: ='gim 2'!H68+'gim 3'!H68+#REF!+'gim 6'!H68+'gim 7'!H68+'gim 9'!H68+'gim 10'!H68+'gim 14'!H68+#REF!+'gim 19'!H68+'gim Cuza'!H68 -> #REF! | I68: ='gim 2'!I68+'gim 3'!I68+#REF!+'gim 6'!I68+'gim 7'!I68+'gim 9'!I68+'gim 10'!I68+'gim 14'!I68+#REF!+'gim 19'!I68+'gim Cuza'!I68 -> #REF!
A69: Elevi alimentați din clasele 1-4, asigurați cu micul dejun | B69: 1041 | C69: 8.59 | D69: ='gim 2'!D69+'gim 3'!D69+#REF!+'gim 6'!D69+'gim 7'!D69+'gim 9'!D69+'gim 10'!D69+'gim 14'!D69+#REF!+'gim 19'!D69+'gim Cuza'!D69 -> #REF! | E69: ='gim 2'!E69+'gim 3'!E69+#REF!+'gim 6'!E69+'gim 7'!E69+'gim 9'!E69+'gim 10'!E69+'gim 14'!E69+#REF!+'gim 19'!E69+'gim Cuza'!E69 -> #REF! | F69: ='gim 2'!F69+'gim 3'!F69+#REF!+'gim 6'!F69+'gim 7'!F69+'gim 9'!F69+'gim 10'!F69+'gim 14'!F69+#REF!+'gim 19'!F69+'gim Cuza'!F69 -> #REF! | G69: ='gim 2'!G69+'gim 3'!G69+#REF!+'gim 6'!G69+'gim 7'!G69+'gim 9'!G69+'gim 10'!G69+'gim 14'!G69+#REF!+'gim 19'!G69+'gim Cuza'!G69 -> #REF! | H69: ='gim 2'!H69+'gim 3'!H69+#REF!+'gim 6'!H69+'gim 7'!H69+'gim 9'!H69+'gim 10'!H69+'gim 14'!H69+#REF!+'gim 19'!H69+'gim Cuza'!H69 -> #REF! | I69: ='gim 2'!I69+'gim 3'!I69+#REF!+'gim 6'!I69+'gim 7'!I69+'gim 9'!I69+'gim 10'!I69+'gim 14'!I69+#REF!+'gim 19'!I69+'gim Cuza'!I69 -> #REF!
A70: Elevi din clasele 5-9(12), ce beneficiază de alimentație | B70: 1042 | C70: 8.60 | D70: ='gim 2'!D70+'gim 3'!D70+#REF!+'gim 6'!D70+'gim 7'!D70+'gim 9'!D70+'gim 10'!D70+'gim 14'!D70+#REF!+'gim 19'!D70+'gim Cuza'!D70 -> #REF! | E70: ='gim 2'!E70+'gim 3'!E70+#REF!+'gim 6'!E70+'gim 7'!E70+'gim 9'!E70+'gim 10'!E70+'gim 14'!E70+#REF!+'gim 19'!E70+'gim Cuza'!E70 -> #REF! | F70: ='gim 2'!F70+'gim 3'!F70+#REF!+'gim 6'!F70+'gim 7'!F70+'gim 9'!F70+'gim 10'!F70+'gim 14'!F70+#REF!+'gim 19'!F70+'gim Cuza'!F70 -> #REF! | G70: ='gim 2'!G70+'gim 3'!G70+#REF!+'gim 6'!G70+'gim 7'!G70+'gim 9'!G70+'gim 10'!G70+'gim 14'!G70+#REF!+'gim 19'!G70+'gim Cuza'!G70 -> #REF! | H70: ='gim 2'!H70+'gim 3'!H70+#REF!+'gim 6'!H70+'gim 7'!H70+'gim 9'!H70+'gim 10'!H70+'gim 14'!H70+#REF!+'gim 19'!H70+'gim Cuza'!H70 -> #REF! | I70: ='gim 2'!I70+'gim 3'!I70+#REF!+'gim 6'!I70+'gim 7'!I70+'gim 9'!I70+'gim 10'!I70+'gim 14'!I70+#REF!+'gim 19'!I70+'gim Cuza'!I70 -> #REF!
A71: Elevi alimentați, din grupe cu regim prelungit | B71: 1043 | C71: 8.61 | D71: ='gim 2'!D71+'gim 3'!D71+#REF!+'gim 6'!D71+'gim 7'!D71+'gim 9'!D71+'gim 10'!D71+'gim 14'!D71+#REF!+'gim 19'!D71+'gim Cuza'!D71 -> #REF! | E71: ='gim 2'!E71+'gim 3'!E71+#REF!+'gim 6'!E71+'gim 7'!E71+'gim 9'!E71+'gim 10'!E71+'gim 14'!E71+#REF!+'gim 19'!E71+'gim Cuza'!E71 -> #REF! | F71: ='gim 2'!F71+'gim 3'!F71+#REF!+'gim 6'!F71+'gim 7'!F71+'gim 9'!F71+'gim 10'!F71+'gim 14'!F71+#REF!+'gim 19'!F71+'gim Cuza'!F71 -> #REF! | G71: ='gim 2'!G71+'gim 3'!G71+#REF!+'gim 6'!G71+'gim 7'!G71+'gim 9'!G71+'gim 10'!G71+'gim 14'!G71+#REF!+'gim 19'!G71+'gim Cuza'!G71 -> #REF! | H71: ='gim 2'!H71+'gim 3'!H71+#REF!+'gim 6'!H71+'gim 7'!H71+'gim 9'!H71+'gim 10'!H71+'gim 14'!H71+#REF!+'gim 19'!H71+'gim Cuza'!H71 -> #REF! | I71: ='gim 2'!I71+'gim 3'!I71+#REF!+'gim 6'!I71+'gim 7'!I71+'gim 9'!I71+'gim 10'!I71+'gim 14'!I71+#REF!+'gim 19'!I71+'gim Cuza'!I71 -> #REF!
A72: Alte categorii de elevi alimentați | B72: 1045 | C72: 8.62 | D72: ='gim 2'!D72+'gim 3'!D72+#REF!+'gim 6'!D72+'gim 7'!D72+'gim 9'!D72+'gim 10'!D72+'gim 14'!D72+#REF!+'gim 19'!D72+'gim Cuza'!D72 -> #REF! | E72: ='gim 2'!E72+'gim 3'!E72+#REF!+'gim 6'!E72+'gim 7'!E72+'gim 9'!E72+'gim 10'!E72+'gim 14'!E72+#REF!+'gim 19'!E72+'gim Cuza'!E72 -> #REF! | F72: ='gim 2'!F72+'gim 3'!F72+#REF!+'gim 6'!F72+'gim 7'!F72+'gim 9'!F72+'gim 10'!F72+'gim 14'!F72+#REF!+'gim 19'!F72+'gim Cuza'!F72 -> #REF! | G72: ='gim 2'!G72+'gim 3'!G72+#REF!+'gim 6'!G72+'gim 7'!G72+'gim 9'!G72+'gim 10'!G72+'gim 14'!G72+#REF!+'gim 19'!G72+'gim Cuza'!G72 -> #REF! | H72: ='gim 2'!H72+'gim 3'!H72+#REF!+'gim 6'!H72+'gim 7'!H72+'gim 9'!H72+'gim 10'!H72+'gim 14'!H72+#REF!+'gim 19'!H72+'gim Cuza'!H72 -> #REF! | I72: ='gim 2'!I72+'gim 3'!I72+#REF!+'gim 6'!I72+'gim 7'!I72+'gim 9'!I72+'gim 10'!I72+'gim 14'!I72+#REF!+'gim 19'!I72+'gim Cuza'!I72 -> #REF!
A73: Elevi alimentați din clasele 5-8, din licee-internat cu profil sportiv | B73: 1046 | C73: 8.63 | D73: ='gim 2'!D73+'gim 3'!D73+#REF!+'gim 6'!D73+'gim 7'!D73+'gim 9'!D73+'gim 10'!D73+'gim 14'!D73+#REF!+'gim 19'!D73+'gim Cuza'!D73 -> #REF! | E73: ='gim 2'!E73+'gim 3'!E73+#REF!+'gim 6'!E73+'gim 7'!E73+'gim 9'!E73+'gim 10'!E73+'gim 14'!E73+#REF!+'gim 19'!E73+'gim Cuza'!E73 -> #REF! | F73: ='gim 2'!F73+'gim 3'!F73+#REF!+'gim 6'!F73+'gim 7'!F73+'gim 9'!F73+'gim 10'!F73+'gim 14'!F73+#REF!+'gim 19'!F73+'gim Cuza'!F73 -> #REF! | G73: ='gim 2'!G73+'gim 3'!G73+#REF!+'gim 6'!G73+'gim 7'!G73+'gim 9'!G73+'gim 10'!G73+'gim 14'!G73+#REF!+'gim 19'!G73+'gim Cuza'!G73 -> #REF! | H73: ='gim 2'!H73+'gim 3'!H73+#REF!+'gim 6'!H73+'gim 7'!H73+'gim 9'!H73+'gim 10'!H73+'gim 14'!H73+#REF!+'gim 19'!H73+'gim Cuza'!H73 -> #REF! | I73: ='gim 2'!I73+'gim 3'!I73+#REF!+'gim 6'!I73+'gim 7'!I73+'gim 9'!I73+'gim 10'!I73+'gim 14'!I73+#REF!+'gim 19'!I73+'gim Cuza'!I73 -> #REF!
A74: Elevi alimentați din clasele 9-12, din licee-internat cu profil sportiv | B74: 1047 | C74: 8.64 | D74: ='gim 2'!D74+'gim 3'!D74+#REF!+'gim 6'!D74+'gim 7'!D74+'gim 9'!D74+'gim 10'!D74+'gim 14'!D74+#REF!+'gim 19'!D74+'gim Cuza'!D74 -> #REF! | E74: ='gim 2'!E74+'gim 3'!E74+#REF!+'gim 6'!E74+'gim 7'!E74+'gim 9'!E74+'gim 10'!E74+'gim 14'!E74+#REF!+'gim 19'!E74+'gim Cuza'!E74 -> #REF! | F74: ='gim 2'!F74+'gim 3'!F74+#REF!+'gim 6'!F74+'gim 7'!F74+'gim 9'!F74+'gim 10'!F74+'gim 14'!F74+#REF!+'gim 19'!F74+'gim Cuza'!F74 -> #REF! | G74: ='gim 2'!G74+'gim 3'!G74+#REF!+'gim 6'!G74+'gim 7'!G74+'gim 9'!G74+'gim 10'!G74+'gim 14'!G74+#REF!+'gim 19'!G74+'gim Cuza'!G74 -> #REF! | H74: ='gim 2'!H74+'gim 3'!H74+#REF!+'gim 6'!H74+'gim 7'!H74+'gim 9'!H74+'gim 10'!H74+'gim 14'!H74+#REF!+'gim 19'!H74+'gim Cuza'!H74 -> #REF! | I74: ='gim 2'!I74+'gim 3'!I74+#REF!+'gim 6'!I74+'gim 7'!I74+'gim 9'!I74+'gim 10'!I74+'gim 14'!I74+#REF!+'gim 19'!I74+'gim Cuza'!I74 -> #REF!
A75: Zile de alimentare a elevilor, în total | B75: 1050 | C75: 8.65 | D75: x | E75: x | F75: ='gim 2'!F75+'gim 3'!F75+#REF!+'gim 6'!F75+'gim 7'!F75+'gim 9'!F75+'gim 10'!F75+'gim 14'!F75+#REF!+'gim 19'!F75+'gim Cuza'!F75 -> #REF! | G75: ='gim 2'!G75+'gim 3'!G75+#REF!+'gim 6'!G75+'gim 7'!G75+'gim 9'!G75+'gim 10'!G75+'gim 14'!G75+#REF!+'gim 19'!G75+'gim Cuza'!G75 -> #REF! | H75: x | I75: x
A76: Zile de alimentare a elevilor din clasele 1-4, asigurați cu micul dejun | B76: 1051 | C76: 8.66 | D76: x | E76: x | F76: ='gim 2'!F76+'gim 3'!F76+#REF!+'gim 6'!F76+'gim 7'!F76+'gim 9'!F76+'gim 10'!F76+'gim 14'!F76+#REF!+'gim 19'!F76+'gim Cuza'!F76 -> #REF! | G76: ='gim 2'!G76+'gim 3'!G76+#REF!+'gim 6'!G76+'gim 7'!G76+'gim 9'!G76+'gim 10'!G76+'gim 14'!G76+#REF!+'gim 19'!G76+'gim Cuza'!G76 -> #REF! | H76: x | I76: x
A77: Zile de alimentare a elevilor din clasele 5-9(12),ce beneficiaza de alimentație | B77: 1052 | C77: 8.67 | D77: x | E77: x | F77: ='gim 2'!F77+'gim 3'!F77+#REF!+'gim 6'!F77+'gim 7'!F77+'gim 9'!F77+'gim 10'!F77+'gim 14'!F77+#REF!+'gim 19'!F77+'gim Cuza'!F77 -> #REF! | G77: ='gim 2'!G77+'gim 3'!G77+#REF!+'gim 6'!G77+'gim 7'!G77+'gim 9'!G77+'gim 10'!G77+'gim 14'!G77+#REF!+'gim 19'!G77+'gim Cuza'!G77 -> #REF! | H77: x | I77: x
A78: Zile de alimentare a elevilor, din grupe cu regim prelungit | B78: 1053 | C78: 8.68 | D78: x | E78: x | F78: ='gim 2'!F78+'gim 3'!F78+#REF!+'gim 6'!F78+'gim 7'!F78+'gim 9'!F78+'gim 10'!F78+'gim 14'!F78+#REF!+'gim 19'!F78+'gim Cuza'!F78 -> #REF! | G78: ='gim 2'!G78+'gim 3'!G78+#REF!+'gim 6'!G78+'gim 7'!G78+'gim 9'!G78+'gim 10'!G78+'gim 14'!G78+#REF!+'gim 19'!G78+'gim Cuza'!G78 -> #REF! | H78: x | I78: x
A79: Zile de alimentare a altor categorii de elevi alimentați | B79: 1055 | C79: 8.69 | D79: x | E79: x | F79: ='gim 2'!F79+'gim 3'!F79+#REF!+'gim 6'!F79+'gim 7'!F79+'gim 9'!F79+'gim 10'!F79+'gim 14'!F79+#REF!+'gim 19'!F79+'gim Cuza'!F79 -> #REF! | G79: ='gim 2'!G79+'gim 3'!G79+#REF!+'gim 6'!G79+'gim 7'!G79+'gim 9'!G79+'gim 10'!G79+'gim 14'!G79+#REF!+'gim 19'!G79+'gim Cuza'!G79 -> #REF! | H79: x | I79: x
A80: Zile de alimentare a elevilor din clasele 5-8, din licee-internat cu profil sportiv | B80: 1056 | C80: 8.70 | D80: x | E80: x | F80: ='gim 2'!F80+'gim 3'!F80+#REF!+'gim 6'!F80+'gim 7'!F80+'gim 9'!F80+'gim 10'!F80+'gim 14'!F80+#REF!+'gim 19'!F80+'gim Cuza'!F80 -> #REF! | G80: ='gim 2'!G80+'gim 3'!G80+#REF!+'gim 6'!G80+'gim 7'!G80+'gim 9'!G80+'gim 10'!G80+'gim 14'!G80+#REF!+'gim 19'!G80+'gim Cuza'!G80 -> #REF! | H80: x | I80: x
A81: Zile de alimentare a elevilor din clasele 9-12, din licee-internat cu profil sportiv | B81: 1057 | C81: 8.71 | D81: x | E81: x | F81: ='gim 2'!F81+'gim 3'!F81+#REF!+'gim 6'!F81+'gim 7'!F81+'gim 9'!F81+'gim 10'!F81+'gim 14'!F81+#REF!+'gim 19'!F81+'gim Cuza'!F81 -> #REF! | G81: ='gim 2'!G81+'gim 3'!G81+#REF!+'gim 6'!G81+'gim 7'!G81+'gim 9'!G81+'gim 10'!G81+'gim 14'!G81+#REF!+'gim 19'!G81+'gim Cuza'!G81 -> #REF! | H81: x | I81: x
A82: Cheltuieli pentru alimentarea elevilor, în total, inclusiv | B82: 1060 | C82: 8.72 | D82: x | E82: x | F82: ='gim 2'!F82+'gim 3'!F82+#REF!+'gim 6'!F82+'gim 7'!F82+'gim 9'!F82+'gim 10'!F82+'gim 14'!F82+#REF!+'gim 19'!F82+'gim Cuza'!F82 -> #REF! | G82: ='gim 2'!G82+'gim 3'!G82+#REF!+'gim 6'!G82+'gim 7'!G82+'gim 9'!G82+'gim 10'!G82+'gim 14'!G82+#REF!+'gim 19'!G82+'gim Cuza'!G82 -> #REF! | H82: x | I82: x
A83: Cheltuieli pentru alimentarea elevilor din clasele 1-4, asigurați cu micul dejun | B83: 1061 | C83: 8.73 | D83: x | E83: x | F83: ='gim 2'!F83+'gim 3'!F83+#REF!+'gim 6'!F83+'gim 7'!F83+'gim 9'!F83+'gim 10'!F83+'gim 14'!F83+#REF!+'gim 19'!F83+'gim Cuza'!F83 -> #REF! | G83: ='gim 2'!G83+'gim 3'!G83+#REF!+'gim 6'!G83+'gim 7'!G83+'gim 9'!G83+'gim 10'!G83+'gim 14'!G83+#REF!+'gim 19'!G83+'gim Cuza'!G83 -> #REF! | H83: x | I83: x
A84: Cheltuieli pentru alimentarea elevilor din clasele 5-9(12), ce beneficiază de alimentație | B84: 1062 | C84: 8.74 | E84: x | F84: ='gim 2'!F84+'gim 3'!F84+#REF!+'gim 6'!F84+'gim 7'!F84+'gim 9'!F84+'gim 10'!F84+'gim 14'!F84+#REF!+'gim 19'!F84+'gim Cuza'!F84 -> #REF! | G84: ='gim 2'!G84+'gim 3'!G84+#REF!+'gim 6'!G84+'gim 7'!G84+'gim 9'!G84+'gim 10'!G84+'gim 14'!G84+#REF!+'gim 19'!G84+'gim Cuza'!G84 -> #REF! | H84: x
A85: Cheltuieli pentru alimentarea elevilor, din grupele cu regim prelungit | B85: 1063 | C85: 8.75 | D85: x | E85: x | F85: ='gim 2'!F85+'gim 3'!F85+#REF!+'gim 6'!F85+'gim 7'!F85+'gim 9'!F85+'gim 10'!F85+'gim 14'!F85+#REF!+'gim 19'!F85+'gim Cuza'!F85 -> #REF! | G85: ='gim 2'!G85+'gim 3'!G85+#REF!+'gim 6'!G85+'gim 7'!G85+'gim 9'!G85+'gim 10'!G85+'gim 14'!G85+#REF!+'gim 19'!G85+'gim Cuza'!G85 -> #REF! | H85: x | I85: x
A86: Cheltuieli pentru alimentarea altor categorii de elevi alimentați | B86: 1065 | C86: 8.76 | D86: x | E86: x | F86: ='gim 2'!F86+'gim 3'!F86+#REF!+'gim 6'!F86+'gim 7'!F86+'gim 9'!F86+'gim 10'!F86+'gim 14'!F86+#REF!+'gim 19'!F86+'gim Cuza'!F86 -> #REF! | G86: ='gim 2'!G86+'gim 3'!G86+#REF!+'gim 6'!G86+'gim 7'!G86+'gim 9'!G86+'gim 10'!G86+'gim 14'!G86+#REF!+'gim 19'!G86+'gim Cuza'!G86 -> #REF! | H86: x | I86: x
A87: Cheltuieli pentru alimentarea elevilor din clasele 5-8, din licee-internat cu profil sportiv | B87: 1066 | C87: 8.77 | D87: x | E87: x | F87: ='gim 2'!F87+'gim 3'!F87+#REF!+'gim 6'!F87+'gim 7'!F87+'gim 9'!F87+'gim 10'!F87+'gim 14'!F87+#REF!+'gim 19'!F87+'gim Cuza'!F87 -> #REF! | G87: ='gim 2'!G87+'gim 3'!G87+#REF!+'gim 6'!G87+'gim 7'!G87+'gim 9'!G87+'gim 10'!G87+'gim 14'!G87+#REF!+'gim 19'!G87+'gim Cuza'!G87 -> #REF! | H87: x | I87: x
A88: Cheltuieli pentru alimentarea elevilor din clasele 9-12, din licee-internat cu profil sportiv | B88: 1067 | C88: 8.78 | D88: x | E88: x | F88: ='gim 2'!F88+'gim 3'!F88+#REF!+'gim 6'!F88+'gim 7'!F88+'gim 9'!F88+'gim 10'!F88+'gim 14'!F88+#REF!+'gim 19'!F88+'gim Cuza'!F88 -> #REF! | G88: ='gim 2'!G88+'gim 3'!G88+#REF!+'gim 6'!G88+'gim 7'!G88+'gim 9'!G88+'gim 10'!G88+'gim 14'!G88+#REF!+'gim 19'!G88+'gim Cuza'!G88 -> #REF! | H88: x | I88: x
A89: Cheltuieli pentru acordarea compensațiilor bănești anuale cadrelor didactice | B89: 504 | C89: 8.79 | D89: x | E89: x | F89: ='gim 2'!F89+'gim 3'!F89+'gim 6'!F89+'gim 7'!F89+'gim 9'!F89+'gim 10'!F89+'gim 14'!F89+'gim 19'!F89+'gim Cuza'!F89 -> 664000 | G89: ='gim 2'!G89+'gim 3'!G89+'gim 6'!G89+'gim 7'!G89+'gim 9'!G89+'gim 10'!G89+'gim 14'!G89+'gim 19'!G89+'gim Cuza'!G89 -> 640000 | H89: x | I89: x
F91: =F89/4000 -> 166 | G91: =G89/4000 -> 160

Sheet gim 10
H2: gim 10
A3: Aprobat prin ordinul Ministrului
A4: al Finanţelor al Republicii Moldova
A5: nr.___________al___________
A6: Retea, state si contingente ale instituriilor
A7: în perioada Tr.2 -2024 | J7: FD-048-BL
A8: Denumirea indicatorului | B8: codificatorul formularului | C8: Codul rindului | D8: Aprobat la inceputul anului | E8: Aprobat la sfirsitul anului | F8: Numarul mediu prevazut pe an | G8: Numarul mediu realizat la 30.09.2025 | H8: Real incadrat la începutul anului | I8: Real incadrat la sfîrsitul perioadei | J8: 04151 | K8: 0921 | L8: 8804 | M8: 00492 | N8: 0300
A9: 1 | B9: 2 | C9: 3 | D9: 4 | E9: 5 | F9: 6 | G9: 7 | H9: 8 | I9: 9
A10: RAPORT nr. 3-8 privind învățămîntul primar, gimnazial și liceal | C10: 8
A11: Instituții în total, inclusiv | B11: 1 | C11: 8.1 | F11: x | G11: x
A12: filiale | B12: 10 | C12: 8.2 | F12: x | G12: x
A13: Unități în state (posturi) în total, inclusiv | B13: 101 | C13: 8.3 | K13: Aprobat la inceputul anului | L13: Aprobat la sfirsitul anului | M13: Numarul mediu prevazut pe an | N13: Numarul mediu realizat la 01.01.2020 | O13: Real incadrat la începutul anului | P13: Real incadratla sfîrsitul perioadei
A14: funcții didactice, inclusiv | B14: 102 | C14: 8.4 | J14: cond. | K14: =D15+D19+D22 -> 0 | L14: =E15+E19+E22 -> 0 | M14: =F15+F19+F22 -> 0 | N14: =G15+G19+G22 -> 0 | O14: =H15+H19+H22 -> 0 | P14: =I15+I19+I22 -> 0
A15: de conducere | B15: 126 | C15: 8.5 | J15: exec | K15: =D16+D20+D23 -> 0 | L15: =E16+E20+E23 -> 0 | M15: =F16+F20+F23 -> 0 | N15: =G16+G20+G23 -> 0 | O15: =H16+H20+H23 -> 0 | P15: =I16+I20+I23 -> 0
A16: de execuție din care | B16: 145 | C16: 8.6 | J16: muncitori | K16: =D24 -> 0 | L16: =E24 -> 0 | M16: =F24 -> 0 | N16: =G24 -> 0 | O16: =H24 -> 0 | P16: =I24 -> 0
A17: cadre didactice de sprijin | B17: 146 | C17: 8.7 | J17: Total | K17: =K14+K15+K16 -> 0 | L17: =L14+L15+L16 -> 0 | M17: =M14+M15+M16 -> 0 | N17: =N14+N15+N16 -> 0 | O17: =O14+O15+O16 -> 0 | P17: =P14+P15+P16 -> 0
A18: funcții de specialitate, inclusiv | B18: 103 | C18: 8.8 | J18: control | K18: =D13-K17 -> 0 | L18: =E13-L17 -> 0 | M18: =F13-M17 -> 0 | N18: =G13-N17 -> 0 | O18: =H13-O17 -> 0 | P18: =I13-P17 -> 0
A19: de conducere | B19: 126 | C19: 8.9
A20: de execuție | B20: 145 | C20: 8.10
A21: funcții complexe, inclusiv | B21: 104 | C21: 8.11
A22: de conducere | B22: 126 | C22: 8.12
A23: de execuție | B23: 145 | C23: 8.13
A24: muncitori | B24: 177 | C24: 8.14
A25: Personal angajat în total, inclusiv | B25: 100 | C25: 8.15 | D25: =D26+D30+D33 -> 0 | E25: =E26+E30+E33 -> 0 | F25: x | G25: =G26+G30+G33 -> 0 | H25: =H26+H30+H33 -> 0 | I25: =I26+I30+I33 -> 0 | K25: Aprobat la inceputul anului | L25: Aprobat la sfirsitul anului | M25: Numarul mediu prevazut pe an | N25: Numarul mediu realizat la 01.01.2020 | O25: Real incadrat la începutul anului | P25: Real incadratla sfîrsitul perioadei
A26: funcții didactice, inclusiv | B26: 105 | C26: 8.16 | F26: x | J26: cond. | K26: =D27+D31+D34 -> 0 | L26: =E27+E31+E34 -> 0 | M26: =F27+F31+F34 -> #VALUE! | N26: =G27+G31+G34 -> 0 | O26: =H27+H31+H34 -> 0 | P26: =I27+I31+I34 -> 0
A27: de conducere | B27: 120 | C27: 8.17 | F27: x | J27: exec | K27: =D28+D32+D35 -> 0 | L27: =E28+E32+E35 -> 0 | M27: =F28+F32+F35 -> #VALUE! | N27: =G28+G32+G35 -> 0 | O27: =H28+H32+H35 -> 0 | P27: =I28+I32+I35 -> 0
A28: de execuție, din care | B28: 140 | C28: 8.18 | F28: x | J28: muncitori | K28: =D36 -> 0 | L28: =E36 -> 0 | M28: =F36 -> x | N28: =G36 -> 0 | O28: =H36 -> 0 | P28: =I36 -> 0
A29: cadre didactice de sprijin | B29: 147 | C29: 8.19 | F29: x | J29: Total | K29: =K26+K27+K28 -> 0 | L29: =L26+L27+L28 -> 0 | M29: =M26+M27+M28 -> #VALUE! | N29: =N26+N27+N28 -> 0 | O29: =O26+O27+O28 -> 0 | P29: =P26+P27+P28 -> 0
A30: funcții de specialitate, inclusiv | B30: 106 | C30: 8.20 | F30: x | J30: control | K30: =K29-D25 -> 0 | L30: =L29-E25 -> 0 | M30: =M29-F25 -> #VALUE! | N30: =N29-G25 -> 0 | O30: =O29-H25 -> 0 | P30: =P29-I25 -> 0
A31: de conducere | B31: 120 | C31: 8.21 | F31: x
A32: de execuție | B32: 140 | C32: 8.22 | F32: x
A33: funcții complexe, inclusiv | B33: 107 | C33: 8.23 | F33: x
A34: de conducere | B34: 120 | C34: 8.24 | F34: x
A35: de execuție | B35: 140 | C35: 8.25 | F35: x
A36: muncitori | B36: 175 | C36: 8.26 | F36: x
A37: Numărul personalului didactic beneficiar de compensații anuale, inclusiv | B37: 108 | C37: 8.27 | D37: =D38+D39 -> 16 | E37: =E38+E39 -> 16 | F37: x | G37: x | H37: =H38+H39 -> 16 | I37: =I38+I39 -> 16
A38: cu funcție de conducere | B38: 120 | C38: 8.28 | D38: 2 | E38: 2 | F38: x | G38: x | H38: =D38 -> 2 | I38: 2
A39: cu funcție de execuție | B39: 140 | C39: 8.29 | D39: 14 | E39: 14 | F39: x | G39: x | H39: =D39 -> 14 | I39: 14
A40: Retibuirea muncii în total, inclusiv | B40: 500 | C40: 8.30 | D40: x | E40: x | F40: =F41+F45+F48 -> 0 | G40: =G41+G45+G48 -> 0 | H40: x | I40: x
A41: funcții didactice, inclusiv | B41: 501 | C41: 8.31 | D41: x | E41: x | H41: x | I41: x
A42: de conducere | B42: 510 | C42: 8.32 | D42: x | E42: x | H42: x | I42: x
A43: de execuție, din care | B43: 540 | C43: 8.33 | D43: x | E43: x | H43: x | I43: x
A44: cadre didactice de sprijin | B44: 148 | C44: 8.34 | D44: x | E44: x | H44: x | I44: x
A45: funcții de specialitate, inclusiv | B45: 502 | C45: 8.35 | D45: x | E45: x | H45: x | I45: x
A46: de conducere | B46: 510 | C46: 8.36 | D46: x | E46: x | H46: x | I46: x
A47: de execuție | B47: 540 | C47: 8.37 | D47: x | E47: x | H47: x | I47: x
A48: funcții complexe, inclusiv | B48: 503 | C48: 8.38 | D48: x | E48: x | H48: x | I48: x
A49: de conducere | B49: 510 | C49: 8.39 | D49: x | E49: x | H49: x | I49: x
A50: de execuție | B50: 540 | C50: 8.40 | D50: x | E50: x | H50: x | I50: x
A51: muncitori | B51: 555 | C51: 8.41 | D51: x | E51: x | H51: x | I51: x
A52: Clase în total, inclusiv: | B52: 1100 | C52: 8.42
A53: clasele 1-4 | B53: 1101 | C53: 8.43
A54: clasele 5-9 | B54: 1102 | C54: 8.44
A55: clasele 10-12 | B55: 1103 | C55: 8.45
A56: Clase cu profil sportiv, inclusiv: | B56: 1110 | C56: 8.46
A57: clasele 1-4 | B57: 1111 | C57: 8.47
A58: clasele 5-9 | B58: 1112 | C58: 8.48
A59: clasele 10-12 | B59: 1113 | C59: 8.49
A60: Elevi în total, inclusiv: | B60: 1120 | C60: 8.50
A61: clasele 1-4 | B61: 1121 | C61: 8.51
A62: clasele 5-9 | B62: 1122 | C62: 8.52
A63: clasele 10-12 | B63: 1123 | C63: 8.53
... A74: Elevi alimentați din clasele 9-12, din licee-internat cu profil sportiv | B74: 1047 | C74: 8.64
A75: Zile de alimentare a elevilor, în total | B75: 1050 | C75: 8.65 | D75: x | E75: x | H75: x | I75: x
A76: Zile de alimentare a elevilor din clasele 1-4, asigurați cu micul dejun | B76: 1051 | C76: 8.66 | D76: x | E76: x | H76: x | I76: x
A77: Zile de alimentare a elevilor din clasele 5-9(12),ce beneficiaza de alimentație | B77: 1052 | C77: 8.67 | D77: x | E77: x | H77: x | I77: x
A78: Zile de alimentare a elevilor, din grupe cu regim prelungit | B78: 1053 | C78: 8.68 | D78: x | E78: x | H78: x | I78: x
A79: Zile de alimentare a altor categorii de elevi alimentați | B79: 1055 | C79: 8.69 | D79: x | E79: x | H79: x | I79: x
A80: Zile de alimentare a elevilor din clasele 5-8, din licee-internat cu profil sportiv | B80: 1056 | C80: 8.70 | D80: x | E80: x | H80: x | I80: x
A81: Zile de alimentare a elevilor din clasele 9-12, din licee-internat cu profil sportiv | B81: 1057 | C81: 8.71 | D81: x | E81: x | H81: x | I81: x
A82: Cheltuieli pentru alimentarea elevilor, în total, inclusiv | B82: 1060 | C82: 8.72 | D82: x | E82: x | H82: x | I82: x
A83: Cheltuieli pentru alimentarea elevilor din clasele 1-4, asigurați cu micul dejun | B83: 1061 | C83: 8.73 | D83: x | E83: x | H83: x | I83: x
A84: Cheltuieli pentru alimentarea elevilor din clasele 5-9(12), ce beneficiază de alimentație | B84: 1062 | C84: 8.74 | E84: x | H84: x
A85: Cheltuieli pentru alimentarea elevilor, din grupele cu regim prelungit | B85: 1063 | C85: 8.75 | D85: x | E85: x | H85: x | I85: x
A86: Cheltuieli pentru alimentarea altor categorii de elevi alimentați | B86: 1065 | C86: 8.76 | D86: x | E86: x | H86: x | I86: x
A87: Cheltuieli pentru alimentarea elevilor din clasele 5-8, din licee-internat cu profil sportiv | B87: 1066 | C87: 8.77 | D87: x | E87: x | H87: x | I87: x
A88: Cheltuieli pentru alimentarea elevilor din clasele 9-12, din licee-internat cu profil sportiv | B88: 1067 | C88: 8.78 | D88: x | E88: x | H88: x | I88: x
A89: Cheltuieli pentru acordarea compensațiilor bănești anuale cadrelor didactice | B89: 504 | C89: 8.79 | D89: x | E89: x | F89: 64000 | G89: 64000 | H89: x | I89: x
F91: =F89/4000 -> 16 | G91: =G89/4000 -> 16

Sheet gim 2
H2: gim 2
A3: Aprobat prin ordinul Ministrului
A4: al Finanţelor al Republicii Moldova
A5: nr.___________al___________
A6: Retea, state si contingente ale instituriilor
A7: în perioada Tr.2 -2024 | J7: FD-048-BL
A8: Denumirea indicatorului | B8: codificatorul formularului | C8: Codul rindului | D8: Aprobat la inceputul anului | E8: Aprobat la sfirsitul anului | F8: Numarul mediu prevazut pe an | G8: Numarul mediu realizat la 30.09.2025 | H8: Real incadrat la începutul anului | I8: Real incadrat la sfîrsitul perioadei | J8: 09864 | K8: 0921 | L8: 8804 | M8: 00492 | N8: 0300
A9: 1 | B9: 2 | C9: 3 | D9: 4 | E9: 5 | F9: 6 | G9: 7 | H9: 8 | I9: 9
A10: RAPORT nr. 3-8 privind învățămîntul primar, gimnazial și liceal | C10: 8
A11: Instituții în total, inclusiv | B11: 1 | C11: 8.1 | F11: x | G11: x
A12: filiale | B12: 10 | C12: 8.2 | F12: x | G12: x
A13: Unități în state (posturi) în total, inclusiv | B13: 101 | C13: 8.3 | K13: Aprobat la inceputul anului | L13: Aprobat la sfirsitul anului | M13: Numarul mediu prevazut pe an | N13: Numarul mediu realizat la 01.01.2020 | O13: Real incadrat la începutul anului | P13: Real incadratla sfîrsitul perioadei
A14: funcții didactice, inclusiv | B14: 102 | C14: 8.4 | J14: cond. | K14: =D15+D19+D22 -> 0 | L14: =E15+E19+E22 -> 0 | M14: =F15+F19+F22 -> 0 | N14: =G15+G19+G22 -> 0 | O14: =H15+H19+H22 -> 0 | P14: =I15+I19+I22 -> 0
A15: de conducere | B15: 126 | C15: 8.5 | J15: exec | K15: =D16+D20+D23 -> 0 | L15: =E16+E20+E23 -> 0 | M15: =F16+F20+F23 -> 0 | N15: =G16+G20+G23 -> 0 | O15: =H16+H20+H23 -> 0 | P15: =I16+I20+I23 -> 0
A16: de execuție din care | B16: 145 | C16: 8.6 | J16: muncitori | K16: =D24 -> 0 | L16: =E24 -> 0 | M16: =F24 -> 0 | N16: =G24 -> 0 | O16: =H24 -> 0 | P16: =I24 -> 0
A17: cadre didactice de sprijin | B17: 146 | C17: 8.7 | J17: Total | K17: =K14+K15+K16 -> 0 | L17: =L14+L15+L16 -> 0 | M17: =M14+M15+M16 -> 0 | N17: =N14+N15+N16 -> 0 | O17: =O14+O15+O16 -> 0 | P17: =P14+P15+P16 -> 0
A18: funcții de specialitate, inclusiv | B18: 103 | C18: 8.8 | J18: control | K18: =D13-K17 -> 0 | L18: =E13-L17 -> 0 | M18: =F13-M17 -> 0 | N18: =G13-N17 -> 0 | O18: =H13-O17 -> 0 | P18: =I13-P17 -> 0
A19: de conducere | B19: 126 | C19: 8.9
A20: de execuție | B20: 145 | C20: 8.10
A21: funcții complexe, inclusiv | B21: 104 | C21: 8.11
A22: de conducere | B22: 126 | C22: 8.12
A23: de execuție | B23: 145 | C23: 8.13
A24: muncitori | B24: 177 | C24: 8.14
A25: Personal angajat în total, inclusiv | B25: 100 | C25: 8.15 | D25: =D26+D30+D33 -> 0 | E25: =E26+E30+E33 -> 0 | F25: x | G25: =G26+G30+G33 -> 0 | H25: =H26+H30+H33 -> 0 | I25: =I26+I30+I33 -> 0 | K25: Aprobat la inceputul anului | L25: Aprobat la sfirsitul anului | M25: Numarul mediu prevazut pe an | N25: Numarul mediu realizat la 01.01.2020 | O25: Real incadrat la începutul anului | P25: Real incadratla sfîrsitul perioadei
A26: funcții didactice, inclusiv | B26: 105 | C26: 8.16 | F26: x | J26: cond. | K26: =D27+D31+D34 -> 0 | L26: =E27+E31+E34 -> 0 | M26: =F27+F31+F34 -> #VALUE! | N26: =G27+G31+G34 -> 0 | O26: =H27+H31+H34 -> 0 | P26: =I27+I31+I34 -> 0
A27: de conducere | B27: 120 | C27: 8.17 | F27: x | J27: exec | K27: =D28+D32+D35 -> 0 | L27: =E28+E32+E35 -> 0 | M27: =F28+F32+F35 -> #VALUE! | N27: =G28+G32+G35 -> 0 | O27: =H28+H32+H35 -> 0 | P27: =I28+I32+I35 -> 0
A28: de execuție, din care | B28: 140 | C28: 8.18 | F28: x | J28: muncitori | K28: =D36 -> 0 | L28: =E36 -> 0 | M28: =F36 -> x | N28: =G36 -> 0 | O28: =H36 -> 0 | P28: =I36 -> 0
A29: cadre didactice de sprijin | B29: 147 | C29: 8.19 | F29: x | J29: Total | K29: =K26+K27+K28 -> 0 | L29: =L26+L27+L28 -> 0 | M29: =M26+M27+M28 -> #VALUE! | N29: =N26+N27+N28 -> 0 | O29: =O26+O27+O28 -> 0 | P29: =P26+P27+P28 -> 0
A30: funcții de specialitate, inclusiv | B30: 106 | C30: 8.20 | F30: x | J30: control | K30: =K29-D25 -> 0 | L30: =L29-E25 -> 0 | M30: =M29-F25 -> #VALUE! | N30: =N29-G25 -> 0 | O30: =O29-H25 -> 0 | P30: =P29-I25 -> 0
A31: de conducere | B31: 120 | C31: 8.21 | F31: x
A32: de execuție | B32: 140 | C32: 8.22 | F32: x
A33: funcții complexe, inclusiv | B33: 107 | C33: 8.23 | F33: x
A34: de conducere | B34: 120 | C34: 8.24 | F34: x
A35: de execuție | B35: 140 | C35: 8.25 | F35: x
A36: muncitori | B36: 175 | C36: 8.26 | F36: x
A37: Numărul personalului didactic beneficiar de compensații anuale, inclusiv | B37: 108 | C37: 8.27 | D37: =D38+D39 -> 15 | E37: =E38+E39 -> 17 | F37: x | G37: x | H37: =H38+H39 -> 15 | I37: =I38+I39 -> 14
A38: cu funcție de conducere | B38: 120 | C38: 8.28 | D38: 3 | E38: 3 | F38: x | G38: x | H38: =D38 -> 3 | I38: 3
A39: cu funcție de execuție | B39: 140 | C39: 8.29 | D39: 12 | E39: 14 | F39: x | G39: x | H39: =D39 -> 12 | I39: 11
A40: Retibuirea muncii în total, inclusiv | B40: 500 | C40: 8.30 | D40: x | E40: x | H40: x | I40: x
A41: funcții didactice, inclusiv | B41: 501 | C41: 8.31 | D41: x | E41: x | H41: x | I41: x
A42: de conducere | B42: 510 | C42: 8.32 | D42: x | E42: x | H42: x | I42: x
A43: de execuție, din care | B43: 540 | C43: 8.33 | D43: x | E43: x | H43: x | I43: x
A44: cadre didactice de sprijin | B44: 148 | C44: 8.34 | D44: x | E44: x | H44: x | I44: x
A45: funcții de specialitate, inclusiv | B45: 502 | C45: 8.35 | D45: x | E45: x | H45: x | I45: x
A46: de conducere | B46: 510 | C46: 8.36 | D46: x | E46: x | H46: x | I46: x
A47: de execuție | B47: 540 | C47: 8.37 | D47: x | E47: x | H47: x | I47: x
A48: funcții complexe, inclusiv | B48: 503 | C48: 8.38 | D48: x | E48: x | H48: x | I48: x
A49: de conducere | B49: 510 | C49: 8.39 | D49: x | E49: x | H49: x | I49: x
A50: de execuție | B50: 540 | C50: 8.40 | D50: x | E50: x | H50: x | I50: x
A51: muncitori | B51: 555 | C51: 8.41 | D51: x | E51: x | H51: x | I51: x
A52: Clase în total, inclusiv: | B52: 1100 | C52: 8.42
A53: clasele 1-4 | B53: 1101 | C53: 8.43
A54: clasele 5-9 | B54: 1102 | C54: 8.44
A55: clasele 10-12 | B55: 1103 | C55: 8.45
A56: Clase cu profil sportiv, inclusiv: | B56: 1110 | C56: 8.46
A57: clasele 1-4 | B57: 1111 | C57: 8.47
A58: clasele 5-9 | B58: 1112 | C58: 8.48
A59: clasele 10-12 | B59: 1113 | C59: 8.49
A60: Elevi în total, inclusiv: | B60: 1120 | C60: 8.50
A61: clasele 1-4 | B61: 1121 | C61: 8.51
A62: clasele 5-9 | B62: 1122 | C62: 8.52
A63: clasele 10-12 | B63: 1123 | C63: 8.53
... A74: Elevi alimentați din clasele 9-12, din licee-internat cu profil sportiv | B74: 1047 | C74: 8.64
A75: Zile de alimentare a elevilor, în total | B75: 1050 | C75: 8.65 | D75: x | E75: x | H75: x | I75: x
A76: Zile de alimentare a elevilor din clasele 1-4, asigurați cu micul dejun | B76: 1051 | C76: 8.66 | D76: x | E76: x | H76: x | I76: x
A77: Zile de alimentare a elevilor din clasele 5-9(12),ce beneficiaza de alimentație | B77: 1052 | C77: 8.67 | D77: x | E77: x | H77: x | I77: x
A78: Zile de alimentare a elevilor, din grupe cu regim prelungit | B78: 1053 | C78: 8.68 | D78: x | E78: x | H78: x | I78: x
A79: Zile de alimentare a altor categorii de elevi alimentați | B79: 1055 | C79: 8.69 | D79: x | E79: x | H79: x | I79: x
A80: Zile de alimentare a elevilor din clasele 5-8, din licee-internat cu profil sportiv | B80: 1056 | C80: 8.70 | D80: x | E80: x | H80: x | I80: x
A81: Zile de alimentare a elevilor din clasele 9-12, din licee-internat cu profil sportiv | B81: 1057 | C81: 8.71 | D81: x | E81: x | H81: x | I81: x
A82: Cheltuieli pentru alimentarea elevilor, în total, inclusiv | B82: 1060 | C82: 8.72 | D82: x | E82: x | H82: x | I82: x
A83: Cheltuieli pentru alimentarea elevilor din clasele 1-4, asigurați cu micul dejun | B83: 1061 | C83: 8.73 | D83: x | E83: x | H83: x | I83: x
A84: Cheltuieli pentru alimentarea elevilor din clasele 5-9(12), ce beneficiază de alimentație | B84: 1062 | C84: 8.74 | E84: x | H84: x
A85: Cheltuieli pentru alimentarea elevilor, din grupele cu regim prelungit | B85: 1063 | C85: 8.75 | D85: x | E85: x | H85: x | I85: x
A86: Cheltuieli pentru alimentarea altor categorii de elevi alimentați | B86: 1065 | C86: 8.76 | D86: x | E86: x | H86: x | I86: x
A87: Cheltuieli pentru alimentarea elevilor din clasele 5-8, din licee-internat cu profil sportiv | B87: 1066 | C87: 8.77 | D87: x | E87: x | H87: x | I87: x
A88: Cheltuieli pentru alimentarea elevilor din clasele 9-12, din licee-internat cu profil sportiv | B88: 1067 | C88: 8.78 | D88: x | E88: x | H88: x | I88: x
A89: Cheltuieli pentru acordarea compensațiilor bănești anuale cadrelor didactice | B89: 504 | C89: 8.79 | D89: x | E89: x | F89: 68000 | G89: 56000 | H89: x | I89: x
F91: =F89/4000 -> 17 | G91: =G89/4000 -> 14

Sheet gim 3
H2: gim 3
A3: Aprobat prin ordinul Ministrului
A4: al Finanţelor al Republicii Moldova
A5: nr.___________al___________
A6: Retea, state si contingente ale instituriilor
A7: în perioada Tr.2 -2024 | J7: FD-048-BL
A8: Denumirea indicatorului | B8: codificatorul formularului | C8: Codul rindului | D8: Aprobat la inceputul anului | E8: Aprobat la sfirsitul anului | F8: Numarul mediu prevazut pe an | G8: Numarul mediu realizat la 30.09.2025 | H8: Real incadrat la începutul anului | I8: Real incadrat la sfîrsitul perioadei | J8: 09865 | K8: 0921 | L8: 8804 | M8: 00492 | N8: 0300
A9: 1 | B9: 2 | C9: 3 | D9: 4 | E9: 5 | F9: 6 | G9: 7 | H9: 8 | I9: 9
A10: RAPORT nr. 3-8 privind învățămîntul primar, gimnazial și liceal | C10: 8
A11: Instituții în total, inclusiv | B11: 1 | C11: 8.1 | F11: x | G11: x
A12: filiale | B12: 10 | C12: 8.2 | F12: x | G12: x
A13: Unități în state (posturi) în total, inclusiv | B13: 101 | C13: 8.3 | K13: Aprobat la inceputul anului | L13: Aprobat la sfirsitul anului | M13: Numarul mediu prevazut pe an | N13: Numarul mediu realizat la 01.01.2020 | O13: Real incadrat la începutul anului | P13: Real incadratla sfîrsitul perioadei
A14: funcții didactice, inclusiv | B14: 102 | C14: 8.4 | J14: cond. | K14: =D15+D19+D22 -> 0 | L14: =E15+E19+E22 -> 0 | M14: =F15+F19+F22 -> 0 | N14: =G15+G19+G22 -> 0 | O14: =H15+H19+H22 -> 0 | P14: =I15+I19+I22 -> 0
A15: de conducere | B15: 126 | C15: 8.5 | J15: exec | K15: =D16+D20+D23 -> 0 | L15: =E16+E20+E23 -> 0 | M15: =F16+F20+F23 -> 0 | N15: =G16+G20+G23 -> 0 | O15: =H16+H20+H23 -> 0 | P15: =I16+I20+I23 -> 0
A16: de execuție din care | B16: 145 | C16: 8.6 | J16: muncitori | K16: =D24 -> 0 | L16: =E24 -> 0 | M16: =F24 -> 0 | N16: =G24 -> 0 | O16: =H24 -> 0 | P16: =I24 -> 0
A17: cadre didactice de sprijin | B17: 146 | C17: 8.7 | J17: Total | K17: =K14+K15+K16 -> 0 | L17: =L14+L15+L16 -> 0 | M17: =M14+M15+M16 -> 0 | N17: =N14+N15+N16 -> 0 | O17: =O14+O15+O16 -> 0 | P17: =P14+P15+P16 -> 0
A18: funcții de specialitate, inclusiv | B18: 103 | C18: 8.8 | J18: control | K18: =D13-K17 -> 0 | L18: =E13-L17 -> 0 | M18: =F13-M17 -> 0 | N18: =G13-N17 -> 0 | O18: =H13-O17 -> 0 | P18: =I13-P17 -> 0
A19: de conducere | B19: 126 | C19: 8.9
A20: de execuție | B20: 145 | C20: 8.10
A21: funcții complexe, inclusiv | B21: 104 | C21: 8.11
A22: de conducere | B22: 126 | C22: 8.12
A23: de execuție | B23: 145 | C23: 8.13
A24: muncitori | B24: 177 | C24: 8.14
A25: Personal angajat în total, inclusiv | B25: 100 | C25: 8.15 | D25: =D26+D30+D33 -> 0 | E25: =E26+E30+E33 -> 0 | F25: x | G25: =G26+G30+G33 -> 0 | H25: =H26+H30+H33 -> 0 | I25: =I26+I30+I33 -> 0 | K25: Aprobat la inceputul anului | L25: Aprobat la sfirsitul anului | M25: Numarul mediu prevazut pe an | N25: Numarul mediu realizat la 01.01.2020 | O25: Real incadrat la începutul anului | P25: Real incadratla sfîrsitul perioadei
A26: funcții didactice, inclusiv | B26: 105 | C26: 8.16 | F26: x | J26: cond. | K26: =D27+D31+D34 -> 0 | L26: =E27+E31+E34 -> 0 | M26: =F27+F31+F34 -> #VALUE! | N26: =G27+G31+G34 -> 0 | O26: =H27+H31+H34 -> 0 | P26: =I27+I31+I34 -> 0
A27: de conducere | B27: 120 | C27: 8.17 | F27: x | J27: exec | K27: =D28+D32+D35 -> 0 | L27: =E28+E32+E35 -> 0 | M27: =F28+F32+F35 -> #VALUE! | N27: =G28+G32+G35 -> 0 | O27: =H28+H32+H35 -> 0 | P27: =I28+I32+I35 -> 0
A28: de execuție, din care | B28: 140 | C28: 8.18 | F28: x | J28: muncitori | K28: =D36 -> 0 | L28: =E36 -> 0 | M28: =F36 -> x | N28: =G36 -> 0 | O28: =H36 -> 0 | P28: =I36 -> 0
A29: cadre didactice de sprijin | B29: 147 | C29: 8.19 | F29: x | J29: Total | K29: =K26+K27+K28 -> 0 | L29: =L26+L27+L28 -> 0 | M29: =M26+M27+M28 -> #VALUE! | N29: =N26+N27+N28 -> 0 | O29: =O26+O27+O28 -> 0 | P29: =P26+P27+P28 -> 0
A30: funcții de specialitate, inclusiv | B30: 106 | C30: 8.20 | F30: x | J30: control | K30: =K29-D25 -> 0 | L30: =L29-E25 -> 0 | M30: =M29-F25 -> #VALUE! | N30: =N29-G25 -> 0 | O30: =O29-H25 -> 0 | P30: =P29-I25 -> 0
A31: de conducere | B31: 120 | C31: 8.21 | F31: x
A32: de execuție | B32: 140 | C32: 8.22 | F32: x
A33: funcții complexe, inclusiv | B33: 107 | C33: 8.23 | F33: x
A34: de conducere | B34: 120 | C34: 8.24 | F34: x
A35: de execuție | B35: 140 | C35: 8.25 | F35: x
A36: muncitori | B36: 175 | C36: 8.26 | F36: x
A37: Numărul personalului didactic beneficiar de compensații anuale, inclusiv | B37: 108 | C37: 8.27 | D37: =D38+D39 -> 13 | E37: =E38+E39 -> 16 | F37: x | G37: x | H37: =H38+H39 -> 13 | I37: =I38+I39 -> 14
A38: cu funcție de conducere | B38: 120 | C38: 8.28 | D38: 2 | E38: 2 | F38: x | G38: x | H38: =D38 -> 2 | I38: 2
A39: cu funcție de execuție | B39: 140 | C39: 8.29 | D39: 11 | E39: 14 | F39: x | G39: x | H39: =D39 -> 11 | I39: 12
A40: Retibuirea muncii în total, inclusiv | B40: 500 | C40: 8.30 | D40: x | E40: x | H40: x | I40: x
A41: funcții didactice, inclusiv | B41: 501 | C41: 8.31 | D41: x | E41: x | H41: x | I41: x
A42: de conducere | B42: 510 | C42: 8.32 | D42: x | E42: x | H42: x | I42: x
A43: de execuție, din care | B43: 540 | C43: 8.33 | D43: x | E43: x | H43: x | I43: x
A44: cadre didactice de sprijin | B44: 148 | C44: 8.34 | D44: x | E44: x | H44: x | I44: x
A45: funcții de specialitate, inclusiv | B45: 502 | C45: 8.35 | D45: x | E45: x | H45: x | I45: x
A46: de conducere | B46: 510 | C46: 8.36 | D46: x | E46: x | H46: x | I46: x
A47: de execuție | B47: 540 | C47: 8.37 | D47: x | E47: x | H47: x | I47: x
A48: funcții complexe, inclusiv | B48: 503 | C48: 8.38 | D48: x | E48: x | H48: x | I48: x
A49: de conducere | B49: 510 | C49: 8.39 | D49: x | E49: x | H49: x | I49: x
A50: de execuție | B50: 540 | C50: 8.40 | D50: x | E50: x | H50: x | I50: x
A51: muncitori | B51: 555 | C51: 8.41 | D51: x | E51: x | H51: x | I51: x
A52: Clase în total, inclusiv: | B52: 1100 | C52: 8.42
A53: clasele 1-4 | B53: 1101 | C53: 8.43
A54: clasele 5-9 | B54: 1102 | C54: 8.44
A55: clasele 10-12 | B55: 1103 | C55: 8.45
A56: Clase cu profil sportiv, inclusiv: | B56: 1110 | C56: 8.46
A57: clasele 1-4 | B57: 1111 | C57: 8.47
A58: clasele 5-9 | B58: 1112 | C58: 8.48
A59: clasele 10-12 | B59: 1113 | C59: 8.49
A60: Elevi în total, inclusiv: | B60: 1120 | C60: 8.50
A61: clasele 1-4 | B61: 1121 | C61: 8.51
A62: clasele 5-9 | B62: 1122 | C62: 8.52
A63: clasele 10-12 | B63: 1123 | C63: 8.53
... A74: Elevi alimentați din clasele 9-12, din licee-internat cu profil sportiv | B74: 1047 | C74: 8.64
A75: Zile de alimentare a elevilor, în total | B75: 1050 | C75: 8.65 | D75: x | E75: x | H75: x | I75: x
A76: Zile de alimentare a elevilor din clasele 1-4, asigurați cu micul dejun | B76: 1051 | C76: 8.66 | D76: x | E76: x | H76: x | I76: x
A77: Zile de alimentare a elevilor din clasele 5-9(12),ce beneficiaza de alimentație | B77: 1052 | C77: 8.67 | D77: x | E77: x | H77: x | I77: x
A78: Zile de alimentare a elevilor, din grupe cu regim prelungit | B78: 1053 | C78: 8.68 | D78: x | E78: x | H78: x | I78: x
A79: Zile de alimentare a altor categorii de elevi alimentați | B79: 1055 | C79: 8.69 | D79: x | E79: x | H79: x | I79: x
A80: Zile de alimentare a elevilor din clasele 5-8, din licee-internat cu profil sportiv | B80: 1056 | C80: 8.70 | D80: x | E80: x | H80: x | I80: x
A81: Zile de alimentare a elevilor din clasele 9-12, din licee-internat cu profil sportiv | B81: 1057 | C81: 8.71 | D81: x | E81: x | H81: x | I81: x
A82: Cheltuieli pentru alimentarea elevilor, în total, inclusiv | B82: 1060 | C82: 8.72 | D82: x | E82: x | H82: x | I82: x
A83: Cheltuieli pentru alimentarea elevilor din clasele 1-4, asigurați cu micul dejun | B83: 1061 | C83: 8.73 | D83: x | E83: x | H83: x | I83: x
A84: Cheltuieli pentru alimentarea elevilor din clasele 5-9(12), ce beneficiază de alimentație | B84: 1062 | C84: 8.74 | E84: x | H84: x
A85: Cheltuieli pentru alimentarea elevilor, din grupele cu regim prelungit | B85: 1063 | C85: 8.75 | D85: x | E85: x | H85: x | I85: x
A86: Cheltuieli pentru alimentarea altor categorii de elevi alimentați | B86: 1065 | C86: 8.76 | D86: x | E86: x | H86: x | I86: x
A87: Cheltuieli pentru alimentarea elevilor din clasele 5-8, din licee-internat cu profil sportiv | B87: 1066 | C87: 8.77 | D87: x | E87: x | H87: x | I87: x
A88: Cheltuieli pentru alimentarea elevilor din clasele 9-12, din licee-internat cu profil sportiv | B88: 1067 | C88: 8.78 | D88: x | E88: x | H88: x | I88: x
A89: Cheltuieli pentru acordarea compensațiilor bănești anuale cadrelor didactice | B89: 504 | C89: 8.79 | D89: x | E89: x | F89: 64000 | G89: 56000 | H89: x | I89: x
F91: =F89/4000 -> 16 | G91: =G89/4000 -> 14

Sheet gim 6
H2: gim 6
A3: Aprobat prin ordinul Ministrului
A4: al Finanţelor al Republicii Moldova
A5: nr.___________al___________
A6: Retea, state si contingente ale instituriilor
A7: în perioada Tr.2 -2024 | J7: FD-048-BL
A8: Denumirea indicatorului | B8: codificatorul formularului | C8: Codul rindului | D8: Aprobat la inceputul anului | E8: Aprobat la sfirsitul anului | F8: Numarul mediu prevazut pe an | G8: Numarul mediu realizat la 30.09.2025 | H8: Real incadrat la începutul anului | I8: Real incadrat la sfîrsitul perioadei | J8: 09868 | K8: 0921 | L8: 8804 | M8: 00492 | N8: 0300
A9: 1 | B9: 2 | C9: 3 | D9: 4 | E9: 5 | F9: 6 | G9: 7 | H9: 8 | I9: 9
A10: RAPORT nr. 3-8 privind învățămîntul primar, gimnazial și liceal | C10: 8
A11: Instituții în total, inclusiv | B11: 1 | C11: 8.1 | F11: x | G11: x
A12: filiale | B12: 10 | C12: 8.2 | F12: x | G12: x
A13: Unități în state (posturi) în total, inclusiv | B13: 101 | C13: 8.3 | K13: Aprobat la inceputul anului | L13: Aprobat la sfirsitul anului | M13: Numarul mediu prevazut pe an | N13: Numarul mediu realizat la 01.01.2020 | O13: Real incadrat la începutul anului | P13: Real incadratla sfîrsitul perioadei
A14: funcții didactice, inclusiv | B14: 102 | C14: 8.4 | J14: cond. | K14: =D15+D19+D22 -> 0 | L14: =E15+E19+E22 -> 0 | M14: =F15+F19+F22 -> 0 | N14: =G15+G19+G22 -> 0 | O14: =H15+H19+H22 -> 0 | P14: =I15+I19+I22 -> 0
A15: de conducere | B15: 126 | C15: 8.5 | J15: exec | K15: =D16+D20+D23 -> 0 | L15: =E16+E20+E23 -> 0 | M15: =F16+F20+F23 -> 0 | N15: =G16+G20+G23 -> 0 | O15: =H16+H20+H23 -> 0 | P15: =I16+I20+I23 -> 0
A16: de execuție din care | B16: 145 | C16: 8.6 | J16: muncitori | K16: =D24 -> 0 | L16: =E24 -> 0 | M16: =F24 -> 0 | N16: =G24 -> 0 | O16: =H24 -> 0 | P16: =I24 -> 0
A17: cadre didactice de sprijin | B17: 146 | C17: 8.7 | J17: Total | K17: =K14+K15+K16 -> 0 | L17: =L14+L15+L16 -> 0 | M17: =M14+M15+M16 -> 0 | N17: =N14+N15+N16 -> 0 | O17: =O14+O15+O16 -> 0 | P17: =P14+P15+P16 -> 0
A18: funcții de specialitate, inclusiv | B18: 103 | C18: 8.8 | J18: control | K18: =D13-K17 -> 0 | L18: =E13-L17 -> 0 | M18: =F13-M17 -> 0 | N18: =G13-N17 -> 0 | O18: =H13-O17 -> 0 | P18: =I13-P17 -> 0
A19: de conducere | B19: 126 | C19: 8.9
A20: de execuție | B20: 145 | C20: 8.10
A21: funcții complexe, inclusiv | B21: 104 | C21: 8.11
A22: de conducere | B22: 126 | C22: 8.12
A23: de execuție | B23: 145 | C23: 8.13
A24: muncitori | B24: 177 | C24: 8.14
A25: Personal angajat în total, inclusiv | B25: 100 | C25: 8.15 | D25: =D26+D30+D33 -> 0 | E25: =E26+E30+E33 -> 0 | F25: x | G25: =G26+G30+G33 -> 0 | H25: =H26+H30+H33 -> 0 | I25: =I26+I30+I33 -> 0 | K25: Aprobat la inceputul anului | L25: Aprobat la sfirsitul anului | M25: Numarul mediu prevazut pe an | N25: Numarul mediu realizat la 01.01.2020 | O25: Real incadrat la începutul anului | P25: Real incadratla sfîrsitul perioadei
A26: funcții didactice, inclusiv | B26: 105 | C26: 8.16 | F26: x | J26: cond. | K26: =D27+D31+D34 -> 0 | L26: =E27+E31+E34 -> 0 | M26: =F27+F31+F34 -> #VALUE! | N26: =G27+G31+G34 -> 0 | O26: =H27+H31+H34 -> 0 | P26: =I27+I31+I34 -> 0
A27: de conducere | B27: 120 | C27: 8.17 | F27: x | J27: exec | K27: =D28+D32+D35 -> 0 | L27: =E28+E32+E35 -> 0 | M27: =F28+F32+F35 -> #VALUE! | N27: =G28+G32+G35 -> 0 | O27: =H28+H32+H35 -> 0 | P27: =I28+I32+I35 -> 0
A28: de execuție, din care | B28: 140 | C28: 8.18 | F28: x | J28: muncitori | K28: =D36 -> 0 | L28: =E36 -> 0 | M28: =F36 -> x | N28: =G36 -> 0 | O28: =H36 -> 0 | P28: =I36 -> 0
A29: cadre didactice de sprijin | B29: 147 | C29: 8.19 | F29: x | J29: Total | K29: =K26+K27+K28 -> 0 | L29: =L26+L27+L28 -> 0 | M29: =M26+M27+M28 -> #VALUE! | N29: =N26+N27+N28 -> 0 | O29: =O26+O27+O28 -> 0 | P29: =P26+P27+P28 -> 0
A30: funcții de specialitate, inclusiv | B30: 106 | C30: 8.20 | F30: x | J30: control | K30: =K29-D25 -> 0 | L30: =L29-E25 -> 0 | M30: =M29-F25 -> #VALUE! | N30: =N29-G25 -> 0 | O30: =O29-H25 -> 0 | P30: =P29-I25 -> 0
A31: de conducere | B31: 120 | C31: 8.21 | F31: x
A32: de execuție | B32: 140 | C32: 8.22 | F32: x
A33: funcții complexe, inclusiv | B33: 107 | C33: 8.23 | F33: x
A34: de conducere | B34: 120 | C34: 8.24 | F34: x
A35: de execuție | B35: 140 | C35: 8.25 | F35: x
A36: muncitori | B36: 175 | C36: 8.26 | F36: x
A37: Numărul personalului didactic beneficiar de compensații anuale, inclusiv | B37: 108 | C37: 8.27 | D37: =D38+D39 -> 15 | E37: =E38+E39 -> 17 | F37: x | G37: x | H37: =H38+H39 -> 15 | I37: =I38+I39 -> 17
A38: cu funcție de conducere | B38: 120 | C38: 8.28 | D38: 2 | E38: 2 | F38: x | G38: x | H38: =D38 -> 2 | I38: 2
A39: cu funcție de execuție | B39: 140 | C39: 8.29 | D39: 13 | E39: 15 | F39: x | G39: x | H39: =D39 -> 13 | I39: 15
A40: Retibuirea muncii în total, inclusiv | B40: 500 | C40: 8.30 | D40: x | E40: x | F40: =F41+F45+F48 -> 0 | G40: =G41+G45+G48 -> 0 | H40: x | I40: x
A41: funcții didactice, inclusiv | B41: 501 | C41: 8.31 | D41: x | E41: x | H41: x | I41: x
A42: de conducere | B42: 510 | C42: 8.32 | D42: x | E42: x | H42: x | I42: x
A43: de execuție, din care | B43: 540 | C43: 8.33 | D43: x | E43: x | H43: x | I43: x
A44: cadre didactice de sprijin | B44: 148 | C44: 8.34 | D44: x | E44: x | H44: x | I44: x
A45: funcții de specialitate, inclusiv | B45: 502 | C45: 8.35 | D45: x | E45: x | H45: x | I45: x
A46: de conducere | B46: 510 | C46: 8.36 | D46: x | E46: x | H46: x | I46: x
A47: de execuție | B47: 540 | C47: 8.37 | D47: x | E47: x | H47: x | I47: x
A48: funcții complexe, inclusiv | B48: 503 | C48: 8.38 | D48: x | E48: x | H48: x | I48: x
A49: de conducere | B49: 510 | C49: 8.39 | D49: x | E49: x | H49: x | I49: x
A50: de execuție | B50: 540 | C50: 8.40 | D50: x | E50: x | H50: x | I50: x
A51: muncitori | B51: 555 | C51: 8.41 | D51: x | E51: x | H51: x | I51: x
A52: Clase în total, inclusiv: | B52: 1100 | C52: 8.42
A53: clasele 1-4 | B53: 1101 | C53: 8.43
A54: clasele 5-9 | B54: 1102 | C54: 8.44
A55: clasele 10-12 | B55: 1103 | C55: 8.45
A56: Clase cu profil sportiv, inclusiv: | B56: 1110 | C56: 8.46
A57: clasele 1-4 | B57: 1111 | C57: 8.47
A58: clasele 5-9 | B58: 1112 | C58: 8.48
A59: clasele 10-12 | B59: 1113 | C59: 8.49
A60: Elevi în total, inclusiv: | B60: 1120 | C60: 8.50
A61: clasele 1-4 | B61: 1121 | C61: 8.51
A62: clasele 5-9 | B62: 1122 | C62: 8.52
A63: clasele 10-12 | B63: 1123 | C63: 8.53
... A74: Elevi alimentați din clasele 9-12, din licee-internat cu profil sportiv | B74: 1047 | C74: 8.64
A75: Zile de alimentare a elevilor, în total | B75: 1050 | C75: 8.65 | D75: x | E75: x | H75: x | I75: x
A76: Zile de alimentare a elevilor din clasele 1-4, asigurați cu micul dejun | B76: 1051 | C76: 8.66 | D76: x | E76: x | H76: x | I76: x
A77: Zile de alimentare a elevilor din clasele 5-9(12),ce beneficiaza de alimentație | B77: 1052 | C77: 8.67 | D77: x | E77: x | H77: x | I77: x
A78: Zile de alimentare a elevilor, din grupe cu regim prelungit | B78: 1053 | C78: 8.68 | D78: x | E78: x | H78: x | I78: x
A79: Zile de alimentare a altor categorii de elevi alimentați | B79: 1055 | C79: 8.69 | D79: x | E79: x | H79: x | I79: x
A80: Zile de alimentare a elevilor din clasele 5-8, din licee-internat cu profil sportiv | B80: 1056 | C80: 8.70 | D80: x | E80: x | H80: x | I80: x
A81: Zile de alimentare a elevilor din clasele 9-12, din licee-internat cu profil sportiv | B81: 1057 | C81: 8.71 | D81: x | E81: x | H81: x | I81: x
A82: Cheltuieli pentru alimentarea elevilor, în total, inclusiv | B82: 1060 | C82: 8.72 | D82: x | E82: x | H82: x | I82: x
A83: Cheltuieli pentru alimentarea elevilor din clasele 1-4, asigurați cu micul dejun | B83: 1061 | C83: 8.73 | D83: x | E83: x | H83: x | I83: x
A84: Cheltuieli pentru alimentarea elevilor din clasele 5-9(12), ce beneficiază de alimentație | B84: 1062 | C84: 8.74 | E84: x | H84: x
A85: Cheltuieli pentru alimentarea elevilor, din grupele cu regim prelungit | B85: 1063 | C85: 8.75 | D85: x | E85: x | H85: x | I85: x
A86: Cheltuieli pentru alimentarea altor categorii de elevi alimentați | B86: 1065 | C86: 8.76 | D86: x | E86: x | H86: x | I86: x
A87: Cheltuieli pentru alimentarea elevilor din clasele 5-8, din licee-internat cu profil sportiv | B87: 1066 | C87: 8.77 | D87: x | E87: x | H87: x | I87: x
A88: Cheltuieli pentru alimentarea elevilor din clasele 9-12, din licee-internat cu profil sportiv | B88: 1067 | C88: 8.78 | D88: x | E88: x | H88: x | I88: x
A89: Cheltuieli pentru acordarea compensațiilor bănești anuale cadrelor didactice | B89: 504 | C89: 8.79 | D89: x | E89: x | F89: 68000 | G89: 68000 | H89: x | I89: x
F91: =F89/4000 -> 17 | G91: =G89/4000 -> 17

Sheet gim 7
H2: gim 7
A3: Aprobat prin ordinul Ministrului
A4: al Finanţelor al Republicii Moldova
A5: nr.___________al___________
A6: Retea, state si contingente ale instituriilor
A7: în perioada Tr.2 -2024 | J7: FD-048-BL
A8: Denumirea indicatorului | B8: codificatorul formularului | C8: Codul rindului | D8: Aprobat la inceputul anului | E8: Aprobat la sfirsitul anului | F8: Numarul mediu prevazut pe an | G8: Numarul mediu realizat la 30.09.2025 | H8: Real incadrat la începutul anului | I8: Real incadrat la sfîrsitul perioadei | J8: 09869 | K8: 0921 | L8: 8804 | M8: 00492 | N8: 0300
A9: 1 | B9: 2 | C9: 3 | D9: 4 | E9: 5 | F9: 6 | G9: 7 | H9: 8 | I9: 9
A10: RAPORT nr. 3-8 privind învățămîntul primar, gimnazial și liceal | C10: 8
A11: Instituții în total, inclusiv | B11: 1 | C11: 8.1 | F11: x | G11: x
A12: filiale | B12: 10 | C12: 8.2 | F12: x | G12: x
A13: Unități în state (posturi) în total, inclusiv | B13: 101 | C13: 8.3 | K13: Aprobat la inceputul anului | L13: Aprobat la sfirsitul anului | M13: Numarul mediu prevazut pe an | N13: Numarul mediu realizat la 01.01.2020 | O13: Real incadrat la începutul anului | P13: Real incadratla sfîrsitul perioadei
A14: funcții didactice, inclusiv | B14: 102 | C14: 8.4 | J14: cond. | K14: =D15+D19+D22 -> 0 | L14: =E15+E19+E22 -> 0 | M14: =F15+F19+F22 -> 0 | N14: =G15+G19+G22 -> 0 | O14: =H15+H19+H22 -> 0 | P14: =I15+I19+I22 -> 0
A15: de conducere | B15: 126 | C15: 8.5 | J15: exec | K15: =D16+D20+D23 -> 0 | L15: =E16+E20+E23 -> 0 | M15: =F16+F20+F23 -> 0 | N15: =G16+G20+G23 -> 0 | O15: =H16+H20+H23 -> 0 | P15: =I16+I20+I23 -> 0
A16: de execuție din care | B16: 145 | C16: 8.6 | J16: muncitori | K16: =D24 -> 0 | L16: =E24 -> 0 | M16: =F24 -> 0 | N16: =G24 -> 0 | O16: =H24 -> 0 | P16: =I24 -> 0
A17: cadre didactice de sprijin | B17: 146 | C17: 8.7 | J17: Total | K17: =K14+K15+K16 -> 0 | L17: =L14+L15+L16 -> 0 | M17: =M14+M15+M16 -> 0 | N17: =N14+N15+N16 -> 0 | O17: =O14+O15+O16 -> 0 | P17: =P14+P15+P16 -> 0
A18: funcții de specialitate, inclusiv | B18: 103 | C18: 8.8 | J18: control | K18: =D13-K17 -> 0 | L18: =E13-L17 -> 0 | M18: =F13-M17 -> 0 | N18: =G13-N17 -> 0 | O18: =H13-O17 -> 0 | P18: =I13-P17 -> 0
A19: de conducere | B19: 126 | C19: 8.9
A20: de execuție | B20: 145 | C20: 8.10
A21: funcții complexe, inclusiv | B21: 104 | C21: 8.11
A22: de conducere | B22: 126 | C22: 8.12
A23: de execuție | B23: 145 | C23: 8.13
A24: muncitori | B24: 177 | C24: 8.14
A25: Personal angajat în total, inclusiv | B25: 100 | C25: 8.15 | D25: =D26+D30+D33 -> 0 | E25: =E26+E30+E33 -> 0 | F25: x | G25: =G26+G30+G33 -> 0 | H25: =H26+H30+H33 -> 0 | I25: =I26+I30+I33 -> 0 | K25: Aprobat la inceputul anului | L25: Aprobat la sfirsitul anului | M25: Numarul mediu prevazut pe an | N25: Numarul mediu realizat la 01.01.2020 | O25: Real incadrat la începutul anului | P25: Real incadratla sfîrsitul perioadei
A26: funcții didactice, inclusiv | B26: 105 | C26: 8.16 | F26: x | J26: cond. | K26: =D27+D31+D34 -> 0 | L26: =E27+E31+E34 -> 0 | M26: =F27+F31+F34 -> #VALUE! | N26: =G27+G31+G34 -> 0 | O26: =H27+H31+H34 -> 0 | P26: =I27+I31+I34 -> 0
A27: de conducere | B27: 120 | C27: 8.17 | F27: x | J27: exec | K27: =D28+D32+D35 -> 0 | L27: =E28+E32+E35 -> 0 | M27: =F28+F32+F35 -> #VALUE! | N27: =G28+G32+G35 -> 0 | O27: =H28+H32+H35 -> 0 | P27: =I28+I32+I35 -> 0
A28: de execuție, din care | B28: 140 | C28: 8.18 | F28: x | J28: muncitori | K28: =D36 -> 0 | L28: =E36 -> 0 | M28: =F36 -> x | N28: =G36 -> 0 | O28: =H36 -> 0 | P28: =I36 -> 0
A29: cadre didactice de sprijin | B29: 147 | C29: 8.19 | F29: x | J29: Total | K29: =K26+K27+K28 -> 0 | L29: =L26+L27+L28 -> 0 | M29: =M26+M27+M28 -> #VALUE! | N29: =N26+N27+N28 -> 0 | O29: =O26+O27+O28 -> 0 | P29: =P26+P27+P28 -> 0
A30: funcții de specialitate, inclusiv | B30: 106 | C30: 8.20 | F30: x | J30: control | K30: =K29-D25 -> 0 | L30: =L29-E25 -> 0 | M30: =M29-F25 -> #VALUE! | N30: =N29-G25 -> 0 | O30: =O29-H25 -> 0 | P30: =P29-I25 -> 0
A31: de conducere | B31: 120 | C31: 8.21 | F31: x
A32: de execuție | B32: 140 | C32: 8.22 | F32: x
A33: funcții complexe, inclusiv | B33: 107 | C33: 8.23 | F33: x
A34: de conducere | B34: 120 | C34: 8.24 | F34: x
A35: de execuție | B35: 140 | C35: 8.25 | F35: x
A36: muncitori | B36: 175 | C36: 8.26 | F36: x
A37: Numărul personalului didactic beneficiar de compensații anuale, inclusiv | B37: 108 | C37: 8.27 | D37: =D38+D39 -> 15 | E37: =E38+E39 -> 15 | F37: x | G37: x | H37: =H38+H39 -> 15 | I37: =I38+I39 -> 15
A38: cu funcție de conducere | B38: 120 | C38: 8.28 | D38: 2 | E38: 2 | F38: x | G38: x | H38: =D38 -> 2 | I38: 2
A39: cu funcție de execuție | B39: 140 | C39: 8.29 | D39: 13 | E39: 13 | F39: x | G39: x | H39: =D39 -> 13 | I39: 13
A40: Retibuirea muncii în total, inclusiv | B40: 500 | C40: 8.30 | D40: x | E40: x | F40: =F41+F45+F48 -> 0 | G40: =G41+G45+G48 -> 0 | H40: x | I40: x
A41: funcții didactice, inclusiv | B41: 501 | C41: 8.31 | D41: x | E41: x | H41: x | I41: x
A42: de conducere | B42: 510 | C42: 8.32 | D42: x | E42: x | H42: x | I42: x
A43: de execuție, din care | B43: 540 | C43: 8.33 | D43: x | E43: x | H43: x | I43: x
A44: cadre didactice de sprijin | B44: 148 | C44: 8.34 | D44: x | E44: x | H44: x | I44: x
A45: funcții de specialitate, inclusiv | B45: 502 | C45: 8.35 | D45: x | E45: x | H45: x | I45: x
A46: de conducere | B46: 510 | C46: 8.36 | D46: x | E46: x | H46: x | I46: x
A47: de execuție | B47: 540 | C47: 8.37 | D47: x | E47: x | H47: x | I47: x
A48: funcții complexe, inclusiv | B48: 503 | C48: 8.38 | D48: x | E48: x | H48: x | I48: x
A49: de conducere | B49: 510 | C49: 8.39 | D49: x | E49: x | H49: x | I49: x
A50: de execuție | B50: 540 | C50: 8.40 | D50: x | E50: x | H50: x | I50: x
A51: muncitori | B51: 555 | C51: 8.41 | D51: x | E51: x | H51: x | I51: x
A52: Clase în total, inclusiv: | B52: 1100 | C52: 8.42
A53: clasele 1-4 | B53: 1101 | C53: 8.43
A54: clasele 5-9 | B54: 1102 | C54: 8.44
A55: clasele 10-12 | B55: 1103 | C55: 8.45
A56: Clase cu profil sportiv, inclusiv: | B56: 1110 | C56: 8.46
A57: clasele 1-4 | B57: 1111 | C57: 8.47
A58: clasele 5-9 | B58: 1112 | C58: 8.48
A59: clasele 10-12 | B59: 1113 | C59: 8.49
A60: Elevi în total, inclusiv: | B60: 1120 | C60: 8.50
A61: clasele 1-4 | B61: 1121 | C61: 8.51
A62: clasele 5-9 | B62: 1122 | C62: 8.52
A63: clasele 10-12 | B63: 1123 | C63: 8.53
... A74: Elevi alimentați din clasele 9-12, din licee-internat cu profil sportiv | B74: 1047 | C74: 8.64
A75: Zile de alimentare a elevilor, în total | B75: 1050 | C75: 8.65 | D75: x | E75: x | H75: x | I75: x
A76: Zile de alimentare a elevilor din clasele 1-4, asigurați cu micul dejun | B76: 1051 | C76: 8.66 | D76: x | E76: x | H76: x | I76: x
A77: Zile de alimentare a elevilor din clasele 5-9(12),ce beneficiaza de alimentație | B77: 1052 | C77: 8.67 | D77: x | E77: x | H77: x | I77: x
A78: Zile de alimentare a elevilor, din grupe cu regim prelungit | B78: 1053 | C78: 8.68 | D78: x | E78: x | H78: x | I78: x
A79: Zile de alimentare a altor categorii de elevi alimentați | B79: 1055 | C79: 8.69 | D79: x | E79: x | H79: x | I79: x
A80: Zile de alimentare a elevilor din clasele 5-8, din licee-internat cu profil sportiv | B80: 1056 | C80: 8.70 | D80: x | E80: x | H80: x | I80: x
A81: Zile de alimentare a elevilor din clasele 9-12, din licee-internat cu profil sportiv | B81: 1057 | C81: 8.71 | D81: x | E81: x | H81: x | I81: x
A82: Cheltuieli pentru alimentarea elevilor, în total, inclusiv | B82: 1060 | C82: 8.72 | D82: x | E82: x | H82: x | I82: x
A83: Cheltuieli pentru alimentarea elevilor din clasele 1-4, asigurați cu micul dejun | B83: 1061 | C83: 8.73 | D83: x | E83: x | H83: x | I83: x
A84: Cheltuieli pentru alimentarea elevilor din clasele 5-9(12), ce beneficiază de alimentație | B84: 1062 | C84: 8.74 | E84: x | H84: x
A85: Cheltuieli pentru alimentarea elevilor, din grupele cu regim prelungit | B85: 1063 | C85: 8.75 | D85: x | E85: x | H85: x | I85: x
A86: Cheltuieli pentru alimentarea altor categorii de elevi alimentați | B86: 1065 | C86: 8.76 | D86: x | E86: x | H86: x | I86: x
A87: Cheltuieli pentru alimentarea elevilor din clasele 5-8, din licee-internat cu profil sportiv | B87: 1066 | C87: 8.77 | D87: x | E87: x | H87: x | I87: x
A88: Cheltuieli pentru alimentarea elevilor din clasele 9-12, din licee-internat cu profil sportiv | B88: 1067 | C88: 8.78 | D88: x | E88: x | H88: x | I88: x
A89: Cheltuieli pentru acordarea compensațiilor bănești anuale cadrelor didactice | B89: 504 | C89: 8.79 | D89: x | E89: x | F89: 60000 | G89: 60000 | H89: x | I89: x
F91: =F89/4000 -> 15 | G91: =G89/4000 -> 15

Sheet gim 9
H2: gim 9
A3: Aprobat prin ordinul Ministrului
A4: al Finanţelor al Republicii Moldova
A5: nr.___________al___________
A6: Retea, state si contingente ale instituriilor
A7: în perioada Tr.2 -2024 | J7: FD-048-BL
A8: Denumirea indicatorului | B8: codificatorul formularului | C8: Codul rindului | D8: Aprobat la inceputul anului | E8: Aprobat la sfirsitul anului | F8: Numarul mediu prevazut pe an | G8: Numarul mediu realizat la 30.09.2025 | H8: Real incadrat la începutul anului | I8: Real incadrat la sfîrsitul perioadei | J8: 09871 | K8: 0921 | L8: 8804 | M8: 00492 | N8: 0300
A9: 1 | B9: 2 | C9: 3 | D9: 4 | E9: 5 | F9: 6 | G9: 7 | H9: 8 | I9: 9
A10: RAPORT nr. 3-8 privind învățămîntul primar, gimnazial și liceal | C10: 8
A11: Instituții în total, inclusiv | B11: 1 | C11: 8.1 | F11: x | G11: x
A12: filiale | B12: 10 | C12: 8.2 | F12: x | G12: x
A13: Unități în state (posturi) în total, inclusiv | B13: 101 | C13: 8.3 | K13: Aprobat la inceputul anului | L13: Aprobat la sfirsitul anului | M13: Numarul mediu prevazut pe an | N13: Numarul mediu realizat la 01.01.2020 | O13: Real incadrat la începutul anului | P13: Real incadratla sfîrsitul perioadei
A14: funcții didactice, inclusiv | B14: 102 | C14: 8.4 | J14: cond. | K14: =D15+D19+D22 -> 0 | L14: =E15+E19+E22 -> 0 | M14: =F15+F19+F22 -> 0 | N14: =G15+G19+G22 -> 0 | O14: =H15+H19+H22 -> 0 | P14: =I15+I19+I22 -> 0
A15: de conducere | B15: 126 | C15: 8.5 | J15: exec | K15: =D16+D20+D23 -> 0 | L15: =E16+E20+E23 -> 0 | M15: =F16+F20+F23 -> 0 | N15: =G16+G20+G23 -> 0 | O15: =H16+H20+H23 -> 0 | P15: =I16+I20+I23 -> 0
A16: de execuție din care | B16: 145 | C16: 8.6 | J16: muncitori | K16: =D24 -> 0 | L16: =E24 -> 0 | M16: =F24 -> 0 | N16: =G24 -> 0 | O16: =H24 -> 0 | P16: =I24 -> 0
A17: cadre didactice de sprijin | B17: 146 | C17: 8.7 | J17: Total | K17: =K14+K15+K16 -> 0 | L17: =L14+L15+L16 -> 0 | M17: =M14+M15+M16 -> 0 | N17: =N14+N15+N16 -> 0 | O17: =O14+O15+O16 -> 0 | P17: =P14+P15+P16 -> 0
A18: funcții de specialitate, inclusiv | B18: 103 | C18: 8.8 | J18: control | K18: =D13-K17 -> 0 | L18: =E13-L17 -> 0 | M18: =F13-M17 -> 0 | N18: =G13-N17 -> 0 | O18: =H13-O17 -> 0 | P18: =I13-P17 -> 0
A19: de conducere | B19: 126 | C19: 8.9
A20: de execuție | B20: 145 | C20: 8.10
A21: funcții complexe, inclusiv | B21: 104 | C21: 8.11
A22: de conducere | B22: 126 | C22: 8.12
A23: de execuție | B23: 145 | C23: 8.13
A24: muncitori | B24: 177 | C24: 8.14
A25: Personal angajat în total, inclusiv | B25: 100 | C25: 8.15 | D25: =D26+D30+D33 -> 0 | E25: =E26+E30+E33 -> 0 | F25: x | G25: =G26+G30+G33 -> 0 | H25: =H26+H30+H33 -> 0 | I25: =I26+I30+I33 -> 0 | K25: Aprobat la inceputul anului | L25: Aprobat la sfirsitul anului | M25: Numarul mediu prevazut pe an | N25: Numarul mediu realizat la 01.01.2020 | O25: Real incadrat la începutul anului | P25: Real incadratla sfîrsitul perioadei
A26: funcții didactice, inclusiv | B26: 105 | C26: 8.16 | F26: x | J26: cond. | K26: =D27+D31+D34 -> 0 | L26: =E27+E31+E34 -> 0 | M26: =F27+F31+F34 -> #VALUE! | N26: =G27+G31+G34 -> 0 | O26: =H27+H31+H34 -> 0 | P26: =I27+I31+I34 -> 0
A27: de conducere | B27: 120 | C27: 8.17 | F27: x | J27: exec | K27: =D28+D32+D35 -> 0 | L27: =E28+E32+E35 -> 0 | M27: =F28+F32+F35 -> #VALUE! | N27: =G28+G32+G35 -> 0 | O27: =H28+H32+H35 -> 0 | P27: =I28+I32+I35 -> 0
A28: de execuție, din care | B28: 140 | C28: 8.18 | F28: x | J28: muncitori | K28: =D36 -> 0 | L28: =E36 -> 0 | M28: =F36 -> x | N28: =G36 -> 0 | O28: =H36 -> 0 | P28: =I36 -> 0
A29: cadre didactice de sprijin | B29: 147 | C29: 8.19 | F29: x | J29: Total | K29: =K26+K27+K28 -> 0 | L29: =L26+L27+L28 -> 0 | M29: =M26+M27+M28 -> #VALUE! | N29: =N26+N27+N28 -> 0 | O29: =O26+O27+O28 -> 0 | P29: =P26+P27+P28 -> 0
A30: funcții de specialitate, inclusiv | B30: 106 | C30: 8.20 | F30: x | J30: control | K30: =K29-D25 -> 0 | L30: =L29-E25 -> 0 | M30: =M29-F25 -> #VALUE! | N30: =N29-G25 -> 0 | O30: =O29-H25 -> 0 | P30: =P29-I25 -> 0
A31: de conducere | B31: 120 | C31: 8.21 | F31: x
A32: de execuție | B32: 140 | C32: 8.22 | F32: x
A33: funcții complexe, inclusiv | B33: 107 | C33: 8.23 | F33: x
A34: de conducere | B34: 120 | C34: 8.24 | F34: x
A35: de execuție | B35: 140 | C35: 8.25 | F35: x
A36: muncitori | B36: 175 | C36: 8.26 | F36: x
A37: Numărul personalului didactic beneficiar de compensații anuale, inclusiv | B37: 108 | C37: 8.27 | D37: =D38+D39 -> 16 | E37: =E38+E39 -> 17 | F37: x | G37: x | H37: =H38+H39 -> 16 | I37: =I38+I39 -> 17
A38: cu funcție de conducere | B38: 120 | C38: 8.28 | D38: 3 | E38: 3 | F38: x | G38: x | H38: =D38 -> 3 | I38: 3
A39: cu funcție de execuție | B39: 140 | C39: 8.29 | D39: 13 | E39: 14 | F39: x | G39: x | H39: =D39 -> 13 | I39: 14
A40: Retibuirea muncii în total, inclusiv | B40: 500 | C40: 8.30 | D40: x | E40: x | F40: =F41+F45+F48 -> 0 | G40: =G41+G45+G48 -> 0 | H40: x | I40: x
A41: funcții didactice, inclusiv | B41: 501 | C41: 8.31 | D41: x | E41: x | H41: x | I41: x
A42: de conducere | B42: 510 | C42: 8.32 | D42: x | E42: x | H42: x | I42: x
A43: de execuție, din care | B43: 540 | C43: 8.33 | D43: x | E43: x | H43: x | I43: x
A44: cadre didactice de sprijin | B44: 148 | C44: 8.34 | D44: x | E44: x | H44: x | I44: x
A45: funcții de specialitate, inclusiv | B45: 502 | C45: 8.35 | D45: x | E45: x | H45: x | I45: x
A46: de conducere | B46: 510 | C46: 8.36 | D46: x | E46: x | H46: x | I46: x
A47: de execuție | B47: 540 | C47: 8.37 | D47: x | E47: x | H47: x | I47: x
A48: funcții complexe, inclusiv | B48: 503 | C48: 8.38 | D48: x | E48: x | H48: x | I48: x
A49: de conducere | B49: 510 | C49: 8.39 | D49: x | E49: x | H49: x | I49: x
A50: de execuție | B50: 540 | C50: 8.40 | D50: x | E50: x | H50: x | I50: x
A51: muncitori | B51: 555 | C51: 8.41 | D51: x | E51: x | H51: x | I51: x
A52: Clase în total, inclusiv: | B52: 1100 | C52: 8.42
A53: clasele 1-4 | B53: 1101 | C53: 8.43
A54: clasele 5-9 | B54: 1102 | C54: 8.44
A55: clasele 10-12 | B55: 1103 | C55: 8.45
A56: Clase cu profil sportiv, inclusiv: | B56: 1110 | C56: 8.46
A57: clasele 1-4 | B57: 1111 | C57: 8.47
A58: clasele 5-9 | B58: 1112 | C58: 8.48
A59: clasele 10-12 | B59: 1113 | C59: 8.49
A60: Elevi în total, inclusiv: | B60: 1120 | C60: 8.50
A61: clasele 1-4 | B61: 1121 | C61: 8.51
A62: clasele 5-9 | B62: 1122 | C62: 8.52
A63: clasele 10-12 | B63: 1123 | C63: 8.53
... A74: Elevi alimentați din clasele 9-12, din licee-internat cu profil sportiv | B74: 1047 | C74: 8.64
A75: Zile de alimentare a elevilor, în total | B75: 1050 | C75: 8.65 | D75: x | E75: x | H75: x | I75: x
A76: Zile de alimentare a elevilor din clasele 1-4, asigurați cu micul dejun | B76: 1051 | C76: 8.66 | D76: x | E76: x | H76: x | I76: x
A77: Zile de alimentare a elevilor din clasele 5-9(12),ce beneficiaza de alimentație | B77: 1052 | C77: 8.67 | D77: x | E77: x | H77: x | I77: x
A78: Zile de alimentare a elevilor, din grupe cu regim prelungit | B78: 1053 | C78: 8.68 | D78: x | E78: x | H78: x | I78: x
A79: Zile de alimentare a altor categorii de elevi alimentați | B79: 1055 | C79: 8.69 | D79: x | E79: x | H79: x | I79: x
A80: Zile de alimentare a elevilor din clasele 5-8, din licee-internat cu profil sportiv | B80: 1056 | C80: 8.70 | D80: x | E80: x | H80: x | I80: x
A81: Zile de alimentare a elevilor din clasele 9-12, din licee-internat cu profil sportiv | B81: 1057 | C81: 8.71 | D81: x | E81: x | H81: x | I81: x
A82: Cheltuieli pentru alimentarea elevilor, în total, inclusiv | B82: 1060 | C82: 8.72 | D82: x | E82: x | H82: x | I82: x
A83: Cheltuieli pentru alimentarea elevilor din clasele 1-4, asigurați cu micul dejun | B83: 1061 | C83: 8.73 | D83: x | E83: x | H83: x | I83: x
A84: Cheltuieli pentru alimentarea elevilor din clasele 5-9(12), ce beneficiază de alimentație | B84: 1062 | C84: 8.74 | E84: x | H84: x
A85: Cheltuieli pentru alimentarea elevilor, din grupele cu regim prelungit | B85: 1063 | C85: 8.75 | D85: x | E85: x | H85: x | I85: x
A86: Cheltuieli pentru alimentarea altor categorii de elevi alimentați | B86: 1065 | C86: 8.76 | D86: x | E86: x | H86: x | I86: x
A87: Cheltuieli pentru alimentarea elevilor din clasele 5-8, din licee-internat cu profil sportiv | B87: 1066 | C87: 8.77 | D87: x | E87: x | H87: x | I87: x
A88: Cheltuieli pentru alimentarea elevilor din clasele 9-12, din licee-internat cu profil sportiv | B88: 1067 | C88: 8.78 | D88: x | E88: x | H88: x | I88: x
A89: Cheltuieli pentru acordarea compensațiilor bănești anuale cadrelor didactice | B89: 504 | C89: 8.79 | D89: x | E89: x | F89: 68000 | G89: 68000 | H89: x | I89: x
F91: =F89/4000 -> 17 | G91: =G89/4000 -> 17

Sheet gim 14
H2: gim 14
A3: Aprobat prin ordinul Ministrului
A4: al Finanţelor al Republicii Moldova
A5: nr.___________al___________
A6: Retea, state si contingente ale instituriilor
A7: în perioada Tr.2 -2024 | J7: FD-048-BL
A8: Denumirea indicatorului | B8: codificatorul formularului | C8: Codul rindului | D8: Aprobat la inceputul anului | E8: Aprobat la sfirsitul anului | F8: Numarul mediu prevazut pe an | G8: Numarul mediu realizat la 30.09.2025 | H8: Real incadrat la începutul anului | I8: Real incadrat la sfîrsitul perioadei | J8: 09875 | K8: 0921 | L8: 8804 | M8: 00492 | N8: 0300
A9: 1 | B9: 2 | C9: 3 | D9: 4 | E9: 5 | F9: 6 | G9: 7 | H9: 8 | I9: 9
A10: RAPORT nr. 3-8 privind învățămîntul primar, gimnazial și liceal | C10: 8
A11: Instituții în total, inclusiv | B11: 1 | C11: 8.1 | F11: x | G11: x
A12: filiale | B12: 10 | C12: 8.2 | F12: x | G12: x
A13: Unități în state (posturi) în total, inclusiv | B13: 101 | C13: 8.3 | K13: Aprobat la inceputul anului | L13: Aprobat la sfirsitul anului | M13: Numarul mediu prevazut pe an | N13: Numarul mediu realizat la 01.01.2020 | O13: Real incadrat la începutul anului | P13: Real incadratla sfîrsitul perioadei
A14: funcții didactice, inclusiv | B14: 102 | C14: 8.4 | J14: cond. | K14: =D15+D19+D22 -> 0 | L14: =E15+E19+E22 -> 0 | M14: =F15+F19+F22 -> 0 | N14: =G15+G19+G22 -> 0 | O14: =H15+H19+H22 -> 0 | P14: =I15+I19+I22 -> 0
A15: de conducere | B15: 126 | C15: 8.5 | J15: exec | K15: =D16+D20+D23 -> 0 | L15: =E16+E20+E23 -> 0 | M15: =F16+F20+F23 -> 0 | N15: =G16+G20+G23 -> 0 | O15: =H16+H20+H23 -> 0 | P15: =I16+I20+I23 -> 0
A16: de execuție din care | B16: 145 | C16: 8.6 | J16: muncitori | K16: =D24 -> 0 | L16: =E24 -> 0 | M16: =F24 -> 0 | N16: =G24 -> 0 | O16: =H24 -> 0 | P16: =I24 -> 0
A17: cadre didactice de sprijin | B17: 146 | C17: 8.7 | J17: Total | K17: =K14+K15+K16 -> 0 | L17: =L14+L15+L16 -> 0 | M17: =M14+M15+M16 -> 0 | N17: =N14+N15+N16 -> 0 | O17: =O14+O15+O16 -> 0 | P17: =P14+P15+P16 -> 0
A18: funcții de specialitate, inclusiv | B18: 103 | C18: 8.8 | J18: control | K18: =D13-K17 -> 0 | L18: =E13-L17 -> 0 | M18: =F13-M17 -> 0 | N18: =G13-N17 -> 0 | O18: =H13-O17 -> 0 | P18: =I13-P17 -> 0
A19: de conducere | B19: 126 | C19: 8.9
A20: de execuție | B20: 145 | C20: 8.10
A21: funcții complexe, inclusiv | B21: 104 | C21: 8.11
A22: de conducere | B22: 126 | C22: 8.12
A23: de execuție | B23: 145 | C23: 8.13
A24: muncitori | B24: 177 | C24: 8.14
A25: Personal angajat în total, inclusiv | B25: 100 | C25: 8.15 | D25: =D26+D30+D33 -> 0 | E25: =E26+E30+E33 -> 0 | F25: x | G25: =G26+G30+G33 -> 0 | H25: =H26+H30+H33 -> 0 | I25: =I26+I30+I33 -> 0 | K25: Aprobat la inceputul anului | L25: Aprobat la sfirsitul anului | M25: Numarul mediu prevazut pe an | N25: Numarul mediu realizat la 01.01.2020 | O25: Real incadrat la începutul anului | P25: Real incadratla sfîrsitul perioadei
A26: funcții didactice, inclusiv | B26: 105 | C26: 8.16 | F26: x | J26: cond. | K26: =D27+D31+D34 -> 0 | L26: =E27+E31+E34 -> 0 | M26: =F27+F31+F34 -> #VALUE! | N26: =G27+G31+G34 -> 0 | O26: =H27+H31+H34 -> 0 | P26: =I27+I31+I34 -> 0
A27: de conducere | B27: 120 | C27: 8.17 | F27: x | J27: exec | K27: =D28+D32+D35 -> 0 | L27: =E28+E32+E35 -> 0 | M27: =F28+F32+F35 -> #VALUE! | N27: =G28+G32+G35 -> 0 | O27: =H28+H32+H35 -> 0 | P27: =I28+I32+I35 -> 0
A28: de execuție, din care | B28: 140 | C28: 8.18 | F28: x | J28: muncitori | K28: =D36 -> 0 | L28: =E36 -> 0 | M28: =F36 -> x | N28: =G36 -> 0 | O28: =H36 -> 0 | P28: =I36 -> 0
A29: cadre didactice de sprijin | B29: 147 | C29: 8.19 | F29: x | J29: Total | K29: =K26+K27+K28 -> 0 | L29: =L26+L27+L28 -> 0 | M29: =M26+M27+M28 -> #VALUE! | N29: =N26+N27+N28 -> 0 | O29: =O26+O27+O28 -> 0 | P29: =P26+P27+P28 -> 0
A30: funcții de specialitate, inclusiv | B30: 106 | C30: 8.20 | F30: x | J30: control | K30: =K29-D25 -> 0 | L30: =L29-E25 -> 0 | M30: =M29-F25 -> #VALUE! | N30: =N29-G25 -> 0 | O30: =O29-H25 -> 0 | P30: =P29-I25 -> 0
A31: de conducere | B31: 120 | C31: 8.21 | F31: x
A32: de execuție | B32: 140 | C32: 8.22 | F32: x
A33: funcții complexe, inclusiv | B33: 107 | C33: 8.23 | F33: x
A34: de conducere | B34: 120 | C34: 8.24 | F34: x
A35: de execuție | B35: 140 | C35: 8.25 | F35: x
A36: muncitori | B36: 175 | C36: 8.26 | F36: x
A37: Numărul personalului didactic beneficiar de compensații anuale, inclusiv | B37: 108 | C37: 8.27 | D37: =D38+D39 -> 20 | E37: =E38+E39 -> 21 | F37: x | G37: x | H37: =H38+H39 -> 20 | I37: =I38+I39 -> 21
A38: cu funcție de conducere | B38: 120 | C38: 8.28 | D38: 2 | E38: 2 | F38: x | G38: x | H38: =D38 -> 2 | I38: 2
A39: cu funcție de execuție | B39: 140 | C39: 8.29 | D39: 18 | E39: 19 | F39: x | G39: x | H39: =D39 -> 18 | I39: 19
A40: Retibuirea muncii în total, inclusiv | B40: 500 | C40: 8.30 | D40: x | E40: x | F40: =F41+F45+F48 -> 0 | G40: =G41+G45+G48 -> 0 | H40: x | I40: x
A41: funcții didactice, inclusiv | B41: 501 | C41: 8.31 | D41: x | E41: x | H41: x | I41: x
A42: de conducere | B42: 510 | C42: 8.32 | D42: x | E42: x | H42: x | I42: x
A43: de execuție, din care | B43: 540 | C43: 8.33 | D43: x | E43: x | H43: x | I43: x
A44: cadre didactice de sprijin | B44: 148 | C44: 8.34 | D44: x | E44: x | H44: x | I44: x
A45: funcții de specialitate, inclusiv | B45: 502 | C45: 8.35 | D45: x | E45: x | H45: x | I45: x
A46: de conducere | B46: 510 | C46: 8.36 | D46: x | E46: x | H46: x | I46: x
A47: de execuție | B47: 540 | C47: 8.37 | D47: x | E47: x | H47: x | I47: x
A48: funcții complexe, inclusiv | B48: 503 | C48: 8.38 | D48: x | E48: x | H48: x | I48: x
A49: de conducere | B49: 510 | C49: 8.39 | D49: x | E49: x | H49: x | I49: x
A50: de execuție | B50: 540 | C50: 8.40 | D50: x | E50: x | H50: x | I50: x
A51: muncitori | B51: 555 | C51: 8.41 | D51: x | E51: x | H51: x | I51: x
A52: Clase în total, inclusiv: | B52: 1100 | C52: 8.42
A53: clasele 1-4 | B53: 1101 | C53: 8.43
A54: clasele 5-9 | B54: 1102 | C54: 8.44
A55: clasele 10-12 | B55: 1103 | C55: 8.45
A56: Clase cu profil sportiv, inclusiv: | B56: 1110 | C56: 8.46
A57: clasele 1-4 | B57: 1111 | C57: 8.47
A58: clasele 5-9 | B58: 1112 | C58: 8.48
A59: clasele 10-12 | B59: 1113 | C59: 8.49
A60: Elevi în total, inclusiv: | B60: 1120 | C60: 8.50
A61: clasele 1-4 | B61: 1121 | C61: 8.51
A62: clasele 5-9 | B62: 1122 | C62: 8.52
A63: clasele 10-12 | B63: 1123 | C63: 8.53
... A74: Elevi alimentați din clasele 9-12, din licee-internat cu profil sportiv | B74: 1047 | C74: 8.64
A75: Zile de alimentare a elevilor, în total | B75: 1050 | C75: 8.65 | D75: x | E75: x | H75: x | I75: x
A76: Zile de alimentare a elevilor din clasele 1-4, asigurați cu micul dejun | B76: 1051 | C76: 8.66 | D76: x | E76: x | H76: x | I76: x
A77: Zile de alimentare a elevilor din clasele 5-9(12),ce beneficiaza de alimentație | B77: 1052 | C77: 8.67 | D77: x | E77: x | H77: x | I77: x
A78: Zile de alimentare a elevilor, din grupe cu regim prelungit | B78: 1053 | C78: 8.68 | D78: x | E78: x | H78: x | I78: x
A79: Zile de alimentare a altor categorii de elevi alimentați | B79: 1055 | C79: 8.69 | D79: x | E79: x | H79: x | I79: x
A80: Zile de alimentare a elevilor din clasele 5-8, din licee-internat cu profil sportiv | B80: 1056 | C80: 8.70 | D80: x | E80: x | H80: x | I80: x
A81: Zile de alimentare a elevilor din clasele 9-12, din licee-internat cu profil sportiv | B81: 1057 | C81: 8.71 | D81: x | E81: x | H81: x | I81: x
A82: Cheltuieli pentru alimentarea elevilor, în total, inclusiv | B82: 1060 | C82: 8.72 | D82: x | E82: x | H82: x | I82: x
A83: Cheltuieli pentru alimentarea elevilor din clasele 1-4, asigurați cu micul dejun | B83: 1061 | C83: 8.73 | D83: x | E83: x | H83: x | I83: x
A84: Cheltuieli pentru alimentarea elevilor din clasele 5-9(12), ce beneficiază de alimentație | B84: 1062 | C84: 8.74 | E84: x | H84: x
A85: Cheltuieli pentru alimentarea elevilor, din grupele cu regim prelungit | B85: 1063 | C85: 8.75 | D85: x | E85: x | H85: x | I85: x
A86: Cheltuieli pentru alimentarea altor categorii de elevi alimentați | B86: 1065 | C86: 8.76 | D86: x | E86: x | H86: x | I86: x
A87: Cheltuieli pentru alimentarea elevilor din clasele 5-8, din licee-internat cu profil sportiv | B87: 1066 | C87: 8.77 | D87: x | E87: x | H87: x | I87: x
A88: Cheltuieli pentru alimentarea elevilor din clasele 9-12, din licee-internat cu profil sportiv | B88: 1067 | C88: 8.78 | D88: x | E88: x | H88: x | I88: x
A89: Cheltuieli pentru acordarea compensațiilor bănești anuale cadrelor didactice | B89: 504 | C89: 8.79 | D89: x | E89: x | F89: 84000 | G89: 84000 | H89: x | I89: x
F91: =F89/4000 -> 21 | G91: =G89/4000 -> 21

Sheet gim 19
H2: gim 19
A3: Aprobat prin ordinul Ministrului
A4: al Finanţelor al Republicii Moldova
A5: nr.___________al___________
A6: Retea, state si contingente ale instituriilor
A7: în perioada Tr.2 -2024 | J7: FD-048-BL
A8: Denumirea indicatorului | B8: codificatorul formularului | C8: Codul rindului | D8: Aprobat la inceputul anului | E8: Aprobat la sfirsitul anului | F8: Numarul mediu prevazut pe an | G8: Numarul mediu realizat la 30.09.2025 | H8: Real incadrat la începutul anului | I8: Real incadrat la sfîrsitul perioadei | J8: 14274 | K8: 0921 | L8: 8804 | M8: 00492 | N8: 0300
A9: 1 | B9: 2 | C9: 3 | D9: 4 | E9: 5 | F9: 6 | G9: 7 | H9: 8 | I9: 9
A10: RAPORT nr. 3-8 privind învățămîntul primar, gimnazial și liceal | C10: 8
A11: Instituții în total, inclusiv | B11: 1 | C11: 8.1 | F11: x | G11: x
A12: filiale | B12: 10 | C12: 8.2 | F12: x | G12: x
A13: Unități în state (posturi) în total, inclusiv | B13: 101 | C13: 8.3 | K13: Aprobat la inceputul anului | L13: Aprobat la sfirsitul anului | M13: Numarul mediu prevazut pe an | N13: Numarul mediu realizat la 01.01.2020 | O13: Real incadrat la începutul anului | P13: Real incadratla sfîrsitul perioadei
A14: funcții didactice, inclusiv | B14: 102 | C14: 8.4 | J14: cond. | K14: =D15+D19+D22 -> 0 | L14: =E15+E19+E22 -> 0 | M14: =F15+F19+F22 -> 0 | N14: =G15+G19+G22 -> 0 | O14: =H15+H19+H22 -> 0 | P14: =I15+I19+I22 -> 0
A15: de conducere | B15: 126 | C15: 8.5 | J15: exec | K15: =D16+D20+D23 -> 0 | L15: =E16+E20+E23 -> 0 | M15: =F16+F20+F23 -> 0 | N15: =G16+G20+G23 -> 0 | O15: =H16+H20+H23 -> 0 | P15: =I16+I20+I23 -> 0
A16: de execuție din care | B16: 145 | C16: 8.6 | J16: muncitori | K16: =D24 -> 0 | L16: =E24 -> 0 | M16: =F24 -> 0 | N16: =G24 -> 0 | O16: =H24 -> 0 | P16: =I24 -> 0
A17: cadre didactice de sprijin | B17: 146 | C17: 8.7 | J17: Total | K17: =K14+K15+K16 -> 0 | L17: =L14+L15+L16 -> 0 | M17: =M14+M15+M16 -> 0 | N17: =N14+N15+N16 -> 0 | O17: =O14+O15+O16 -> 0 | P17: =P14+P15+P16 -> 0
A18: funcții de specialitate, inclusiv | B18: 103 | C18: 8.8 | J18: control | K18: =D13-K17 -> 0 | L18: =E13-L17 -> 0 | M18: =F13-M17 -> 0 | N18: =G13-N17 -> 0 | O18: =H13-O17 -> 0 | P18: =I13-P17 -> 0
A19: de conducere | B19: 126 | C19: 8.9
A20: de execuție | B20: 145 | C20: 8.10
A21: funcții complexe, inclusiv | B21: 104 | C21: 8.11
A22: de conducere | B22: 126 | C22: 8.12
A23: de execuție | B23: 145 | C23: 8.13
A24: muncitori | B24: 177 | C24: 8.14
A25: Personal angajat în total, inclusiv | B25: 100 | C25: 8.15 | D25: =D26+D30+D33 -> 0 | E25: =E26+E30+E33 -> 0 | F25: x | G25: =G26+G30+G33 -> 0 | H25: =H26+H30+H33 -> 0 | I25: =I26+I30+I33 -> 0 | K25: Aprobat la inceputul anului | L25: Aprobat la sfirsitul anului | M25: Numarul mediu prevazut pe an | N25: Numarul mediu realizat la 01.01.2020 | O25: Real incadrat la începutul anului | P25: Real incadratla sfîrsitul perioadei
A26: funcții didactice, inclusiv | B26: 105 | C26: 8.16 | F26: x | J26: cond. | K26: =D27+D31+D34 -> 0 | L26: =E27+E31+E34 -> 0 | M26: =F27+F31+F34 -> #VALUE! | N26: =G27+G31+G34 -> 0 | O26: =H27+H31+H34 -> 0 | P26: =I27+I31+I34 -> 0
A27: de conducere | B27: 120 | C27: 8.17 | F27: x | J27: exec | K27: =D28+D32+D35 -> 0 | L27: =E28+E32+E35 -> 0 | M27: =F28+F32+F35 -> #VALUE! | N27: =G28+G32+G35 -> 0 | O27: =H28+H32+H35 -> 0 | P27: =I28+I32+I35 -> 0
A28: de execuție, din care | B28: 140 | C28: 8.18 | F28: x | J28: muncitori | K28: =D36 -> 0 | L28: =E36 -> 0 | M28: =F36 -> x | N28: =G36 -> 0 | O28: =H36 -> 0 | P28: =I36 -> 0
A29: cadre didactice de sprijin | B29: 147 | C29: 8.19 | F29: x | J29: Total | K29: =K26+K27+K28 -> 0 | L29: =L26+L27+L28 -> 0 | M29: =M26+M27+M28 -> #VALUE! | N29: =N26+N27+N28 -> 0 | O29: =O26+O27+O28 -> 0 | P29: =P26+P27+P28 -> 0
A30: funcții de specialitate, inclusiv | B30: 106 | C30: 8.20 | F30: x | J30: control | K30: =K29-D25 -> 0 | L30: =L29-E25 -> 0 | M30: =M29-F25 -> #VALUE! | N30: =N29-G25 -> 0 | O30: =O29-H25 -> 0 | P30: =P29-I25 -> 0
A31: de conducere | B31: 120 | C31: 8.21 | F31: x
A32: de execuție | B32: 140 | C32: 8.22 | F32: x
A33: funcții complexe, inclusiv | B33: 107 | C33: 8.23 | F33: x
A34: de conducere | B34: 120 | C34: 8.24 | F34: x
A35: de execuție | B35: 140 | C35: 8.25 | F35: x
A36: muncitori | B36: 175 | C36: 8.26 | F36: x
A37: Numărul personalului didactic beneficiar de compensații anuale, inclusiv | B37: 108 | C37: 8.27 | D37: =D38+D39 -> 16 | E37: =E38+E39 -> 16 | F37: x | G37: x | H37: =H38+H39 -> 16 | I37: =I38+I39 -> 16
A38: cu funcție de conducere | B38: 120 | C38: 8.28 | D38: 2 | E38: 2 | F38: x | G38: x | H38: =D38 -> 2 | I38: 2
A39: cu funcție de execuție | B39: 140 | C39: 8.29 | D39: 14 | E39: 14 | F39: x | G39: x | H39: =D39 -> 14 | I39: 14
A40: Retibuirea muncii în total, inclusiv | B40: 500 | C40: 8.30 | D40: x | E40: x | F40: =F41+F45+F48 -> 0 | G40: =G41+G45+G48 -> 0 | H40: x | I40: x
A41: funcții didactice, inclusiv | B41: 501 | C41: 8.31 | D41: x | E41: x | H41: x | I41: x
A42: de conducere | B42: 510 | C42: 8.32 | D42: x | E42: x | H42: x | I42: x
A43: de execuție, din care | B43: 540 | C43: 8.33 | D43: x | E43: x | H43: x | I43: x
A44: cadre didactice de sprijin | B44: 148 | C44: 8.34 | D44: x | E44: x | H44: x | I44: x
A45: funcții de specialitate, inclusiv | B45: 502 | C45: 8.35 | D45: x | E45: x | H45: x | I45: x
A46: de conducere | B46: 510 | C46: 8.36 | D46: x | E46: x | H46: x | I46: x
A47: de execuție | B47: 540 | C47: 8.37 | D47: x | E47: x | H47: x | I47: x
A48: funcții complexe, inclusiv | B48: 503 | C48: 8.38 | D48: x | E48: x | H48: x | I48: x
A49: de conducere | B49: 510 | C49: 8.39 | D49: x | E49: x | H49: x | I49: x
A50: de execuție | B50: 540 | C50: 8.40 | D50: x | E50: x | H50: x | I50: x
A51: muncitori | B51: 555 | C51: 8.41 | D51: x | E51: x | H51: x | I51: x
A52: Clase în total, inclusiv: | B52: 1100 | C52: 8.42
A53: clasele 1-4 | B53: 1101 | C53: 8.43
A54: clasele 5-9 | B54: 1102 | C54: 8.44
A55: clasele 10-12 | B55: 1103 | C55: 8.45
A56: Clase cu profil sportiv, inclusiv: | B56: 1110 | C56: 8.46
A57: clasele 1-4 | B57: 1111 | C57: 8.47
A58: clasele 5-9 | B58: 1112 | C58: 8.48
A59: clasele 10-12 | B59: 1113 | C59: 8.49
A60: Elevi în total, inclusiv: | B60: 1120 | C60: 8.50
A61: clasele 1-4 | B61: 1121 | C61: 8.51
A62: clasele 5-9 | B62: 1122 | C62: 8.52
A63: clasele 10-12 | B63: 1123 | C63: 8.53
... A74: Elevi alimentați din clasele 9-12, din licee-internat cu profil sportiv | B74: 1047 | C74: 8.64
A75: Zile de alimentare a elevilor, în total | B75: 1050 | C75: 8.65 | D75: x | E75: x | H75: x | I75: x
A76: Zile de alimentare a elevilor din clasele 1-4, asigurați cu micul dejun | B76: 1051 | C76: 8.66 | D76: x | E76: x | H76: x | I76: x
A77: Zile de alimentare a elevilor din clasele 5-9(12),ce beneficiaza de alimentație | B77: 1052 | C77: 8.67 | D77: x | E77: x | H77: x | I77: x
A78: Zile de alimentare a elevilor, din grupe cu regim prelungit | B78: 1053 | C78: 8.68 | D78: x | E78: x | H78: x | I78: x
A79: Zile de alimentare a altor categorii de elevi alimentați | B79: 1055 | C79: 8.69 | D79: x | E79: x | H79: x | I79: x
A80: Zile de alimentare a elevilor din clasele 5-8, din licee-internat cu profil sportiv | B80: 1056 | C80: 8.70 | D80: x | E80: x | H80: x | I80: x
A81: Zile de alimentare a elevilor din clasele 9-12, din licee-internat cu profil sportiv | B81: 1057 | C81: 8.71 | D81: x | E81: x | H81: x | I81: x
A82: Cheltuieli pentru alimentarea elevilor, în total, inclusiv | B82: 1060 | C82: 8.72 | D82: x | E82: x | H82: x | I82: x
A83: Cheltuieli pentru alimentarea elevilor din clasele 1-4, asigurați cu micul dejun | B83: 1061 | C83: 8.73 | D83: x | E83: x | H83: x | I83: x
A84: Cheltuieli pentru alimentarea elevilor din clasele 5-9(12), ce beneficiază de alimentație | B84: 1062 | C84: 8.74 | E84: x | H84: x
A85: Cheltuieli pentru alimentarea elevilor, din grupele cu regim prelungit | B85: 1063 | C85: 8.75 | D85: x | E85: x | H85: x | I85: x
A86: Cheltuieli pentru alimentarea altor categorii de elevi alimentați | B86: 1065 | C86: 8.76 | D86: x | E86: x | H86: x | I86: x
A87: Cheltuieli pentru alimentarea elevilor din clasele 5-8, din licee-internat cu profil sportiv | B87: 1066 | C87: 8.77 | D87: x | E87: x | H87: x | I87: x
A88: Cheltuieli pentru alimentarea elevilor din clasele 9-12, din licee-internat cu profil sportiv | B88: 1067 | C88: 8.78 | D88: x | E88: x | H88: x | I88: x
A89: Cheltuieli pentru acordarea compensațiilor bănești anuale cadrelor didactice | B89: 504 | C89: 8.79 | D89: x | E89: x | F89: 64000 | G89: 64000 | H89: x | I89: x
F91: =F89/4000 -> 16 | G91: =G89/4000 -> 16

Sheet gim Cuza
H2: Cuza
A3: Aprobat prin ordinul Ministrului
A4: al Finanţelor al Republicii Moldova
A5: nr.___________al___________
A6: Retea, state si contingente ale instituriilor
A7: în perioada Tr.2 -2024 | J7: FD-048-BL
A8: Denumirea indicatorului | B8: codificatorul formularului | C8: Codul rindului | D8: Aprobat la inceputul anului | E8: Aprobat la sfirsitul anului | F8: Numarul mediu prevazut pe an | G8: Numarul mediu realizat la 30.09.2025 | H8: Real incadrat la începutul anului | I8: Real incadrat la sfîrsitul perioadei | J8: 09878 | K8: 0921 | L8: 8804 | M8: 00492 | N8: 0300
A9: 1 | B9: 2 | C9: 3 | D9: 4 | E9: 5 | F9: 6 | G9: 7 | H9: 8 | I9: 9
A10: RAPORT nr. 3-8 privind învățămîntul primar, gimnazial și liceal | C10: 8
A11: Instituții în total, inclusiv | B11: 1 | C11: 8.1 | F11: x | G11: x
A12: filiale | B12: 10 | C12: 8.2 | F12: x | G12: x
A13: Unități în state (posturi) în total, inclusiv | B13: 101 | C13: 8.3 | K13: Aprobat la inceputul anului | L13: Aprobat la sfirsitul anului | M13: Numarul mediu prevazut pe an | N13: Numarul mediu realizat la 01.01.2020 | O13: Real incadrat la începutul anului | P13: Real incadratla sfîrsitul perioadei
A14: funcții didactice, inclusiv | B14: 102 | C14: 8.4 | J14: cond. | K14: =D15+D19+D22 -> 0 | L14: =E15+E19+E22 -> 0 | M14: =F15+F19+F22 -> 0 | N14: =G15+G19+G22 -> 0 | O14: =H15+H19+H22 -> 0 | P14: =I15+I19+I22 -> 0
A15: de conducere | B15: 126 | C15: 8.5 | J15: exec | K15: =D16+D20+D23 -> 0 | L15: =E16+E20+E23 -> 0 | M15: =F16+F20+F23 -> 0 | N15: =G16+G20+G23 -> 0 | O15: =H16+H20+H23 -> 0 | P15: =I16+I20+I23 -> 0
A16: de execuție din care | B16: 145 | C16: 8.6 | J16: muncitori | K16: =D24 -> 0 | L16: =E24 -> 0 | M16: =F24 -> 0 | N16: =G24 -> 0 | O16: =H24 -> 0 | P16: =I24 -> 0
A17: cadre didactice de sprijin | B17: 146 | C17: 8.7 | J17: Total | K17: =K14+K15+K16 -> 0 | L17: =L14+L15+L16 -> 0 | M17: =M14+M15+M16 -> 0 | N17: =N14+N15+N16 -> 0 | O17: =O14+O15+O16 -> 0 | P17: =P14+P15+P16 -> 0
A18: funcții de specialitate, inclusiv | B18: 103 | C18: 8.8 | J18: control | K18: =D13-K17 -> 0 | L18: =E13-L17 -> 0 | M18: =F13-M17 -> 0 | N18: =G13-N17 -> 0 | O18: =H13-O17 -> 0 | P18: =I13-P17 -> 0
A19: de conducere | B19: 126 | C19: 8.9
A20: de execuție | B20: 145 | C20: 8.10
A21: funcții complexe, inclusiv | B21: 104 | C21: 8.11
A22: de conducere | B22: 126 | C22: 8.12
A23: de execuție | B23: 145 | C23: 8.13
A24: muncitori | B24: 177 | C24: 8.14
A25: Personal angajat în total, inclusiv | B25: 100 | C25: 8.15 | D25: =D26+D30+D33 -> 0 | E25: =E26+E30+E33 -> 0 | F25: x | G25: =G26+G30+G33 -> 0 | H25: =H26+H30+H33 -> 0 | I25: =I26+I30+I33 -> 0 | K25: Aprobat la inceputul anului | L25: Aprobat la sfirsitul anului | M25: Numarul mediu prevazut pe an | N25: Numarul mediu realizat la 01.01.2020 | O25: Real incadrat la începutul anului | P25: Real incadratla sfîrsitul perioadei
A26: funcții didactice, inclusiv | B26: 105 | C26: 8.16 | F26: x | J26: cond. | K26: =D27+D31+D34 -> 0 | L26: =E27+E31+E34 -> 0 | M26: =F27+F31+F34 -> #VALUE! | N26: =G27+G31+G34 -> 0 | O26: =H27+H31+H34 -> 0 | P26: =I27+I31+I34 -> 0
A27: de conducere | B27: 120 | C27: 8.17 | F27: x | J27: exec | K27: =D28+D32+D35 -> 0 | L27: =E28+E32+E35 -> 0 | M27: =F28+F32+F35 -> #VALUE! | N27: =G28+G32+G35 -> 0 | O27: =H28+H32+H35 -> 0 | P27: =I28+I32+I35 -> 0
A28: de execuție, din care | B28: 140 | C28: 8.18 | F28: x | J28: muncitori | K28: =D36 -> 0 | L28: =E36 -> 0 | M28: =F36 -> x | N28: =G36 -> 0 | O28: =H36 -> 0 | P28: =I36 -> 0
A29: cadre didactice de sprijin | B29: 147 | C29: 8.19 | F29: x | J29: Total | K29: =K26+K27+K28 -> 0 | L29: =L26+L27+L28 -> 0 | M29: =M26+M27+M28 -> #VALUE! | N29: =N26+N27+N28 -> 0 | O29: =O26+O27+O28 -> 0 | P29: =P26+P27+P28 -> 0
A30: funcții de specialitate, inclusiv | B30: 106 | C30: 8.20 | F30: x | J30: control | K30: =K29-D25 -> 0 | L30: =L29-E25 -> 0 | M30: =M29-F25 -> #VALUE! | N30: =N29-G25 -> 0 | O30: =O29-H25 -> 0 | P30: =P29-I25 -> 0
A31: de conducere | B31: 120 | C31: 8.21 | F31: x
A32: de execuție | B32: 140 | C32: 8.22 | F32: x
A33: funcții complexe, inclusiv | B33: 107 | C33: 8.23 | F33: x
A34: de conducere | B34: 120 | C34: 8.24 | F34: x
A35: de execuție | B35: 140 | C35: 8.25 | F35: x
A36: muncitori | B36: 175 | C36: 8.26 | F36: x
A37: Numărul personalului didactic beneficiar de compensații anuale, inclusiv | B37: 108 | C37: 8.27 | D37: =D38+D39 -> 29 | E37: =E38+E39 -> 31 | F37: x | G37: x | H37: =H38+H39 -> 29 | I37: =I38+I39 -> 30
A38: cu funcție de conducere | B38: 120 | C38: 8.28 | D38: 4 | E38: 4 | F38: x | G38: x | H38: =D38 -> 4 | I38: 4
A39: cu funcție de execuție | B39: 140 | C39: 8.29 | D39: 25 | E39: 27 | F39: x | G39: x | H39: =D39 -> 25 | I39: 26
A40: Retibuirea muncii în total, inclusiv | B40: 500 | C40: 8.30 | D40: x | E40: x | F40: =F41+F45+F48 -> 0 | G40: =G41+G45+G48 -> 0 | H40: x | I40: x
A41: funcții didactice, inclusiv | B41: 501 | C41: 8.31 | D41: x | E41: x | H41: x | I41: x
A42: de conducere | B42: 510 | C42: 8.32 | D42: x | E42: x | H42: x | I42: x
A43: de execuție, din care | B43: 540 | C43: 8.33 | D43: x | E43: x | H43: x | I43: x
A44: cadre didactice de sprijin | B44: 148 | C44: 8.34 | D44: x | E44: x | H44: x | I44: x
A45: funcții de specialitate, inclusiv | B45: 502 | C45: 8.35 | D45: x | E45: x | H45: x | I45: x
A46: de conducere | B46: 510 | C46: 8.36 | D46: x | E46: x | H46: x | I46: x
A47: de execuție | B47: 540 | C47: 8.37 | D47: x | E47: x | H47: x | I47: x
A48: funcții complexe, inclusiv | B48: 503 | C48: 8.38 | D48: x | E48: x | H48: x | I48: x
A49: de conducere | B49: 510 | C49: 8.39 | D49: x | E49: x | H49: x | I49: x
A50: de execuție | B50: 540 | C50: 8.40 | D50: x | E50: x | H50: x | I50: x
A51: muncitori | B51: 555 | C51: 8.41 | D51: x | E51: x | H51: x | I51: x
A52: Clase în total, inclusiv: | B52: 1100 | C52: 8.42
A53: clasele 1-4 | B53: 1101 | C53: 8.43
A54: clasele 5-9 | B54: 1102 | C54: 8.44
A55: clasele 10-12 | B55: 1103 | C55: 8.45
A56: Clase cu profil sportiv, inclusiv: | B56: 1110 | C56: 8.46
A57: clasele 1-4 | B57: 1111 | C57: 8.47
A58: clasele 5-9 | B58: 1112 | C58: 8.48
A59: clasele 10-12 | B59: 1113 | C59: 8.49
A60: Elevi în total, inclusiv: | B60: 1120 | C60: 8.50
A61: clasele 1-4 | B61: 1121 | C61: 8.51
A62: clasele 5-9 | B62: 1122 | C62: 8.52
A63: clasele 10-12 | B63: 1123 | C63: 8.53
... A74: Elevi alimentați din clasele 9-12, din licee-internat cu profil sportiv | B74: 1047 | C74: 8.64
A75: Zile de alimentare a elevilor, în total | B75: 1050 | C75: 8.65 | D75: x | E75: x | H75: x | I75: x
A76: Zile de alimentare a elevilor din clasele 1-4, asigurați cu micul dejun | B76: 1051 | C76: 8.66 | D76: x | E76: x | H76: x | I76: x
A77: Zile de alimentare a elevilor din clasele 5-9(12),ce beneficiaza de alimentație | B77: 1052 | C77: 8.67 | D77: x | E77: x | H77: x | I77: x
A78: Zile de alimentare a elevilor, din grupe cu regim prelungit | B78: 1053 | C78: 8.68 | D78: x | E78: x | H78: x | I78: x
A79: Zile de alimentare a altor categorii de elevi alimentați | B79: 1055 | C79: 8.69 | D79: x | E79: x | H79: x | I79: x
A80: Zile de alimentare a elevilor din clasele 5-8, din licee-internat cu profil sportiv | B80: 1056 | C80: 8.70 | D80: x | E80: x | H80: x | I80: x
A81: Zile de alimentare a elevilor din clasele 9-12, din licee-internat cu profil sportiv | B81: 1057 | C81: 8.71 | D81: x | E81: x | H81: x | I81: x
A82: Cheltuieli pentru alimentarea elevilor, în total, inclusiv | B82: 1060 | C82: 8.72 | D82: x | E82: x | H82: x | I82: x
A83: Cheltuieli pentru alimentarea elevilor din clasele 1-4, asigurați cu micul dejun | B83: 1061 | C83: 8.73 | D83: x | E83: x | H83: x | I83: x
A84: Cheltuieli pentru alimentarea elevilor din clasele 5-9(12), ce beneficiază de alimentație | B84: 1062 | C84: 8.74 | E84: x | H84: x
A85: Cheltuieli pentru alimentarea elevilor, din grupele cu regim prelungit | B85: 1063 | C85: 8.75 | D85: x | E85: x | H85: x | I85: x
A86: Cheltuieli pentru alimentarea altor categorii de elevi alimentați | B86: 1065 | C86: 8.76 | D86: x | E86: x | H86: x | I86: x
A87: Cheltuieli pentru alimentarea elevilor din clasele 5-8, din licee-internat cu profil sportiv | B87: 1066 | C87: 8.77 | D87: x | E87: x | H87: x | I87: x
A88: Cheltuieli pentru alimentarea elevilor din clasele 9-12, din licee-internat cu profil sportiv | B88: 1067 | C88: 8.78 | D88: x | E88: x | H88: x | I88: x
A89: Cheltuieli pentru acordarea compensațiilor bănești anuale cadrelor didactice | B89: 504 | C89: 8.79 | D89: x | E89: x | F89: 124000 | G89: 120000 | H89: x | I89: x
F91: =F89/4000 -> 31 | G91: =G89/4000 -> 30

Sheet total licee
I1: total licee
A3: Aprobat prin ordinul Ministrului
A4: al Finanţelor al Republicii Moldova
A5: nr.___________al___________
A6: Retea, state si contingente ale instituriilor
A7: în perioada Tr.2 -2024 | J7: FD-048-BL
A8: Denumirea indicatorului | B8: codificatorul formularului | C8: Codul rindului | D8: Aprobat la inceputul anului | E8: Aprobat la sfirsitul anului | F8: Numarul mediu prevazut pe an | G8: Numarul mediu realizat la 30.09.2025 | H8: Real incadrat la începutul anului | I8: Real incadrat la sfîrsitul perioadei | M8: 00492
A9: 1 | B9: 2 | C9: 3 | D9: 4 | E9: 5 | F9: 6 | G9: 7 | H9: 8 | I9: 9
A10: RAPORT nr. 3-8 privind învățămîntul primar, gimnazial și liceal | C10: 8
A11: Instituții în total, inclusiv | B11: 1 | C11: 8.1 | F11: x | G11: x
A12: filiale | B12: 10 | C12: 8.2 | F12: x | G12: x
A13: Unități în state (posturi) în total, inclusiv | B13: 101 | C13: 8.3 | K13: Aprobat la inceputul anului | L13: Aprobat la sfirsitul anului | M13: Numarul mediu prevazut pe an | N13: Numarul mediu realizat la 01.01.2020 | O13: Real incadrat la începutul anului | P13: Real incadratla sfîrsitul perioadei
A14: funcții didactice, inclusiv | B14: 102 | C14: 8.4 | J14: cond. | K14: =D15+D19+D22 -> 0 | L14: =E15+E19+E22 -> 0 | M14: =F15+F19+F22 -> 0 | N14: =G15+G19+G22 -> 0 | O14: =H15+H19+H22 -> 0 | P14: =I15+I19+I22 -> 0
A15: de conducere | B15: 126 | C15: 8.5 | J15: exec | K15: =D16+D20+D23 -> 0 | L15: =E16+E20+E23 -> 0 | M15: =F16+F20+F23 -> 0 | N15: =G16+G20+G23 -> 0 | O15: =H16+H20+H23 -> 0 | P15: =I16+I20+I23 -> 0
A16: de execuție din care | B16: 145 | C16: 8.6 | J16: muncitori | K16: =D24 -> 0 | L16: =E24 -> 0 | M16: =F24 -> 0 | N16: =G24 -> 0 | O16: =H24 -> 0 | P16: =I24 -> 0
A17: cadre didactice de sprijin | B17: 146 | C17: 8.7 | J17: Total | K17: =K14+K15+K16 -> 0 | L17: =L14+L15+L16 -> 0 | M17: =M14+M15+M16 -> 0 | N17: =N14+N15+N16 -> 0 | O17: =O14+O15+O16 -> 0 | P17: =P14+P15+P16 -> 0
A18: funcții de specialitate, inclusiv | B18: 103 | C18: 8.8 | J18: control | K18: =D13-K17 -> 0 | L18: =E13-L17 -> 0 | M18: =F13-M17 -> 0 | N18: =G13-N17 -> 0 | O18: =H13-O17 -> 0 | P18: =I13-P17 -> 0
A19: de conducere | B19: 126 | C19: 8.9 | K19: 929.8 | L19: 956.11 | M19: 947.11 | N19: 925.94 | O19: 929.8 | P19: 942.28
A20: de execuție | B20: 145 | C20: 8.10 | K20: =K17-K19 -> -929.8 | L20: =L17-L19 -> -956.11 | M20: =M17-M19 -> -947.11 | N20: =N17-N19 -> -925.94 | O20: =O17-O19 -> -929.8 | P20: =P17-P19 -> -942.28
A21: funcții complexe, inclusiv | B21: 104 | C21: 8.11
A22: de conducere | B22: 126 | C22: 8.12
A23: de execuție | B23: 145 | C23: 8.13
A24: muncitori | B24: 177 | C24: 8.14
A25: Personal angajat în total, inclusiv | B25: 100 | C25: 8.15 | D25: =D26+D30+D33 -> 0 | E25: =E26+E30+E33 -> 0 | F25: x | G25: =G26+G30+G33 -> 0 | H25: =H26+H30+H33 -> 0 | I25: =I26+I30+I33 -> 0 | K25: Aprobat la inceputul anului | L25: Aprobat la sfirsitul anului | M25: Numarul mediu prevazut pe an | N25: Numarul mediu realizat la 01.01.2020 | O25: Real incadrat la începutul anului | P25: Real incadratla sfîrsitul perioadei
A26: funcții didactice, inclusiv | B26: 105 | C26: 8.16 | F26: x | J26: cond. | K26: =D27+D31+D34 -> 0 | L26: =E27+E31+E34 -> 0 | M26: =F27+F31+F34 -> #VALUE! | N26: =G27+G31+G34 -> 0 | O26: =H27+H31+H34 -> 0 | P26: =I27+I31+I34 -> 0
A27: de conducere | B27: 120 | C27: 8.17 | F27: x | J27: exec | K27: =D28+D32+D35 -> 0 | L27: =E28+E32+E35 -> 0 | M27: =F28+F32+F35 -> #VALUE! | N27: =G28+G32+G35 -> 0 | O27: =H28+H32+H35 -> 0 | P27: =I28+I32+I35 -> 0
A28: de execuție, din care | B28: 140 | C28: 8.18 | F28: x | J28: muncitori | K28: =D36 -> 0 | L28: =E36 -> 0 | M28: =F36 -> x | N28: =G36 -> 0 | O28: =H36 -> 0 | P28: =I36 -> 0
A29: cadre didactice de sprijin | B29: 147 | C29: 8.19 | F29: x | J29: Total | K29: =K26+K27+K28 -> 0 | L29: =L26+L27+L28 -> 0 | M29: =M26+M27+M28 -> #VALUE! | N29: =N26+N27+N28 -> 0 | O29: =O26+O27+O28 -> 0 | P29: =P26+P27+P28 -> 0
A30: funcții de specialitate, inclusiv | B30: 106 | C30: 8.20 | F30: x | J30: control | K30: =K29-D25 -> 0 | L30: =L29-E25 -> 0 | M30: =M29-F25 -> #VALUE! | N30: =N29-G25 -> 0 | O30: =O29-H25 -> 0 | P30: =P29-I25 -> 0
A31: de conducere | B31: 120 | C31: 8.21 | F31: x | K31: 787 | L31: 787 | M31: X | N31: 765 | O31: 787 | P31: 797
A32: de execuție | B32: 140 | C32: 8.22 | F32: x | K32: =K29-K31 -> -787 | L32: =L29-L31 -> -787 | M32: =M29-M31 -> #VALUE! | N32: =N29-N31 -> -765 | O32: =O29-O31 -> -787 | P32: =P29-P31 -> -797
A33: funcții complexe, inclusiv | B33: 107 | C33: 8.23 | F33: x | O33: =G40-O40 -> 0
A34: de conducere | B34: 120 | C34: 8.24 | F34: x
A35: de execuție | B35: 140 | C35: 8.25 | F35: x
A36: muncitori | B36: 175 | C36: 8.26 | F36: x
A37: Numărul personalului didactic beneficiar de compensații anuale, inclusiv | B37: 108 | C37: 8.27 | D37: =D38+D39 -> 554 | E37: =E38+E39 -> 584 | F37: x | G37: x | H37: =H38+H39 -> 554 | I37: =I38+I39 -> 565
A38: cu funcție de conducere | B38: 120 | C38: 8.28 | D38: =Hasdeu!D38+Alecsandri!D38+Cosbuc!D38+Cantemir!D38+Puskin!D38+Gorki!D38+'St cel Mare'!D38+Blaga!D38+Lomonosov!D38+Maiakovski!D38 -> 43 | E38: =Hasdeu!E38+Alecsandri!E38+Cosbuc!E38+Cantemir!E38+Puskin!E38+Gorki!E38+'St cel Mare'!E38+Blaga!E38+Lomonosov!E38+Maiakovski!E38 -> 43 | F38: x | G38: x | H38: =D38 -> 43 | I38: =Hasdeu!I38+Alecsandri!I38+Cosbuc!I38+Cantemir!I38+Puskin!I38+Gorki!I38+'St cel Mare'!I38+Blaga!I38+Lomonosov!I38+Maiakovski!I38 -> 43
A39: cu funcție de execuție | B39: 140 | C39: 8.29 | D39: =Hasdeu!D39+Alecsandri!D39+Cosbuc!D39+Cantemir!D39+Puskin!D39+Gorki!D39+'St cel Mare'!D39+Blaga!D39+Lomonosov!D39+Maiakovski!D39 -> 511 | E39: =Hasdeu!E39+Alecsandri!E39+Cosbuc!E39+Cantemir!E39+Puskin!E39+Gorki!E39+'St cel Mare'!E39+Blaga!E39+Lomonosov!E39+Maiakovski!E39 -> 541 | F39: x | G39: x | H39: =D39 -> 511 | I39: =Hasdeu!I39+Alecsandri!I39+Cosbuc!I39+Cantemir!I39+Puskin!I39+Gorki!I39+'St cel Mare'!I39+Blaga!I39+Lomonosov!I39+Maiakovski!I39 -> 522
A40: Retibuirea muncii în total, inclusiv | B40: 500 | C40: 8.30 | D40: x | E40: x | F40: =F41+F45+F48 -> 0 | G40: =G41+G45+G48 -> 0 | H40: x | I40: x
A41: funcții didactice, inclusiv | B41: 501 | C41: 8.31 | D41: x | E41: x | H41: x | I41: x
A42: de conducere | B42: 510 | C42: 8.32 | D42: x | E42: x | H42: x | I42: x
A43: de execuție, din care | B43: 540 | C43: 8.33 | D43: x | E43: x | H43: x | I43: x
A44: cadre didactice de sprijin | B44: 148 | C44: 8.34 | D44: x | E44: x | H44: x | I44: x
A45: funcții de specialitate, inclusiv | B45: 502 | C45: 8.35 | D45: x | E45: x | H45: x | I45: x
A46: de conducere | B46: 510 | C46: 8.36 | D46: x | E46: x | H46: x | I46: x
A47: de execuție | B47: 540 | C47: 8.37 | D47: x | E47: x | H47: x | I47: x
A48: funcții complexe, inclusiv | B48: 503 | C48: 8.38 | D48: x | E48: x | H48: x | I48: x
A49: de conducere | B49: 510 | C49: 8.39 | D49: x | E49: x | H49: x | I49: x
A50: de execuție | B50: 540 | C50: 8.40 | D50: x | E50: x | H50: x | I50: x
A51: muncitori | B51: 555 | C51: 8.41 | D51: x | E51: x | H51: x | I51: x
A52: Clase în total, inclusiv: | B52: 1100 | C52: 8.42
A53: clasele 1-4 | B53: 1101 | C53: 8.43
A54: clasele 5-9 | B54: 1102 | C54: 8.44
A55: clasele 10-12 | B55: 1103 | C55: 8.45
A56: Clase cu profil sportiv, inclusiv: | B56: 1110 | C56: 8.46 | D56: =Hasdeu!D56+Alecsandri!D56+Cosbuc!D56+Cantemir!D56+Puskin!D56+Gorki!D56+'St cel Mare'!D56+Blaga!D56+Lomonosov!D56+Maiakovski!D56 -> 0 | E56: =Hasdeu!E56+Alecsandri!E56+Cosbuc!E56+Cantemir!E56+Puskin!E56+Gorki!E56+'St cel Mare'!E56+Blaga!E56+Lomonosov!E56+Maiakovski!E56 -> 0 | F56: =Hasdeu!F56+Alecsandri!F56+Cosbuc!F56+Cantemir!F56+Puskin!F56+Gorki!F56+'St cel Mare'!F56+Blaga!F56+Lomonosov!F56+Maiakovski!F56 -> 0 | G56: =Hasdeu!G56+Alecsandri!G56+Cosbuc!G56+Cantemir!G56+Puskin!G56+Gorki!G56+'St cel Mare'!G56+Blaga!G56+Lomonosov!G56+Maiakovski!G56 -> 0 | H56: =Hasdeu!H56+Alecsandri!H56+Cosbuc!H56+Cantemir!H56+Puskin!H56+Gorki!H56+'St cel Mare'!H56+Blaga!H56+Lomonosov!H56+Maiakovski!H56 -> 0 | I56: =Hasdeu!I56+Alecsandri!I56+Cosbuc!I56+Cantemir!I56+Puskin!I56+Gorki!I56+'St cel Mare'!I56+Blaga!I56+Lomonosov!I56+Maiakovski!I56 -> 0
A57: clasele 1-4 | B57: 1111 | C57: 8.47 | D57: =Hasdeu!D57+Alecsandri!D57+Cosbuc!D57+Cantemir!D57+Puskin!D57+Gorki!D57+'St cel Mare'!D57+Blaga!D57+Lomonosov!D57+Maiakovski!D57 -> 0 | E57: =Hasdeu!E57+Alecsandri!E57+Cosbuc!E57+Cantemir!E57+Puskin!E57+Gorki!E57+'St cel Mare'!E57+Blaga!E57+Lomonosov!E57+Maiakovski!E57 -> 0 | F57: =Hasdeu!F57+Alecsandri!F57+Cosbuc!F57+Cantemir!F57+Puskin!F57+Gorki!F57+'St cel Mare'!F57+Blaga!F57+Lomonosov!F57+Maiakovski!F57 -> 0 | G57: =Hasdeu!G57+Alecsandri!G57+Cosbuc!G57+Cantemir!G57+Puskin!G57+Gorki!G57+'St cel Mare'!G57+Blaga!G57+Lomonosov!G57+Maiakovski!G57 -> 0 | H57: =Hasdeu!H57+Alecsandri!H57+Cosbuc!H57+Cantemir!H57+Puskin!H57+Gorki!H57+'St cel Mare'!H57+Blaga!H57+Lomonosov!H57+Maiakovski!H57 -> 0 | I57: =Hasdeu!I57+Alecsandri!I57+Cosbuc!I57+Cantemir!I57+Puskin!I57+Gorki!I57+'St cel Mare'!I57+Blaga!I57+Lomonosov!I57+Maiakovski!I57 -> 0
A58: clasele 5-9 | B58: 1112 | C58: 8.48 | D58: =Hasdeu!D58+Alecsandri!D58+Cosbuc!D58+Cantemir!D58+Puskin!D58+Gorki!D58+'St cel Mare'!D58+Blaga!D58+Lomonosov!D58+Maiakovski!D58 -> 0 | E58: =Hasdeu!E58+Alecsandri!E58+Cosbuc!E58+Cantemir!E58+Puskin!E58+Gorki!E58+'St cel Mare'!E58+Blaga!E58+Lomonosov!E58+Maiakovski!E58 -> 0 | F58: =Hasdeu!F58+Alecsandri!F58+Cosbuc!F58+Cantemir!F58+Puskin!F58+Gorki!F58+'St cel Mare'!F58+Blaga!F58+Lomonosov!F58+Maiakovski!F58 -> 0 | G58: =Hasdeu!G58+Alecsandri!G58+Cosbuc!G58+Cantemir!G58+Puskin!G58+Gorki!G58+'St cel Mare'!G58+Blaga!G58+Lomonosov!G58+Maiakovski!G58 -> 0 | H58: =Hasdeu!H58+Alecsandri!H58+Cosbuc!H58+Cantemir!H58+Puskin!H58+Gorki!H58+'St cel Mare'!H58+Blaga!H58+Lomonosov!H58+Maiakovski!H58 -> 0 | I58: =Hasdeu!I58+Alecsandri!I58+Cosbuc!I58+Cantemir!I58+Puskin!I58+Gorki!I58+'St cel Mare'!I58+Blaga!I58+Lomonosov!I58+Maiakovski!I58 -> 0
A59: clasele 10-12 | B59: 1113 | C59: 8.49 | D59: =Hasdeu!D59+Alecsandri!D59+Cosbuc!D59+Cantemir!D59+Puskin!D59+Gorki!D59+'St cel Mare'!D59+Blaga!D59+Lomonosov!D59+Maiakovski!D59 -> 0 | E59: =Hasdeu!E59+Alecsandri!E59+Cosbuc!E59+Cantemir!E59+Puskin!E59+Gorki!E59+'St cel Mare'!E59+Blaga!E59+Lomonosov!E59+Maiakovski!E59 -> 0 | F59: =Hasdeu!F59+Alecsandri!F59+Cosbuc!F59+Cantemir!F59+Puskin!F59+Gorki!F59+'St cel Mare'!F59+Blaga!F59+Lomonosov!F59+Maiakovski!F59 -> 0 | G59: =Hasdeu!G59+Alecsandri!G59+Cosbuc!G59+Cantemir!G59+Puskin!G59+Gorki!G59+'St cel Mare'!G59+Blaga!G59+Lomonosov!G59+Maiakovski!G59 -> 0 | H59: =Hasdeu!H59+Alecsandri!H59+Cosbuc!H59+Cantemir!H59+Puskin!H59+Gorki!H59+'St cel Mare'!H59+Blaga!H59+Lomonosov!H59+Maiakovski!H59 -> 0 | I59: =Hasdeu!I59+Alecsandri!I59+Cosbuc!I59+Cantemir!I59+Puskin!I59+Gorki!I59+'St cel Mare'!I59+Blaga!I59+Lomonosov!I59+Maiakovski!I59 -> 0
A60: Elevi în total, inclusiv: | B60: 1120 | C60: 8.50
A61: clasele 1-4 | B61: 1121 | C61: 8.51
A62: clasele 5-9 | B62: 1122 | C62: 8.52
A63: clasele 10-12 | B63: 1123 | C63: 8.53
A64: Elevi în total din clasele cu profil sportiv, inclusiv: | B64: 1130 | C64: 8.54 | D64: =Hasdeu!D64+Alecsandri!D64+Cosbuc!D64+Cantemir!D64+Puskin!D64+Gorki!D64+'St cel Mare'!D64+Blaga!D64+Lomonosov!D64+Maiakovski!D64 -> 0 | E64: =Hasdeu!E64+Alecsandri!E64+Cosbuc!E64+Cantemir!E64+Puskin!E64+Gorki!E64+'St cel Mare'!E64+Blaga!E64+Lomonosov!E64+Maiakovski!E64 -> 0 | F64: =Hasdeu!F64+Alecsandri!F64+Cosbuc!F64+Cantemir!F64+Puskin!F64+Gorki!F64+'St cel Mare'!F64+Blaga!F64+Lomonosov!F64+Maiakovski!F64 -> 0 | G64: =Hasdeu!G64+Alecsandri!G64+Cosbuc!G64+Cantemir!G64+Puskin!G64+Gorki!G64+'St cel Mare'!G64+Blaga!G64+Lomonosov!G64+Maiakovski!G64 -> 0 | H64: =Hasdeu!H64+Alecsandri!H64+Cosbuc!H64+Cantemir!H64+Puskin!H64+Gorki!H64+'St cel Mare'!H64+Blaga!H64+Lomonosov!H64+Maiakovski!H64 -> 0 | I64: =Hasdeu!I64+Alecsandri!I64+Cosbuc!I64+Cantemir!I64+Puskin!I64+Gorki!I64+'St cel Mare'!I64+Blaga!I64+Lomonosov!I64+Maiakovski!I64 -> 0
A65: clasele 1-4 | B65: 1131 | C65: 8.55 | D65: =Hasdeu!D65+Alecsandri!D65+Cosbuc!D65+Cantemir!D65+Puskin!D65+Gorki!D65+'St cel Mare'!D65+Blaga!D65+Lomonosov!D65+Maiakovski!D65 -> 0 | E65: =Hasdeu!E65+Alecsandri!E65+Cosbuc!E65+Cantemir!E65+Puskin!E65+Gorki!E65+'St cel Mare'!E65+Blaga!E65+Lomonosov!E65+Maiakovski!E65 -> 0 | F65: =Hasdeu!F65+Alecsandri!F65+Cosbuc!F65+Cantemir!F65+Puskin!F65+Gorki!F65+'St cel Mare'!F65+Blaga!F65+Lomonosov!F65+Maiakovski!F65 -> 0 | G65: =Hasdeu!G65+Alecsandri!G65+Cosbuc!G65+Cantemir!G65+Puskin!G65+Gorki!G65+'St cel Mare'!G65+Blaga!G65+Lomonosov!G65+Maiakovski!G65 -> 0 | H65: =Hasdeu!H65+Alecsandri!H65+Cosbuc!H65+Cantemir!H65+Puskin!H65+Gorki!H65+'St cel Mare'!H65+Blaga!H65+Lomonosov!H65+Maiakovski!H65 -> 0 | I65: =Hasdeu!I65+Alecsandri!I65+Cosbuc!I65+Cantemir!I65+Puskin!I65+Gorki!I65+'St cel Mare'!I65+Blaga!I65+Lomonosov!I65+Maiakovski!I65 -> 0
A66: clasele 5-9 | B66: 1132 | C66: 8.56 | D66: =Hasdeu!D66+Alecsandri!D66+Cosbuc!D66+Cantemir!D66+Puskin!D66+Gorki!D66+'St cel Mare'!D66+Blaga!D66+Lomonosov!D66+Maiakovski!D66 -> 0 | E66: =Hasdeu!E66+Alecsandri!E66+Cosbuc!E66+Cantemir!E66+Puskin!E66+Gorki!E66+'St cel Mare'!E66+Blaga!E66+Lomonosov!E66+Maiakovski!E66 -> 0 | F66: =Hasdeu!F66+Alecsandri!F66+Cosbuc!F66+Cantemir!F66+Puskin!F66+Gorki!F66+'St cel Mare'!F66+Blaga!F66+Lomonosov!F66+Maiakovski!F66 -> 0 | G66: =Hasdeu!G66+Alecsandri!G66+Cosbuc!G66+Cantemir!G66+Puskin!G66+Gorki!G66+'St cel Mare'!G66+Blaga!G66+Lomonosov!G66+Maiakovski!G66 -> 0 | H66: =Hasdeu!H66+Alecsandri!H66+Cosbuc!H66+Cantemir!H66+Puskin!H66+Gorki!H66+'St cel Mare'!H66+Blaga!H66+Lomonosov!H66+Maiakovski!H66 -> 0 | I66: =Hasdeu!I66+Alecsandri!I66+Cosbuc!I66+Cantemir!I66+Puskin!I66+Gorki!I66+'St cel Mare'!I66+Blaga!I66+Lomonosov!I66+Maiakovski!I66 -> 0
A67: clasele 10-12 | B67: 1133 | C67: 8.57 | D67: =Hasdeu!D67+Alecsandri!D67+Cosbuc!D67+Cantemir!D67+Puskin!D67+Gorki!D67+'St cel Mare'!D67+Blaga!D67+Lomonosov!D67+Maiakovski!D67 -> 0 | E67: =Hasdeu!E67+Alecsandri!E67+Cosbuc!E67+Cantemir!E67+Puskin!E67+Gorki!E67+'St cel Mare'!E67+Blaga!E67+Lomonosov!E67+Maiakovski!E67 -> 0 | F67: =Hasdeu!F67+Alecsandri!F67+Cosbuc!F67+Cantemir!F67+Puskin!F67+Gorki!F67+'St cel Mare'!F67+Blaga!F67+Lomonosov!F67+Maiakovski!F67 -> 0 | G67: =Hasdeu!G67+Alecsandri!G67+Cosbuc!G67+Cantemir!G67+Puskin!G67+Gorki!G67+'St cel Mare'!G67+Blaga!G67+Lomonosov!G67+Maiakovski!G67 -> 0 | H67: =Hasdeu!H67+Alecsandri!H67+Cosbuc!H67+Cantemir!H67+Puskin!H67+Gorki!H67+'St cel Mare'!H67+Blaga!H67+Lomonosov!H67+Maiakovski!H67 -> 0 | I67: =Hasdeu!I67+Alecsandri!I67+Cosbuc!I67+Cantemir!I67+Puskin!I67+Gorki!I67+'St cel Mare'!I67+Blaga!I67+Lomonosov!I67+Maiakovski!I67 -> 0
A68: Elevi alimentați, în total, inclusiv: | B68: 1040 | C68: 8.58 | D68: =Hasdeu!D68+Alecsandri!D68+Cosbuc!D68+Cantemir!D68+Puskin!D68+Gorki!D68+'St cel Mare'!D68+Blaga!D68+Lomonosov!D68+Maiakovski!D68 -> 0 | E68: =Hasdeu!E68+Alecsandri!E68+Cosbuc!E68+Cantemir!E68+Puskin!E68+Gorki!E68+'St cel Mare'!E68+Blaga!E68+Lomonosov!E68+Maiakovski!E68 -> 0 | F68: =Hasdeu!F68+Alecsandri!F68+Cosbuc!F68+Cantemir!F68+Puskin!F68+Gorki!F68+'St cel Mare'!F68+Blaga!F68+Lomonosov!F68+Maiakovski!F68 -> 0 | G68: =Hasdeu!G68+Alecsandri!G68+Cosbuc!G68+Cantemir!G68+Puskin!G68+Gorki!G68+'St cel Mare'!G68+Blaga!G68+Lomonosov!G68+Maiakovski!G68 -> 0 | H68: =Hasdeu!H68+Alecsandri!H68+Cosbuc!H68+Cantemir!H68+Puskin!H68+Gorki!H68+'St cel Mare'!H68+Blaga!H68+Lomonosov!H68+Maiakovski!H68 -> 0 | I68: =Hasdeu!I68+Alecsandri!I68+Cosbuc!I68+Cantemir!I68+Puskin!I68+Gorki!I68+'St cel Mare'!I68+Blaga!I68+Lomonosov!I68+Maiakovski!I68 -> 0
A69: Elevi alimentați din clasele 1-4, asigurați cu micul dejun | B69: 1041 | C69: 8.59 | D69: =Hasdeu!D69+Alecsandri!D69+Cosbuc!D69+Cantemir!D69+Puskin!D69+Gorki!D69+'St cel Mare'!D69+Blaga!D69+Lomonosov!D69+Maiakovski!D69 -> 0 | E69: =Hasdeu!E69+Alecsandri!E69+Cosbuc!E69+Cantemir!E69+Puskin!E69+Gorki!E69+'St cel Mare'!E69+Blaga!E69+Lomonosov!E69+Maiakovski!E69 -> 0 | F69: =Hasdeu!F69+Alecsandri!F69+Cosbuc!F69+Cantemir!F69+Puskin!F69+Gorki!F69+'St cel Mare'!F69+Blaga!F69+Lomonosov!F69+Maiakovski!F69 -> 0 | G69: =Hasdeu!G69+Alecsandri!G69+Cosbuc!G69+Cantemir!G69+Puskin!G69+Gorki!G69+'St cel Mare'!G69+Blaga!G69+Lomonosov!G69+Maiakovski!G69 -> 0 | H69: =Hasdeu!H69+Alecsandri!H69+Cosbuc!H69+Cantemir!H69+Puskin!H69+Gorki!H69+'St cel Mare'!H69+Blaga!H69+Lomonosov!H69+Maiakovski!H69 -> 0 | I69: =Hasdeu!I69+Alecsandri!I69+Cosbuc!I69+Cantemir!I69+Puskin!I69+Gorki!I69+'St cel Mare'!I69+Blaga!I69+Lomonosov!I69+Maiakovski!I69 -> 0
A70: Elevi din clasele 5-9(12), ce beneficiază de alimentație | B70: 1042 | C70: 8.60 | D70: =Hasdeu!D70+Alecsandri!D70+Cosbuc!D70+Cantemir!D70+Puskin!D70+Gorki!D70+'St cel Mare'!D70+Blaga!D70+Lomonosov!D70+Maiakovski!D70 -> 0 | E70: =Hasdeu!E70+Alecsandri!E70+Cosbuc!E70+Cantemir!E70+Puskin!E70+Gorki!E70+'St cel Mare'!E70+Blaga!E70+Lomonosov!E70+Maiakovski!E70 -> 0 | F70: =Hasdeu!F70+Alecsandri!F70+Cosbuc!F70+Cantemir!F70+Puskin!F70+Gorki!F70+'St cel Mare'!F70+Blaga!F70+Lomonosov!F70+Maiakovski!F70 -> 0 | G70: =Hasdeu!G70+Alecsandri!G70+Cosbuc!G70+Cantemir!G70+Puskin!G70+Gorki!G70+'St cel Mare'!G70+Blaga!G70+Lomonosov!G70+Maiakovski!G70 -> 0 | H70: =Hasdeu!H70+Alecsandri!H70+Cosbuc!H70+Cantemir!H70+Puskin!H70+Gorki!H70+'St cel Mare'!H70+Blaga!H70+Lomonosov!H70+Maiakovski!H70 -> 0 | I70: =Hasdeu!I70+Alecsandri!I70+Cosbuc!I70+Cantemir!I70+Puskin!I70+Gorki!I70+'St cel Mare'!I70+Blaga!I70+Lomonosov!I70+Maiakovski!I70 -> 0
A71: Elevi alimentați, din grupe cu regim prelungit | B71: 1043 | C71: 8.61 | D71: =Hasdeu!D71+Alecsandri!D71+Cosbuc!D71+Cantemir!D71+Puskin!D71+Gorki!D71+'St cel Mare'!D71+Blaga!D71+Lomonosov!D71+Maiakovski!D71 -> 0 | E71: =Hasdeu!E71+Alecsandri!E71+Cosbuc!E71+Cantemir!E71+Puskin!E71+Gorki!E71+'St cel Mare'!E71+Blaga!E71+Lomonosov!E71+Maiakovski!E71 -> 0 | F71: =Hasdeu!F71+Alecsandri!F71+Cosbuc!F71+Cantemir!F71+Puskin!F71+Gorki!F71+'St cel Mare'!F71+Blaga!F71+Lomonosov!F71+Maiakovski!F71 -> 0 | G71: =Hasdeu!G71+Alecsandri!G71+Cosbuc!G71+Cantemir!G71+Puskin!G71+Gorki!G71+'St cel Mare'!G71+Blaga!G71+Lomonosov!G71+Maiakovski!G71 -> 0 | H71: =Hasdeu!H71+Alecsandri!H71+Cosbuc!H71+Cantemir!H71+Puskin!H71+Gorki!H71+'St cel Mare'!H71+Blaga!H71+Lomonosov!H71+Maiakovski!H71 -> 0 | I71: =Hasdeu!I71+Alecsandri!I71+Cosbuc!I71+Cantemir!I71+Puskin!I71+Gorki!I71+'St cel Mare'!I71+Blaga!I71+Lomonosov!I71+Maiakovski!I71 -> 0
A72: Alte categorii de elevi alimentați | B72: 1045 | C72: 8.62 | D72: =Hasdeu!D72+Alecsandri!D72+Cosbuc!D72+Cantemir!D72+Puskin!D72+Gorki!D72+'St cel Mare'!D72+Blaga!D72+Lomonosov!D72+Maiakovski!D72 -> 0 | E72: =Hasdeu!E72+Alecsandri!E72+Cosbuc!E72+Cantemir!E72+Puskin!E72+Gorki!E72+'St cel Mare'!E72+Blaga!E72+Lomonosov!E72+Maiakovski!E72 -> 0 | F72: =Hasdeu!F72+Alecsandri!F72+Cosbuc!F72+Cantemir!F72+Puskin!F72+Gorki!F72+'St cel Mare'!F72+Blaga!F72+Lomonosov!F72+Maiakovski!F72 -> 0 | G72: =Hasdeu!G72+Alecsandri!G72+Cosbuc!G72+Cantemir!G72+Puskin!G72+Gorki!G72+'St cel Mare'!G72+Blaga!G72+Lomonosov!G72+Maiakovski!G72 -> 0 | H72: =Hasdeu!H72+Alecsandri!H72+Cosbuc!H72+Cantemir!H72+Puskin!H72+Gorki!H72+'St cel Mare'!H72+Blaga!H72+Lomonosov!H72+Maiakovski!H72 -> 0 | I72: =Hasdeu!I72+Alecsandri!I72+Cosbuc!I72+Cantemir!I72+Puskin!I72+Gorki!I72+'St cel Mare'!I72+Blaga!I72+Lomonosov!I72+Maiakovski!I72 -> 0
A73: Elevi alimentați din clasele 5-8, din licee-internat cu profil sportiv | B73: 1046 | C73: 8.63 | D73: =Hasdeu!D73+Alecsandri!D73+Cosbuc!D73+Cantemir!D73+Puskin!D73+Gorki!D73+'St cel Mare'!D73+Blaga!D73+Lomonosov!D73+Maiakovski!D73 -> 0 | E73: =Hasdeu!E73+Alecsandri!E73+Cosbuc!E73+Cantemir!E73+Puskin!E73+Gorki!E73+'St cel Mare'!E73+Blaga!E73+Lomonosov!E73+Maiakovski!E73 -> 0 | F73: =Hasdeu!F73+Alecsandri!F73+Cosbuc!F73+Cantemir!F73+Puskin!F73+Gorki!F73+'St cel Mare'!F73+Blaga!F73+Lomonosov!F73+Maiakovski!F73 -> 0 | G73: =Hasdeu!G73+Alecsandri!G73+Cosbuc!G73+Cantemir!G73+Puskin!G73+Gorki!G73+'St cel Mare'!G73+Blaga!G73+Lomonosov!G73+Maiakovski!G73 -> 0 | H73: =Hasdeu!H73+Alecsandri!H73+Cosbuc!H73+Cantemir!H73+Puskin!H73+Gorki!H73+'St cel Mare'!H73+Blaga!H73+Lomonosov!H73+Maiakovski!H73 -> 0 | I73: =Hasdeu!I73+Alecsandri!I73+Cosbuc!I73+Cantemir!I73+Puskin!I73+Gorki!I73+'St cel Mare'!I73+Blaga!I73+Lomonosov!I73+Maiakovski!I73 -> 0
A74: Elevi alimentați din clasele 9-12, din licee-internat cu profil sportiv | B74: 1047 | C74: 8.64 | D74: =Hasdeu!D74+Alecsandri!D74+Cosbuc!D74+Cantemir!D74+Puskin!D74+Gorki!D74+'St cel Mare'!D74+Blaga!D74+Lomonosov!D74+Maiakovski!D74 -> 0 | E74: =Hasdeu!E74+Alecsandri!E74+Cosbuc!E74+Cantemir!E74+Puskin!E74+Gorki!E74+'St cel Mare'!E74+Blaga!E74+Lomonosov!E74+Maiakovski!E74 -> 0 | F74: =Hasdeu!F74+Alecsandri!F74+Cosbuc!F74+Cantemir!F74+Puskin!F74+Gorki!F74+'St cel Mare'!F74+Blaga!F74+Lomonosov!F74+Maiakovski!F74 -> 0 | G74: =Hasdeu!G74+Alecsandri!G74+Cosbuc!G74+Cantemir!G74+Puskin!G74+Gorki!G74+'St cel Mare'!G74+Blaga!G74+Lomonosov!G74+Maiakovski!G74 -> 0 | H74: =Hasdeu!H74+Alecsandri!H74+Cosbuc!H74+Cantemir!H74+Puskin!H74+Gorki!H74+'St cel Mare'!H74+Blaga!H74+Lomonosov!H74+Maiakovski!H74 -> 0 | I74: =Hasdeu!I74+Alecsandri!I74+Cosbuc!I74+Cantemir!I74+Puskin!I74+Gorki!I74+'St cel Mare'!I74+Blaga!I74+Lomonosov!I74+Maiakovski!I74 -> 0
A75: Zile de alimentare a elevilor, în total | B75: 1050 | C75: 8.65 | D75: x | E75: x | F75: =Hasdeu!F75+Alecsandri!F75+Cosbuc!F75+Cantemir!F75+Puskin!F75+Gorki!F75+'St cel Mare'!F75+Blaga!F75+Lomonosov!F75+Maiakovski!F75 -> 0 | G75: =Hasdeu!G75+Alecsandri!G75+Cosbuc!G75+Cantemir!G75+Puskin!G75+Gorki!G75+'St cel Mare'!G75+Blaga!G75+Lomonosov!G75+Maiakovski!G75 -> 0 | H75: x | I75: x
A76: Zile de alimentare a elevilor din clasele 1-4, asigurați cu micul dejun | B76: 1051 | C76: 8.66 | D76: x | E76: x | F76: =Hasdeu!F76+Alecsandri!F76+Cosbuc!F76+Cantemir!F76+Puskin!F76+Gorki!F76+'St cel Mare'!F76+Blaga!F76+Lomonosov!F76+Maiakovski!F76 -> 0 | G76: =Hasdeu!G76+Alecsandri!G76+Cosbuc!G76+Cantemir!G76+Puskin!G76+Gorki!G76+'St cel Mare'!G76+Blaga!G76+Lomonosov!G76+Maiakovski!G76 -> 0 | H76: x | I76: x
A77: Zile de alimentare a elevilor din clasele 5-9(12),ce beneficiaza de alimentație | B77: 1052 | C77: 8.67 | D77: x | E77: x | F77: =Hasdeu!F77+Alecsandri!F77+Cosbuc!F77+Cantemir!F77+Puskin!F77+Gorki!F77+'St cel Mare'!F77+Blaga!F77+Lomonosov!F77+Maiakovski!F77 -> 0 | G77: =Hasdeu!G77+Alecsandri!G77+Cosbuc!G77+Cantemir!G77+Puskin!G77+Gorki!G77+'St cel Mare'!G77+Blaga!G77+Lomonosov!G77+Maiakovski!G77 -> 0 | H77: x | I77: x
A78: Zile de alimentare a elevilor, din grupe cu regim prelungit | B78: 1053 | C78: 8.68 | D78: x | E78: x | F78: =Hasdeu!F78+Alecsandri!F78+Cosbuc!F78+Cantemir!F78+Puskin!F78+Gorki!F78+'St cel Mare'!F78+Blaga!F78+Lomonosov!F78+Maiakovski!F78 -> 0 | G78: =Hasdeu!G78+Alecsandri!G78+Cosbuc!G78+Cantemir!G78+Puskin!G78+Gorki!G78+'St cel Mare'!G78+Blaga!G78+Lomonosov!G78+Maiakovski!G78 -> 0 | H78: x | I78: x
A79: Zile de alimentare a altor categorii de elevi alimentați | B79: 1055 | C79: 8.69 | D79: x | E79: x | F79: =Hasdeu!F79+Alecsandri!F79+Cosbuc!F79+Cantemir!F79+Puskin!F79+Gorki!F79+'St cel Mare'!F79+Blaga!F79+Lomonosov!F79+Maiakovski!F79 -> 0 | G79: =Hasdeu!G79+Alecsandri!G79+Cosbuc!G79+Cantemir!G79+Puskin!G79+Gorki!G79+'St cel Mare'!G79+Blaga!G79+Lomonosov!G79+Maiakovski!G79 -> 0 | H79: x | I79: x
A80: Zile de alimentare a elevilor din clasele 5-8, din licee-internat cu profil sportiv | B80: 1056 | C80: 8.70 | D80: x | E80: x | F80: =Hasdeu!F80+Alecsandri!F80+Cosbuc!F80+Cantemir!F80+Puskin!F80+Gorki!F80+'St cel Mare'!F80+Blaga!F80+Lomonosov!F80+Maiakovski!F80 -> 0 | G80: =Hasdeu!G80+Alecsandri!G80+Cosbuc!G80+Cantemir!G80+Puskin!G80+Gorki!G80+'St cel Mare'!G80+Blaga!G80+Lomonosov!G80+Maiakovski!G80 -> 0 | H80: x | I80: x
A81: Zile de alimentare a elevilor din clasele 9-12, din licee-internat cu profil sportiv | B81: 1057 | C81: 8.71 | D81: x | E81: x | F81: =Hasdeu!F81+Alecsandri!F81+Cosbuc!F81+Cantemir!F81+Puskin!F81+Gorki!F81+'St cel Mare'!F81+Blaga!F81+Lomonosov!F81+Maiakovski!F81 -> 0 | G81: =Hasdeu!G81+Alecsandri!G81+Cosbuc!G81+Cantemir!G81+Puskin!G81+Gorki!G81+'St cel Mare'!G81+Blaga!G81+Lomonosov!G81+Maiakovski!G81 -> 0 | H81: x | I81: x
A82: Cheltuieli pentru alimentarea elevilor, în total, inclusiv | B82: 1060 | C82: 8.72 | D82: x | E82: x | F82: =Hasdeu!F82+Alecsandri!F82+Cosbuc!F82+Cantemir!F82+Puskin!F82+Gorki!F82+'St cel Mare'!F82+Blaga!F82+Lomonosov!F82+Maiakovski!F82 -> 0 | G82: =Hasdeu!G82+Alecsandri!G82+Cosbuc!G82+Cantemir!G82+Puskin!G82+Gorki!G82+'St cel Mare'!G82+Blaga!G82+Lomonosov!G82+Maiakovski!G82 -> 0 | H82: x | I82: x
A83: Cheltuieli pentru alimentarea elevilor din clasele 1-4, asigurați cu micul dejun | B83: 1061 | C83: 8.73 | D83: x | E83: x | F83: =Hasdeu!F83+Alecsandri!F83+Cosbuc!F83+Cantemir!F83+Puskin!F83+Gorki!F83+'St cel Mare'!F83+Blaga!F83+Lomonosov!F83+Maiakovski!F83 -> 0 | G83: =Hasdeu!G83+Alecsandri!G83+Cosbuc!G83+Cantemir!G83+Puskin!G83+Gorki!G83+'St cel Mare'!G83+Blaga!G83+Lomonosov!G83+Maiakovski!G83 -> 0 | H83: x | I83: x
A84: Cheltuieli pentru alimentarea elevilor din clasele 5-9(12), ce beneficiază de alimentație | B84: 1062 | C84: 8.74 | E84: x | F84: =Hasdeu!F84+Alecsandri!F84+Cosbuc!F84+Cantemir!F84+Puskin!F84+Gorki!F84+'St cel Mare'!F84+Blaga!F84+Lomonosov!F84+Maiakovski!F84 -> 0 | G84: =Hasdeu!G84+Alecsandri!G84+Cosbuc!G84+Cantemir!G84+Puskin!G84+Gorki!G84+'St cel Mare'!G84+Blaga!G84+Lomonosov!G84+Maiakovski!G84 -> 0 | H84: x
A85: Cheltuieli pentru alimentarea elevilor, din grupele cu regim prelungit | B85: 1063 | C85: 8.75 | D85: x | E85: x | F85: =Hasdeu!F85+Alecsandri!F85+Cosbuc!F85+Cantemir!F85+Puskin!F85+Gorki!F85+'St cel Mare'!F85+Blaga!F85+Lomonosov!F85+Maiakovski!F85 -> 0 | G85: =Hasdeu!G85+Alecsandri!G85+Cosbuc!G85+Cantemir!G85+Puskin!G85+Gorki!G85+'St cel Mare'!G85+Blaga!G85+Lomonosov!G85+Maiakovski!G85 -> 0 | H85: x | I85: x
A86: Cheltuieli pentru alimentarea altor categorii de elevi alimentați | B86: 1065 | C86: 8.76 | D86: x | E86: x | F86: =Hasdeu!F86+Alecsandri!F86+Cosbuc!F86+Cantemir!F86+Puskin!F86+Gorki!F86+'St cel Mare'!F86+Blaga!F86+Lomonosov!F86+Maiakovski!F86 -> 0 | G86: =Hasdeu!G86+Alecsandri!G86+Cosbuc!G86+Cantemir!G86+Puskin!G86+Gorki!G86+'St cel Mare'!G86+Blaga!G86+Lomonosov!G86+Maiakovski!G86 -> 0 | H86: x | I86: x
A87: Cheltuieli pentru alimentarea elevilor din clasele 5-8, din licee-internat cu profil sportiv | B87: 1066 | C87: 8.77 | D87: x | E87: x | F87: =Hasdeu!F87+Alecsandri!F87+Cosbuc!F87+Cantemir!F87+Puskin!F87+Gorki!F87+'St cel Mare'!F87+Blaga!F87+Lomonosov!F87+Maiakovski!F87 -> 0 | G87: =Hasdeu!G87+Alecsandri!G87+Cosbuc!G87+Cantemir!G87+Puskin!G87+Gorki!G87+'St cel Mare'!G87+Blaga!G87+Lomonosov!G87+Maiakovski!G87 -> 0 | H87: x | I87: x
A88: Cheltuieli pentru alimentarea elevilor din clasele 9-12, din licee-internat cu profil sportiv | B88: 1067 | C88: 8.78 | D88: x | E88: x | F88: =Hasdeu!F88+Alecsandri!F88+Cosbuc!F88+Cantemir!F88+Puskin!F88+Gorki!F88+'St cel Mare'!F88+Blaga!F88+Lomonosov!F88+Maiakovski!F88 -> 0 | G88: =Hasdeu!G88+Alecsandri!G88+Cosbuc!G88+Cantemir!G88+Puskin!G88+Gorki!G88+'St cel Mare'!G88+Blaga!G88+Lomonosov!G88+Maiakovski!G88 -> 0 | H88: x | I88: x
A89: Cheltuieli pentru acordarea compensațiilor bănești anuale cadrelor didactice | B89: 504 | C89: 8.79 | D89: x | E89: x | F89: =Cantemir!F89+Hasdeu!F89+Blaga!F89+Lomonosov!F89+Gorki!F89+Cosbuc!F89+Maiakovski!F89+'St cel Mare'!F89+Puskin!F89+Alecsandri!F89 -> 2336000 | G89: =Cantemir!G89+Hasdeu!G89+Blaga!G89+Lomonosov!G89+Gorki!G89+Cosbuc!G89+Maiakovski!G89+'St cel Mare'!G89+Puskin!G89+Alecsandri!G89 -> 2260000 | H89: x | I89: x
F91: =F89/4000 -> 584 | G91: =G89/4000 -> 565

Sheet Cantemir
H2: cant
A3: Aprobat prin ordinul Ministrului
A4: al Finanţelor al Republicii Moldova
A5: nr.___________al___________
A6: Retea, state si contingente ale instituriilor
A7: în perioada Tr.2 -2024 | J7: FD-048-BL
A8: Denumirea indicatorului | B8: codificatorul formularului | C8: Codul rindului | D8: Aprobat la inceputul anului | E8: Aprobat la sfirsitul anului | F8: Numarul mediu prevazut pe an | G8: Numarul mediu realizat la 30.09.2025 | H8: Real incadrat la începutul anului | I8: Real incadrat la sfîrsitul perioadei | J8: 04156 | K8: 0922 | L8: 8806 | M8: 00492 | N8: 0300
A9: 1 | B9: 2 | C9: 3 | D9: 4 | E9: 5 | F9: 6 | G9: 7 | H9: 8 | I9: 9
A10: RAPORT nr. 3-8 privind învățămîntul primar, gimnazial și liceal | C10: 8
A11: Instituții în total, inclusiv | B11: 1 | C11: 8.1 | F11: x | G11: x
A12: filiale | B12: 10 | C12: 8.2 | F12: x | G12: x
A13: Unități în state (posturi) în total, inclusiv | B13: 101 | C13: 8.3 | K13: Aprobat la inceputul anului | L13: Aprobat la sfirsitul anului | M13: Numarul mediu prevazut pe an | N13: Numarul mediu realizat la 01.01.2020 | O13: Real incadrat la începutul anului | P13: Real incadratla sfîrsitul perioadei
A14: funcții didactice, inclusiv | B14: 102 | C14: 8.4 | J14: cond. | K14: =D15+D19+D22 -> 0 | L14: =E15+E19+E22 -> 0 | M14: =F15+F19+F22 -> 0 | N14: =G15+G19+G22 -> 0 | O14: =H15+H19+H22 -> 0 | P14: =I15+I19+I22 -> 0
A15: de conducere | B15: 126 | C15: 8.5 | J15: exec | K15: =D16+D20+D23 -> 0 | L15: =E16+E20+E23 -> 0 | M15: =F16+F20+F23 -> 0 | N15: =G16+G20+G23 -> 0 | O15: =H16+H20+H23 -> 0 | P15: =I16+I20+I23 -> 0
A16: de execuție din care | B16: 145 | C16: 8.6 | J16: muncitori | K16: =D24 -> 0 | L16: =E24 -> 0 | M16: =F24 -> 0 | N16: =G24 -> 0 | O16: =H24 -> 0 | P16: =I24 -> 0
A17: cadre didactice de sprijin | B17: 146 | C17: 8.7 | J17: Total | K17: =K14+K15+K16 -> 0 | L17: =L14+L15+L16 -> 0 | M17: =M14+M15+M16 -> 0 | N17: =N14+N15+N16 -> 0 | O17: =O14+O15+O16 -> 0 | P17: =P14+P15+P16 -> 0
A18: funcții de specialitate, inclusiv | B18: 103 | C18: 8.8 | J18: control | K18: =D13-K17 -> 0 | L18: =E13-L17 -> 0 | M18: =F13-M17 -> 0 | N18: =G13-N17 -> 0 | O18: =H13-O17 -> 0 | P18: =I13-P17 -> 0
A19: de conducere | B19: 126 | C19: 8.9
A20: de execuție | B20: 145 | C20: 8.10
A21: funcții complexe, inclusiv | B21: 104 | C21: 8.11
A22: de conducere | B22: 126 | C22: 8.12
A23: de execuție | B23: 145 | C23: 8.13
A24: muncitori | B24: 177 | C24: 8.14
A25: Personal angajat în total, inclusiv | B25: 100 | C25: 8.15 | D25: =D26+D30+D33 -> 0 | E25: =E26+E30+E33 -> 0 | F25: x | G25: =G26+G30+G33 -> 0 | H25: =H26+H30+H33 -> 0 | I25: =I26+I30+I33 -> 0 | K25: Aprobat la inceputul anului | L25: Aprobat la sfirsitul anului | M25: Numarul mediu prevazut pe an | N25: Numarul mediu realizat la 01.01.2020 | O25: Real incadrat la începutul anului | P25: Real incadratla sfîrsitul perioadei
A26: funcții didactice, inclusiv | B26: 105 | C26: 8.16 | F26: x | J26: cond. | K26: =D27+D31+D34 -> 0 | L26: =E27+E31+E34 -> 0 | M26: =F27+F31+F34 -> #VALUE! | N26: =G27+G31+G34 -> 0 | O26: =H27+H31+H34 -> 0 | P26: =I27+I31+I34 -> 0
A27: de conducere | B27: 120 | C27: 8.17 | F27: x | J27: exec | K27: =D28+D32+D35 -> 0 | L27: =E28+E32+E35 -> 0 | M27: =F28+F32+F35 -> #VALUE! | N27: =G28+G32+G35 -> 0 | O27: =H28+H32+H35 -> 0 | P27: =I28+I32+I35 -> 0
A28: de execuție, din care | B28: 140 | C28: 8.18 | F28: x | J28: muncitori | K28: =D36 -> 0 | L28: =E36 -> 0 | M28: =F36 -> x | N28: =G36 -> 0 | O28: =H36 -> 0 | P28: =I36 -> 0
A29: cadre didactice de sprijin | B29: 147 | C29: 8.19 | F29: x | J29: Total | K29: =K26+K27+K28 -> 0 | L29: =L26+L27+L28 -> 0 | M29: =M26+M27+M28 -> #VALUE! | N29: =N26+N27+N28 -> 0 | O29: =O26+O27+O28 -> 0 | P29: =P26+P27+P28 -> 0
A30: funcții de specialitate, inclusiv | B30: 106 | C30: 8.20 | F30: x | J30: control | K30: =K29-D25 -> 0 | L30: =L29-E25 -> 0 | M30: =M29-F25 -> #VALUE! | N30: =N29-G25 -> 0 | O30: =O29-H25 -> 0 | P30: =P29-I25 -> 0
A31: de conducere | B31: 120 | C31: 8.21 | F31: x | K31: 76 | L31: 76 | M31: X | N31: 76 | O31: 76 | P31: 78
A32: de execuție | B32: 140 | C32: 8.22 | F32: x
A33: funcții complexe, inclusiv | B33: 107 | C33: 8.23 | F33: x
A34: de conducere | B34: 120 | C34: 8.24 | F34: x
A35: de execuție | B35: 140 | C35: 8.25 | F35: x
A36: muncitori | B36: 175 | C36: 8.26 | F36: x
A37: Numărul personalului didactic beneficiar de compensații anuale, inclusiv | B37: 108 | C37: 8.27 | D37: =D38+D39 -> 60 | E37: =E38+E39 -> 63 | F37: x | G37: x | H37: =H38+H39 -> 60 | I37: =I38+I39 -> 61
A38: cu funcție de conducere | B38: 120 | C38: 8.28 | D38: 5 | E38: 5 | F38: x | G38: x | H38: =D38 -> 5 | I38: 5
A39: cu funcție de execuție | B39: 140 | C39: 8.29 | D39: 55 | E39: 58 | F39: x | G39: x | H39: =D39 -> 55 | I39: 56
A40: Retibuirea muncii în total, inclusiv | B40: 500 | C40: 8.30 | D40: x | E40: x | F40: =F41+F45+F48 -> 0 | G40: =G41+G45+G48 -> 0 | H40: x | I40: x
A41: funcții didactice, inclusiv | B41: 501 | C41: 8.31 | D41: x | E41: x | H41: x | I41: x
A42: de conducere | B42: 510 | C42: 8.32 | D42: x | E42: x | H42: x | I42: x
A43: de execuție, din care | B43: 540 | C43: 8.33 | D43: x | E43: x | H43: x | I43: x
A44: cadre didactice de sprijin | B44: 148 | C44: 8.34 | D44: x | E44: x | H44: x | I44: x
A45: funcții de specialitate, inclusiv | B45: 502 | C45: 8.35 | D45: x | E45: x | H45: x | I45: x | K45: 0
A46: de conducere | B46: 510 | C46: 8.36 | D46: x | E46: x | H46: x | I46: x
A47: de execuție | B47: 540 | C47: 8.37 | D47: x | E47: x | H47: x | I47: x
A48: funcții complexe, inclusiv | B48: 503 | C48: 8.38 | D48: x | E48: x | H48: x | I48: x
A49: de conducere | B49: 510 | C49: 8.39 | D49: x | E49: x | H49: x | I49: x
A50: de execuție | B50: 540 | C50: 8.40 | D50: x | E50: x | H50: x | I50: x
A51: muncitori | B51: 555 | C51: 8.41 | D51: x | E51: x | H51: x | I51: x
A52: Clase în total, inclusiv: | B52: 1100 | C52: 8.42
A53: clasele 1-4 | B53: 1101 | C53: 8.43
A54: clasele 5-9 | B54: 1102 | C54: 8.44
A55: clasele 10-12 | B55: 1103 | C55: 8.45
A56: Clase cu profil sportiv, inclusiv: | B56: 1110 | C56: 8.46
A57: clasele 1-4 | B57: 1111 | C57: 8.47
A58: clasele 5-9 | B58: 1112 | C58: 8.48
A59: clasele 10-12 | B59: 1113 | C59: 8.49
A60: Elevi în total, inclusiv: | B60: 1120 | C60: 8.50
A61: clasele 1-4 | B61: 1121 | C61: 8.51
A62: clasele 5-9 | B62: 1122 | C62: 8.52
A63: clasele 10-12 | B63: 1123 | C63: 8.53
... A74: Elevi alimentați din clasele 9-12, din licee-internat cu profil sportiv | B74: 1047 | C74: 8.64
A75: Zile de alimentare a elevilor, în total | B75: 1050 | C75: 8.65 | D75: x | E75: x | H75: x | I75: x
A76: Zile de alimentare a elevilor din clasele 1-4, asigurați cu micul dejun | B76: 1051 | C76: 8.66 | D76: x | E76: x | H76: x | I76: x
A77: Zile de alimentare a elevilor din clasele 5-9(12),ce beneficiaza de alimentație | B77: 1052 | C77: 8.67 | D77: x | E77: x | H77: x | I77: x
A78: Zile de alimentare a elevilor, din grupe cu regim prelungit | B78: 1053 | C78: 8.68 | D78: x | E78: x | H78: x | I78: x
A79: Zile de alimentare a altor categorii de elevi alimentați | B79: 1055 | C79: 8.69 | D79: x | E79: x | H79: x | I79: x
A80: Zile de alimentare a elevilor din clasele 5-8, din licee-internat cu profil sportiv | B80: 1056 | C80: 8.70 | D80: x | E80: x | H80: x | I80: x
A81: Zile de alimentare a elevilor din clasele 9-12, din licee-internat cu profil sportiv | B81: 1057 | C81: 8.71 | D81: x | E81: x | H81: x | I81: x
A82: Cheltuieli pentru alimentarea elevilor, în total, inclusiv | B82: 1060 | C82: 8.72 | D82: x | E82: x | H82: x | I82: x
A83: Cheltuieli pentru alimentarea elevilor din clasele 1-4, asigurați cu micul dejun | B83: 1061 | C83: 8.73 | D83: x | E83: x | H83: x | I83: x
A84: Cheltuieli pentru alimentarea elevilor din clasele 5-9(12), ce beneficiază de alimentație | B84: 1062 | C84: 8.74 | E84: x | H84: x
A85: Cheltuieli pentru alimentarea elevilor, din grupele cu regim prelungit | B85: 1063 | C85: 8.75 | D85: x | E85: x | H85: x | I85: x
A86: Cheltuieli pentru alimentarea altor categorii de elevi alimentați | B86: 1065 | C86: 8.76 | D86: x | E86: x | H86: x | I86: x
A87: Cheltuieli pentru alimentarea elevilor din clasele 5-8, din licee-internat cu profil sportiv | B87: 1066 | C87: 8.77 | D87: x | E87: x | H87: x | I87: x
A88: Cheltuieli pentru alimentarea elevilor din clasele 9-12, din licee-internat cu profil sportiv | B88: 1067 | C88: 8.78 | D88: x | E88: x | H88: x | I88: x
A89: Cheltuieli pentru acordarea compensațiilor bănești anuale cadrelor didactice | B89: 504 | C89: 8.79 | D89: x | E89: x | F89: 252000 | G89: 244000 | H89: x | I89: x
F91: =F89/4000 -> 63 | G91: =G89/4000 -> 61

Sheet Hasdeu
H2: hajdeu
A3: Aprobat prin ordinul Ministrului
A4: al Finanţelor al Republicii Moldova
A5: nr.___________al___________
A6: Retea, state si contingente ale instituriilor
A7: în perioada Tr.2 -2024 | J7: FD-048-BL
A8: Denumirea indicatorului | B8: codificatorul formularului | C8: Codul rindului | D8: Aprobat la inceputul anului | E8: Aprobat la sfirsitul anului | F8: Numarul mediu prevazut pe an | G8: Numarul mediu realizat la 30.09.2025 | H8: Real incadrat la începutul anului | I8: Real incadrat la sfîrsitul perioadei | J8: 04157 | K8: 0922 | L8: 8806 | M8: 00492 | N8: 0300
A9: 1 | B9: 2 | C9: 3 | D9: 4 | E9: 5 | F9: 6 | G9: 7 | H9: 8 | I9: 9
A10: RAPORT nr. 3-8 privind învățămîntul primar, gimnazial și liceal | C10: 8
A11: Instituții în total, inclusiv | B11: 1 | C11: 8.1 | F11: x | G11: x
A12: filiale | B12: 10 | C12: 8.2 | F12: x | G12: x
A13: Unități în state (posturi) în total, inclusiv | B13: 101 | C13: 8.3 | K13: Aprobat la inceputul anului | L13: Aprobat la sfirsitul anului | M13: Numarul mediu prevazut pe an | N13: Numarul mediu realizat la 01.01.2020 | O13: Real incadrat la începutul anului | P13: Real incadratla sfîrsitul perioadei
A14: funcții didactice, inclusiv | B14: 102 | C14: 8.4 | J14: cond. | K14: =D15+D19+D22 -> 0 | L14: =E15+E19+E22 -> 0 | M14: =F15+F19+F22 -> 0 | N14: =G15+G19+G22 -> 0 | O14: =H15+H19+H22 -> 0 | P14: =I15+I19+I22 -> 0
A15: de conducere | B15: 126 | C15: 8.5 | J15: exec | K15: =D16+D20+D23 -> 0 | L15: =E16+E20+E23 -> 0 | M15: =F16+F20+F23 -> 0 | N15: =G16+G20+G23 -> 0 | O15: =H16+H20+H23 -> 0 | P15: =I16+I20+I23 -> 0
A16: de execuție din care | B16: 145 | C16: 8.6 | J16: muncitori | K16: =D24 -> 0 | L16: =E24 -> 0 | M16: =F24 -> 0 | N16: =G24 -> 0 | O16: =H24 -> 0 | P16: =I24 -> 0
A17: cadre didactice de sprijin | B17: 146 | C17: 8.7 | J17: Total | K17: =K14+K15+K16 -> 0 | L17: =L14+L15+L16 -> 0 | M17: =M14+M15+M16 -> 0 | N17: =N14+N15+N16 -> 0 | O17: =O14+O15+O16 -> 0 | P17: =P14+P15+P16 -> 0
A18: funcții de specialitate, inclusiv | B18: 103 | C18: 8.8 | J18: control | K18: =D13-K17 -> 0 | L18: =E13-L17 -> 0 | M18: =F13-M17 -> 0 | N18: =G13-N17 -> 0 | O18: =H13-O17 -> 0 | P18: =I13-P17 -> 0
A19: de conducere | B19: 126 | C19: 8.9
A20: de execuție | B20: 145 | C20: 8.10
A21: funcții complexe, inclusiv | B21: 104 | C21: 8.11
A22: de conducere | B22: 126 | C22: 8.12
A23: de execuție | B23: 145 | C23: 8.13
A24: muncitori | B24: 177 | C24: 8.14
A25: Personal angajat în total, inclusiv | B25: 100 | C25: 8.15 | D25: =D26+D30+D33 -> 0 | E25: =E26+E30+E33 -> 0 | F25: x | G25: =G26+G30+G33 -> 0 | H25: =H26+H30+H33 -> 0 | I25: =I26+I30+I33 -> 0 | K25: Aprobat la inceputul anului | L25: Aprobat la sfirsitul anului | M25: Numarul mediu prevazut pe an | N25: Numarul mediu realizat la 01.01.2020 | O25: Real incadrat la începutul anului | P25: Real incadratla sfîrsitul perioadei
A26: funcții didactice, inclusiv | B26: 105 | C26: 8.16 | F26: x | J26: cond. | K26: =D27+D31+D34 -> 0 | L26: =E27+E31+E34 -> 0 | M26: =F27+F31+F34 -> #VALUE! | N26: =G27+G31+G34 -> 0 | O26: =H27+H31+H34 -> 0 | P26: =I27+I31+I34 -> 0
A27: de conducere | B27: 120 | C27: 8.17 | F27: x | J27: exec | K27: =D28+D32+D35 -> 0 | L27: =E28+E32+E35 -> 0 | M27: =F28+F32+F35 -> #VALUE! | N27: =G28+G32+G35 -> 0 | O27: =H28+H32+H35 -> 0 | P27: =I28+I32+I35 -> 0
A28: de execuție, din care | B28: 140 | C28: 8.18 | F28: x | J28: muncitori | K28: =D36 -> 0 | L28: =E36 -> 0 | M28: =F36 -> x | N28: =G36 -> 0 | O28: =H36 -> 0 | P28: =I36 -> 0
A29: cadre didactice de sprijin | B29: 147 | C29: 8.19 | F29: x | J29: Total | K29: =K26+K27+K28 -> 0 | L29: =L26+L27+L28 -> 0 | M29: =M26+M27+M28 -> #VALUE! | N29: =N26+N27+N28 -> 0 | O29: =O26+O27+O28 -> 0 | P29: =P26+P27+P28 -> 0
A30: funcții de specialitate, inclusiv | B30: 106 | C30: 8.20 | F30: x | J30: control | K30: =K29-D25 -> 0 | L30: =L29-E25 -> 0 | M30: =M29-F25 -> #VALUE! | N30: =N29-G25 -> 0 | O30: =O29-H25 -> 0 | P30: =P29-I25 -> 0
A31: de conducere | B31: 120 | C31: 8.21 | F31: x
A32: de execuție | B32: 140 | C32: 8.22 | F32: x
A33: funcții complexe, inclusiv | B33: 107 | C33: 8.23 | F33: x
A34: de conducere | B34: 120 | C34: 8.24 | F34: x
A35: de execuție | B35: 140 | C35: 8.25 | F35: x
A36: muncitori | B36: 175 | C36: 8.26 | F36: x
A37: Numărul personalului didactic beneficiar de compensații anuale, inclusiv | B37: 108 | C37: 8.27 | D37: =D38+D39 -> 46 | E37: =E38+E39 -> 53 | F37: x | G37: x | H37: =H38+H39 -> 46 | I37: =I38+I39 -> 53
A38: cu funcție de conducere | B38: 120 | C38: 8.28 | D38: 3 | E38: 3 | F38: x | G38: x | H38: =D38 -> 3 | I38: 3
A39: cu funcție de execuție | B39: 140 | C39: 8.29 | D39: 43 | E39: 50 | F39: x | G39: x | H39: =D39 -> 43 | I39: 50
A40: Retibuirea muncii în total, inclusiv | B40: 500 | C40: 8.30 | E40: x | F40: =F41+F45+F48 -> 0 | G40: =G41+G45+G48 -> 0 | H40: x
A41: funcții didactice, inclusiv | B41: 501 | C41: 8.31 | D41: x | E41: x | H41: x | I41: x
A42: de conducere | B42: 510 | C42: 8.32 | D42: x | E42: x | H42: x | I42: x
A43: de execuție, din care | B43: 540 | C43: 8.33 | D43: x | E43: x | H43: x | I43: x
A44: cadre didactice de sprijin | B44: 148 | C44: 8.34 | D44: x | E44: x | H44: x | I44: x
A45: funcții de specialitate, inclusiv | B45: 502 | C45: 8.35 | D45: x | E45: x | H45: x | I45: x
A46: de conducere | B46: 510 | C46: 8.36 | D46: x | E46: x | H46: x | I46: x
A47: de execuție | B47: 540 | C47: 8.37 | D47: x | E47: x | H47: x | I47: x
A48: funcții complexe, inclusiv | B48: 503 | C48: 8.38 | D48: x | E48: x | H48: x | I48: x
A49: de conducere | B49: 510 | C49: 8.39 | D49: x | E49: x | H49: x | I49: x
A50: de execuție | B50: 540 | C50: 8.40 | D50: x | E50: x | H50: x | I50: x
A51: muncitori | B51: 555 | C51: 8.41 | D51: x | E51: x | H51: x | I51: x
A52: Clase în total, inclusiv: | B52: 1100 | C52: 8.42
A53: clasele 1-4 | B53: 1101 | C53: 8.43
A54: clasele 5-9 | B54: 1102 | C54: 8.44
A55: clasele 10-12 | B55: 1103 | C55: 8.45
A56: Clase cu profil sportiv, inclusiv: | B56: 1110 | C56: 8.46
A57: clasele 1-4 | B57: 1111 | C57: 8.47
A58: clasele 5-9 | B58: 1112 | C58: 8.48
A59: clasele 10-12 | B59: 1113 | C59: 8.49
A60: Elevi în total, inclusiv: | B60: 1120 | C60: 8.50
A61: clasele 1-4 | B61: 1121 | C61: 8.51
A62: clasele 5-9 | B62: 1122 | C62: 8.52
A63: clasele 10-12 | B63: 1123 | C63: 8.53
... A74: Elevi alimentați din clasele 9-12, din licee-internat cu profil sportiv | B74: 1047 | C74: 8.64
A75: Zile de alimentare a elevilor, în total | B75: 1050 | C75: 8.65 | D75: x | E75: x | H75: x | I75: x
A76: Zile de alimentare a elevilor din clasele 1-4, asigurați cu micul dejun | B76: 1051 | C76: 8.66 | D76: x | E76: x | H76: x | I76: x
A77: Zile de alimentare a elevilor din clasele 5-9(12),ce beneficiaza de alimentație | B77: 1052 | C77: 8.67 | D77: x | E77: x | H77: x | I77: x
A78: Zile de alimentare a elevilor, din grupe cu regim prelungit | B78: 1053 | C78: 8.68 | D78: x | E78: x | H78: x | I78: x
A79: Zile de alimentare a altor categorii de elevi alimentați | B79: 1055 | C79: 8.69 | D79: x | E79: x | H79: x | I79: x
A80: Zile de alimentare a elevilor din clasele 5-8, din licee-internat cu profil sportiv | B80: 1056 | C80: 8.70 | D80: x | E80: x | H80: x | I80: x
A81: Zile de alimentare a elevilor din clasele 9-12, din licee-internat cu profil sportiv | B81: 1057 | C81: 8.71 | D81: x | E81: x | H81: x | I81: x
A82: Cheltuieli pentru alimentarea elevilor, în total, inclusiv | B82: 1060 | C82: 8.72 | D82: x | E82: x | H82: x | I82: x
A83: Cheltuieli pentru alimentarea elevilor din clasele 1-4, asigurați cu micul dejun | B83: 1061 | C83: 8.73 | D83: x | E83: x | H83: x | I83: x
A84: Cheltuieli pentru alimentarea elevilor din clasele 5-9(12), ce beneficiază de alimentație | B84: 1062 | C84: 8.74 | E84: x | H84: x
A85: Cheltuieli pentru alimentarea elevilor, din grupele cu regim prelungit | B85: 1063 | C85: 8.75 | D85: x | E85: x | H85: x | I85: x
A86: Cheltuieli pentru alimentarea altor categorii de elevi alimentați | B86: 1065 | C86: 8.76 | D86: x | E86: x | H86: x | I86: x
A87: Cheltuieli pentru alimentarea elevilor din clasele 5-8, din licee-internat cu profil sportiv | B87: 1066 | C87: 8.77 | D87: x | E87: x | H87: x | I87: x
A88: Cheltuieli pentru alimentarea elevilor din clasele 9-12, din licee-internat cu profil sportiv | B88: 1067 | C88: 8.78 | D88: x | E88: x | H88: x | I88: x
A89: Cheltuieli pentru acordarea compensațiilor bănești anuale cadrelor didactice | B89: 504 | C89: 8.79 | D89: x | E89: x | F89: 212000 | G89: 212000 | H89: x | I89: x
F91: =F89/4000 -> 53 | G91: =G89/4000 -> 53

Sheet Blaga
H2: blaga
A3: Aprobat prin ordinul Ministrului
A4: al Finanţelor al Republicii Moldova
A5: nr.___________al___________
A6: Retea, state si contingente ale instituriilor
A7: în perioada Tr.2 -2024 | J7: FD-048-BL
A8: Denumirea indicatorului | B8: codificatorul formularului | C8: Codul rindului | D8: Aprobat la inceputul anului | E8: Aprobat la sfirsitul anului | F8: Numarul mediu prevazut pe an | G8: Numarul mediu realizat la 30.09.2025 | H8: Real incadrat la începutul anului | I8: Real incadrat la sfîrsitul perioadei | J8: 09863 | K8: 0922 | L8: 8806 | M8: 00492 | N8: 0300
A9: 1 | B9: 2 | C9: 3 | D9: 4 | E9: 5 | F9: 6 | G9: 7 | H9: 8 | I9: 9
A10: RAPORT nr. 3-8 privind învățămîntul primar, gimnazial și liceal | C10: 8
A11: Instituții în total, inclusiv | B11: 1 | C11: 8.1 | F11: x | G11: x
A12: filiale | B12: 10 | C12: 8.2 | F12: x | G12: x
A13: Unități în state (posturi) în total, inclusiv | B13: 101 | C13: 8.3 | K13: Aprobat la inceputul anului | L13: Aprobat la sfirsitul anului | M13: Numarul mediu prevazut pe an | N13: Numarul mediu realizat la 01.01.2020 | O13: Real incadrat la începutul anului | P13: Real incadratla sfîrsitul perioadei
A14: funcții didactice, inclusiv | B14: 102 | C14: 8.4 | J14: cond. | K14: =D15+D19+D22 -> 0 | L14: =E15+E19+E22 -> 0 | M14: =F15+F19+F22 -> 0 | N14: =G15+G19+G22 -> 0 | O14: =H15+H19+H22 -> 0 | P14: =I15+I19+I22 -> 0
A15: de conducere | B15: 126 | C15: 8.5 | J15: exec | K15: =D16+D20+D23 -> 0 | L15: =E16+E20+E23 -> 0 | M15: =F16+F20+F23 -> 0 | N15: =G16+G20+G23 -> 0 | O15: =H16+H20+H23 -> 0 | P15: =I16+I20+I23 -> 0
A16: de execuție din care | B16: 145 | C16: 8.6 | J16: muncitori | K16: =D24 -> 0 | L16: =E24 -> 0 | M16: =F24 -> 0 | N16: =G24 -> 0 | O16: =H24 -> 0 | P16: =I24 -> 0
A17: cadre didactice de sprijin | B17: 146 | C17: 8.7 | J17: Total | K17: =K14+K15+K16 -> 0 | L17: =L14+L15+L16 -> 0 | M17: =M14+M15+M16 -> 0 | N17: =N14+N15+N16 -> 0 | O17: =O14+O15+O16 -> 0 | P17: =P14+P15+P16 -> 0
A18: funcții de specialitate, inclusiv | B18: 103 | C18: 8.8 | J18: control | K18: =D13-K17 -> 0 | L18: =E13-L17 -> 0 | M18: =F13-M17 -> 0 | N18: =G13-N17 -> 0 | O18: =H13-O17 -> 0 | P18: =I13-P17 -> 0
A19: de conducere | B19: 126 | C19: 8.9
A20: de execuție | B20: 145 | C20: 8.10
A21: funcții complexe, inclusiv | B21: 104 | C21: 8.11
A22: de conducere | B22: 126 | C22: 8.12
A23: de execuție | B23: 145 | C23: 8.13
A24: muncitori | B24: 177 | C24: 8.14
A25: Personal angajat în total, inclusiv | B25: 100 | C25: 8.15 | D25: =D26+D30+D33 -> 0 | E25: =E26+E30+E33 -> 0 | F25: x | G25: =G26+G30+G33 -> 0 | H25: =H26+H30+H33 -> 0 | I25: =I26+I30+I33 -> 0 | K25: Aprobat la inceputul anului | L25: Aprobat la sfirsitul anului | M25: Numarul mediu prevazut pe an | N25: Numarul mediu realizat la 01.01.2020 | O25: Real incadrat la începutul anului | P25: Real incadratla sfîrsitul perioadei
A26: funcții didactice, inclusiv | B26: 105 | C26: 8.16 | F26: x | J26: cond. | K26: =D27+D31+D34 -> 0 | L26: =E27+E31+E34 -> 0 | M26: =F27+F31+F34 -> #VALUE! | N26: =G27+G31+G34 -> 0 | O26: =H27+H31+H34 -> 0 | P26: =I27+I31+I34 -> 0
A27: de conducere | B27: 120 | C27: 8.17 | F27: x | J27: exec | K27: =D28+D32+D35 -> 0 | L27: =E28+E32+E35 -> 0 | M27: =F28+F32+F35 -> #VALUE! | N27: =G28+G32+G35 -> 0 | O27: =H28+H32+H35 -> 0 | P27: =I28+I32+I35 -> 0
A28: de execuție, din care | B28: 140 | C28: 8.18 | F28: x | J28: muncitori | K28: =D36 -> 0 | L28: =E36 -> 0 | M28: =F36 -> x | N28: =G36 -> 0 | O28: =H36 -> 0 | P28: =I36 -> 0
A29: cadre didactice de sprijin | B29: 147 | C29: 8.19 | F29: x | J29: Total | K29: =K26+K27+K28 -> 0 | L29: =L26+L27+L28 -> 0 | M29: =M26+M27+M28 -> #VALUE! | N29: =N26+N27+N28 -> 0 | O29: =O26+O27+O28 -> 0 | P29: =P26+P27+P28 -> 0
A30: funcții de specialitate, inclusiv | B30: 106 | C30: 8.20 | F30: x | J30: control | K30: =K29-D25 -> 0 | L30: =L29-E25 -> 0 | M30: =M29-F25 -> #VALUE! | N30: =N29-G25 -> 0 | O30: =O29-H25 -> 0 | P30: =P29-I25 -> 0
A31: de conducere | B31: 120 | C31: 8.21 | F31: x
A32: de execuție | B32: 140 | C32: 8.22 | F32: x
A33: funcții complexe, inclusiv | B33: 107 | C33: 8.23 | F33: x
A34: de conducere | B34: 120 | C34: 8.24 | F34: x
A35: de execuție | B35: 140 | C35: 8.25 | F35: x
A36: muncitori | B36: 175 | C36: 8.26 | F36: x
A37: Numărul personalului didactic beneficiar de compensații anuale, inclusiv | B37: 108 | C37: 8.27 | D37: =D38+D39 -> 66 | E37: =E38+E39 -> 70 | F37: x | G37: x | H37: =H38+H39 -> 66 | I37: =I38+I39 -> 68
A38: cu funcție de conducere | B38: 120 | C38: 8.28 | D38: 5 | E38: 5 | F38: x | G38: x | H38: =D38 -> 5 | I38: 5
A39: cu funcție de execuție | B39: 140 | C39: 8.29 | D39: 61 | E39: 65 | F39: x | G39: x | H39: =D39 -> 61 | I39: 63
A40: Retibuirea muncii în total, inclusiv | B40: 500 | C40: 8.30 | D40: x | E40: x | F40: =F41+F45+F48 -> 0 | G40: =G41+G45+G48 -> 0 | H40: x | I40: x
A41: funcții didactice, inclusiv | B41: 501 | C41: 8.31 | D41: x | E41: x | H41: x | I41: x
A42: de conducere | B42: 510 | C42: 8.32 | D42: x | E42: x | H42: x | I42: x
A43: de execuție, din care | B43: 540 | C43: 8.33 | D43: x | E43: x | H43: x | I43: x
A44: cadre didactice de sprijin | B44: 148 | C44: 8.34 | D44: x | E44: x | H44: x | I44: x
A45: funcții de specialitate, inclusiv | B45: 502 | C45: 8.35 | D45: x | E45: x | H45: x | I45: x
A46: de conducere | B46: 510 | C46: 8.36 | D46: x | E46: x | H46: x | I46: x
A47: de execuție | B47: 540 | C47: 8.37 | D47: x | E47: x | H47: x | I47: x
A48: funcții complexe, inclusiv | B48: 503 | C48: 8.38 | D48: x | E48: x | H48: x | I48: x
A49: de conducere | B49: 510 | C49: 8.39 | D49: x | E49: x | H49: x | I49: x
A50: de execuție | B50: 540 | C50: 8.40 | D50: x | E50: x | H50: x | I50: x
A51: muncitori | B51: 555 | C51: 8.41 | D51: x | E51: x | H51: x | I51: x
A52: Clase în total, inclusiv: | B52: 1100 | C52: 8.42
A53: clasele 1-4 | B53: 1101 | C53: 8.43
A54: clasele 5-9 | B54: 1102 | C54: 8.44
A55: clasele 10-12 | B55: 1103 | C55: 8.45
A56: Clase cu profil sportiv, inclusiv: | B56: 1110 | C56: 8.46
A57: clasele 1-4 | B57: 1111 | C57: 8.47
A58: clasele 5-9 | B58: 1112 | C58: 8.48
A59: clasele 10-12 | B59: 1113 | C59: 8.49
A60: Elevi în total, inclusiv: | B60: 1120 | C60: 8.50
A61: clasele 1-4 | B61: 1121 | C61: 8.51
A62: clasele 5-9 | B62: 1122 | C62: 8.52
A63: clasele 10-12 | B63: 1123 | C63: 8.53
... A74: Elevi alimentați din clasele 9-12, din licee-internat cu profil sportiv | B74: 1047 | C74: 8.64
A75: Zile de alimentare a elevilor, în total | B75: 1050 | C75: 8.65 | D75: x | E75: x | H75: x | I75: x
A76: Zile de alimentare a elevilor din clasele 1-4, asigurați cu micul dejun | B76: 1051 | C76: 8.66 | D76: x | E76: x | H76: x | I76: x
A77: Zile de alimentare a elevilor din clasele 5-9(12),ce beneficiaza de alimentație | B77: 1052 | C77: 8.67 | D77: x | E77: x | H77: x | I77: x
A78: Zile de alimentare a elevilor, din grupe cu regim prelungit | B78: 1053 | C78: 8.68 | D78: x | E78: x | H78: x | I78: x
A79: Zile de alimentare a altor categorii de elevi alimentați | B79: 1055 | C79: 8.69 | D79: x | E79: x | H79: x | I79: x
A80: Zile de alimentare a elevilor din clasele 5-8, din licee-internat cu profil sportiv | B80: 1056 | C80: 8.70 | D80: x | E80: x | H80: x | I80: x
A81: Zile de alimentare a elevilor din clasele 9-12, din licee-internat cu profil sportiv | B81: 1057 | C81: 8.71 | D81: x | E81: x | H81: x | I81: x
A82: Cheltuieli pentru alimentarea elevilor, în total, inclusiv | B82: 1060 | C82: 8.72 | D82: x | E82: x | H82: x | I82: x
A83: Cheltuieli pentru alimentarea elevilor din clasele 1-4, asigurați cu micul dejun | B83: 1061 | C83: 8.73 | D83: x | E83: x | H83: x | I83: x
A84: Cheltuieli pentru alimentarea elevilor din clasele 5-9(12), ce beneficiază de alimentație | B84: 1062 | C84: 8.74 | E84: x | H84: x
A85: Cheltuieli pentru alimentarea elevilor, din grupele cu regim prelungit | B85: 1063 | C85: 8.75 | D85: x | E85: x | H85: x | I85: x
A86: Cheltuieli pentru alimentarea altor categorii de elevi alimentați | B86: 1065 | C86: 8.76 | D86: x | E86: x | H86: x | I86: x
A87: Cheltuieli pentru alimentarea elevilor din clasele 5-8, din licee-internat cu profil sportiv | B87: 1066 | C87: 8.77 | D87: x | E87: x | H87: x | I87: x
A88: Cheltuieli pentru alimentarea elevilor din clasele 9-12, din licee-internat cu profil sportiv | B88: 1067 | C88: 8.78 | D88: x | E88: x | H88: x | I88: x
A89: Cheltuieli pentru acordarea compensațiilor bănești anuale cadrelor didactice | B89: 504 | C89: 8.79 | D89: x | E89: x | F89: 280000 | G89: 272000 | H89: x | I89: x
F91: =F89/4000 -> 70 | G91: =G89/4000 -> 68

Sheet Lomonosov
H2: lomonos
A3: Aprobat prin ordinul Ministrului
A4: al Finanţelor al Republicii Moldova
A5: nr.___________al___________
A6: Retea, state si contingente ale instituriilor
A7: în perioada Tr.2 -2024 | J7: FD-048-BL
A8: Denumirea indicatorului | B8: codificatorul formularului | C8: Codul rindului | D8: Aprobat la inceputul anului | E8: Aprobat la sfirsitul anului | F8: Numarul mediu prevazut pe an | G8: Numarul mediu realizat la 30.09.2025 | H8: Real incadrat la începutul anului | I8: Real incadrat la sfîrsitul perioadei | J8: 09867 | K8: 0922 | L8: 8806 | M8: 00492 | N8: 0300
A9: 1 | B9: 2 | C9: 3 | D9: 4 | E9: 5 | F9: 6 | G9: 7 | H9: 8 | I9: 9
A10: RAPORT nr. 3-8 privind învățămîntul primar, gimnazial și liceal | C10: 8
A11: Instituții în total, inclusiv | B11: 1 | C11: 8.1 | F11: x | G11: x
A12: filiale | B12: 10 | C12: 8.2 | F12: x | G12: x
A13: Unități în state (posturi) în total, inclusiv | B13: 101 | C13: 8.3 | K13: Aprobat la inceputul anului | L13: Aprobat la sfirsitul anului | M13: Numarul mediu prevazut pe an | N13: Numarul mediu realizat la 01.01.2020 | O13: Real incadrat la începutul anului | P13: Real incadratla sfîrsitul perioadei
A14: funcții didactice, inclusiv | B14: 102 | C14: 8.4 | J14: cond. | K14: =D15+D19+D22 -> 0 | L14: =E15+E19+E22 -> 0 | M14: =F15+F19+F22 -> 0 | N14: =G15+G19+G22 -> 0 | O14: =H15+H19+H22 -> 0 | P14: =I15+I19+I22 -> 0
A15: de conducere | B15: 126 | C15: 8.5 | J15: exec | K15: =D16+D20+D23 -> 0 | L15: =E16+E20+E23 -> 0 | M15: =F16+F20+F23 -> 0 | N15: =G16+G20+G23 -> 0 | O15: =H16+H20+H23 -> 0 | P15: =I16+I20+I23 -> 0
A16: de execuție din care | B16: 145 | C16: 8.6 | J16: muncitori | K16: =D24 -> 0 | L16: =E24 -> 0 | M16: =F24 -> 0 | N16: =G24 -> 0 | O16: =H24 -> 0 | P16: =I24 -> 0
A17: cadre didactice de sprijin | B17: 146 | C17: 8.7 | J17: Total | K17: =K14+K15+K16 -> 0 | L17: =L14+L15+L16 -> 0 | M17: =M14+M15+M16 -> 0 | N17: =N14+N15+N16 -> 0 | O17: =O14+O15+O16 -> 0 | P17: =P14+P15+P16 -> 0
A18: funcții de specialitate, inclusiv | B18: 103 | C18: 8.8 | J18: control | K18: =D13-K17 -> 0 | L18: =E13-L17 -> 0 | M18: =F13-M17 -> 0 | N18: =G13-N17 -> 0 | O18: =H13-O17 -> 0 | P18: =I13-P17 -> 0
A19: de conducere | B19: 126 | C19: 8.9
A20: de execuție | B20: 145 | C20: 8.10
A21: funcții complexe, inclusiv | B21: 104 | C21: 8.11
A22: de conducere | B22: 126 | C22: 8.12
A23: de execuție | B23: 145 | C23: 8.13
A24: muncitori | B24: 177 | C24: 8.14
A25: Personal angajat în total, inclusiv | B25: 100 | C25: 8.15 | D25: =D26+D30+D33 -> 0 | E25: =E26+E30+E33 -> 0 | F25: x | G25: =G26+G30+G33 -> 0 | H25: =H26+H30+H33 -> 0 | I25: =I26+I30+I33 -> 0 | K25: Aprobat la inceputul anului | L25: Aprobat la sfirsitul anului | M25: Numarul mediu prevazut pe an | N25: Numarul mediu realizat la 01.01.2020 | O25: Real incadrat la începutul anului | P25: Real incadratla sfîrsitul perioadei
A26: funcții didactice, inclusiv | B26: 105 | C26: 8.16 | F26: x | J26: cond. | K26: =D27+D31+D34 -> 0 | L26: =E27+E31+E34 -> 0 | M26: =F27+F31+F34 -> #VALUE! | N26: =G27+G31+G34 -> 0 | O26: =H27+H31+H34 -> 0 | P26: =I27+I31+I34 -> 0
A27: de conducere | B27: 120 | C27: 8.17 | F27: x | J27: exec | K27: =D28+D32+D35 -> 0 | L27: =E28+E32+E35 -> 0 | M27: =F28+F32+F35 -> #VALUE! | N27: =G28+G32+G35 -> 0 | O27: =H28+H32+H35 -> 0 | P27: =I28+I32+I35 -> 0
A28: de execuție, din care | B28: 140 | C28: 8.18 | F28: x | J28: muncitori | K28: =D36 -> 0 | L28: =E36 -> 0 | M28: =F36 -> x | N28: =G36 -> 0 | O28: =H36 -> 0 | P28: =I36 -> 0
A29: cadre didactice de sprijin | B29: 147 | C29: 8.19 | F29: x | J29: Total | K29: =K26+K27+K28 -> 0 | L29: =L26+L27+L28 -> 0 | M29: =M26+M27+M28 -> #VALUE! | N29: =N26+N27+N28 -> 0 | O29: =O26+O27+O28 -> 0 | P29: =P26+P27+P28 -> 0
A30: funcții de specialitate, inclusiv | B30: 106 | C30: 8.20 | F30: x | J30: control | K30: =K29-D25 -> 0 | L30: =L29-E25 -> 0 | M30: =M29-F25 -> #VALUE! | N30: =N29-G25 -> 0 | O30: =O29-H25 -> 0 | P30: =P29-I25 -> 0
A31: de conducere | B31: 120 | C31: 8.21 | F31: x | K31: 78 | L31: 78 | M31: X | N31: 75 | O31: 78 | P31: 80
A32: de execuție | B32: 140 | C32: 8.22 | F32: x
A33: funcții complexe, inclusiv | B33: 107 | C33: 8.23 | F33: x
A34: de conducere | B34: 120 | C34: 8.24 | F34: x
A35: de execuție | B35: 140 | C35: 8.25 | F35: x
A36: muncitori | B36: 175 | C36: 8.26 | F36: x
A37: Numărul personalului didactic beneficiar de compensații anuale, inclusiv | B37: 108 | C37: 8.27 | D37: =D38+D39 -> 48 | E37: =E38+E39 -> 48 | F37: x | G37: x | H37: =H38+H39 -> 48 | I37: =I38+I39 -> 48
A38: cu funcție de conducere | B38: 120 | C38: 8.28 | D38: 4 | E38: 4 | F38: x | G38: x | H38: =D38 -> 4 | I38: 4
A39: cu funcție de execuție | B39: 140 | C39: 8.29 | D39: 44 | E39: 44 | F39: x | G39: x | H39: =D39 -> 44 | I39: 44
A40: Retibuirea muncii în total, inclusiv | B40: 500 | C40: 8.30 | D40: x | E40: x | F40: =F41+F45+F48 -> 0 | G40: =G41+G45+G48 -> 0 | H40: x | I40: x
A41: funcții didactice, inclusiv | B41: 501 | C41: 8.31 | D41: x | E41: x | H41: x | I41: x
A42: de conducere | B42: 510 | C42: 8.32 | D42: x | E42: x | H42: x | I42: x
A43: de execuție, din care | B43: 540 | C43: 8.33 | D43: x | E43: x | H43: x | I43: x
A44: cadre didactice de sprijin | B44: 148 | C44: 8.34 | D44: x | E44: x | H44: x | I44: x
A45: funcții de specialitate, inclusiv | B45: 502 | C45: 8.35 | D45: x | E45: x | H45: x | I45: x
A46: de conducere | B46: 510 | C46: 8.36 | D46: x | E46: x | H46: x | I46: x
A47: de execuție | B47: 540 | C47: 8.37 | D47: x | E47: x | H47: x | I47: x
A48: funcții complexe, inclusiv | B48: 503 | C48: 8.38 | D48: x | E48: x | H48: x | I48: x
A49: de conducere | B49: 510 | C49: 8.39 | D49: x | E49: x | H49: x | I49: x
A50: de execuție | B50: 540 | C50: 8.40 | D50: x | E50: x | H50: x | I50: x
A51: muncitori | B51: 555 | C51: 8.41 | D51: x | E51: x | H51: x | I51: x
A52: Clase în total, inclusiv: | B52: 1100 | C52: 8.42
A53: clasele 1-4 | B53: 1101 | C53: 8.43
A54: clasele 5-9 | B54: 1102 | C54: 8.44
A55: clasele 10-12 | B55: 1103 | C55: 8.45
A56: Clase cu profil sportiv, inclusiv: | B56: 1110 | C56: 8.46
A57: clasele 1-4 | B57: 1111 | C57: 8.47
A58: clasele 5-9 | B58: 1112 | C58: 8.48
A59: clasele 10-12 | B59: 1113 | C59: 8.49
A60: Elevi în total, inclusiv: | B60: 1120 | C60: 8.50
A61: clasele 1-4 | B61: 1121 | C61: 8.51
A62: clasele 5-9 | B62: 1122 | C62: 8.52
A63: clasele 10-12 | B63: 1123 | C63: 8.53
... A74: Elevi alimentați din clasele 9-12, din licee-internat cu profil sportiv | B74: 1047 | C74: 8.64
A75: Zile de alimentare a elevilor, în total | B75: 1050 | C75: 8.65 | D75: x | E75: x | H75: x | I75: x
A76: Zile de alimentare a elevilor din clasele 1-4, asigurați cu micul dejun | B76: 1051 | C76: 8.66 | D76: x | E76: x | H76: x | I76: x
A77: Zile de alimentare a elevilor din clasele 5-9(12),ce beneficiaza de alimentație | B77: 1052 | C77: 8.67 | D77: x | E77: x | H77: x | I77: x
A78: Zile de alimentare a elevilor, din grupe cu regim prelungit | B78: 1053 | C78: 8.68 | D78: x | E78: x | H78: x | I78: x
A79: Zile de alimentare a altor categorii de elevi alimentați | B79: 1055 | C79: 8.69 | D79: x | E79: x | H79: x | I79: x
A80: Zile de alimentare a elevilor din clasele 5-8, din licee-internat cu profil sportiv | B80: 1056 | C80: 8.70 | D80: x | E80: x | H80: x | I80: x
A81: Zile de alimentare a elevilor din clasele 9-12, din licee-internat cu profil sportiv | B81: 1057 | C81: 8.71 | D81: x | E81: x | H81: x | I81: x
A82: Cheltuieli pentru alimentarea elevilor, în total, inclusiv | B82: 1060 | C82: 8.72 | D82: x | E82: x | H82: x | I82: x
A83: Cheltuieli pentru alimentarea elevilor din clasele 1-4, asigurați cu micul dejun | B83: 1061 | C83: 8.73 | D83: x | E83: x | H83: x | I83: x
A84: Cheltuieli pentru alimentarea elevilor din clasele 5-9(12), ce beneficiază de alimentație | B84: 1062 | C84: 8.74 | E84: x | H84: x
A85: Cheltuieli pentru alimentarea elevilor, din grupele cu regim prelungit | B85: 1063 | C85: 8.75 | D85: x | E85: x | H85: x | I85: x
A86: Cheltuieli pentru alimentarea altor categorii de elevi alimentați | B86: 1065 | C86: 8.76 | D86: x | E86: x | H86: x | I86: x
A87: Cheltuieli pentru alimentarea elevilor din clasele 5-8, din licee-internat cu profil sportiv | B87: 1066 | C87: 8.77 | D87: x | E87: x | H87: x | I87: x
A88: Cheltuieli pentru alimentarea elevilor din clasele 9-12, din licee-internat cu profil sportiv | B88: 1067 | C88: 8.78 | D88: x | E88: x | H88: x | I88: x
A89: Cheltuieli pentru acordarea compensațiilor bănești anuale cadrelor didactice | B89: 504 | C89: 8.79 | D89: x | E89: x | F89: 192000 | G89: 192000 | H89: x | I89: x
F91: =F89/4000 -> 48 | G91: =G89/4000 -> 48

Sheet Gorki
H2: gorkii
A3: Aprobat prin ordinul Ministrului
A4: al Finanţelor al Republicii Moldova
A5: nr.___________al___________
A6: Retea, state si contingente ale instituriilor
A7: în perioada Tr.2 -2024 | J7: FD-048-BL
A8: Denumirea indicatorului | B8: codificatorul formularului | C8: Codul rindului | D8: Aprobat la inceputul anului | E8: Aprobat la sfirsitul anului | F8: Numarul mediu prevazut pe an | G8: Numarul mediu realizat la 30.09.2025 | H8: Real incadrat la începutul anului | I8: Real incadrat la sfîrsitul perioadei | J8: 09870 | K8: 0922 | L8: 8806 | M8: 00492 | N8: 0300
A9: 1 | B9: 2 | C9: 3 | D9: 4 | E9: 5 | F9: 6 | G9: 7 | H9: 8 | I9: 9
A10: RAPORT nr. 3-8 privind învățămîntul primar, gimnazial și liceal | C10: 8
A11: Instituții în total, inclusiv | B11: 1 | C11: 8.1 | F11: x | G11: x
A12: filiale | B12: 10 | C12: 8.2 | F12: x | G12: x
A13: Unități în state (posturi) în total, inclusiv | B13: 101 | C13: 8.3 | K13: Aprobat la inceputul anului | L13: Aprobat la sfirsitul anului | M13: Numarul mediu prevazut pe an | N13: Numarul mediu realizat la 01.01.2020 | O13: Real incadrat la începutul anului | P13: Real incadratla sfîrsitul perioadei
A14: funcții didactice, inclusiv | B14: 102 | C14: 8.4 | J14: cond. | K14: =D15+D19+D22 -> 0 | L14: =E15+E19+E22 -> 0 | M14: =F15+F19+F22 -> 0 | N14: =G15+G19+G22 -> 0 | O14: =H15+H19+H22 -> 0 | P14: =I15+I19+I22 -> 0
